timestamp,heart rate zone type,kcal,data source
2026-05-01T00:00:00Z,HEART_RATE_ZONE_TYPE_UNSPECIFIED,1.13654,Fitbit App
2026-05-01T00:01:00Z,HEART_RATE_ZONE_TYPE_UNSPECIFIED,1.13654,Fitbit App
2026-05-01T00:02:00Z,HEART_RATE_ZONE_TYPE_UNSPECIFIED,1.13654,Fitbit App
2026-05-01T00:02:48Z,HEART_RATE_ZONE_TYPE_UNSPECIFIED,2.955004,Fitbit App
2026-05-01T00:03:48Z,HEART_RATE_ZONE_TYPE_UNSPECIFIED,2.955004,Fitbit App
2026-05-01T00:04:48Z,HEART_RATE_ZONE_TYPE_UNSPECIFIED,4.091544000000001,Fitbit App
2026-05-01T00:05:48Z,HEART_RATE_ZONE_TYPE_UNSPECIFIED,3.182312,Fitbit App
2026-05-01T00:06:48Z,HEART_RATE_ZONE_TYPE_UNSPECIFIED,1.13654,Fitbit App
2026-05-01T00:07:48Z,HEART_RATE_ZONE_TYPE_UNSPECIFIED,1.13654,Fitbit App
2026-05-01T00:08:48Z,HEART_RATE_ZONE_TYPE_UNSPECIFIED,1.13654,Fitbit App
2026-05-01T00:09:48Z,HEART_RATE_ZONE_TYPE_UNSPECIFIED,1.13654,Fitbit App
2026-05-01T00:10:48Z,HEART_RATE_ZONE_TYPE_UNSPECIFIED,1.13654,Fitbit App
2026-05-01T00:11:48Z,HEART_RATE_ZONE_TYPE_UNSPECIFIED,1.13654,Fitbit App
2026-05-01T00:12:48Z,HEART_RATE_ZONE_TYPE_UNSPECIFIED,1.13654,Fitbit App
2026-05-01T00:13:48Z,HEART_RATE_ZONE_TYPE_UNSPECIFIED,1.13654,Fitbit App
2026-05-01T00:14:48Z,HEART_RATE_ZONE_TYPE_UNSPECIFIED,1.13654,Fitbit App
2026-05-01T00:15:48Z,HEART_RATE_ZONE_TYPE_UNSPECIFIED,1.13654,Fitbit App
2026-05-01T00:16:48Z,HEART_RATE_ZONE_TYPE_UNSPECIFIED,1.13654,Fitbit App
2026-05-01T00:17:48Z,HEART_RATE_ZONE_TYPE_UNSPECIFIED,1.13654,Fitbit App
2026-05-01T00:18:48Z,HEART_RATE_ZONE_TYPE_UNSPECIFIED,1.13654,Fitbit App
2026-05-01T00:19:48Z,HEART_RATE_ZONE_TYPE_UNSPECIFIED,1.13654,Fitbit App
2026-05-01T00:20:48Z,HEART_RATE_ZONE_TYPE_UNSPECIFIED,1.13654,Fitbit App
2026-05-01T00:21:48Z,HEART_RATE_ZONE_TYPE_UNSPECIFIED,1.13654,Fitbit App
2026-05-01T00:22:48Z,HEART_RATE_ZONE_TYPE_UNSPECIFIED,2.7276960000000003,Fitbit App
2026-05-01T00:23:48Z,HEART_RATE_ZONE_TYPE_UNSPECIFIED,3.182312,Fitbit App
2026-05-01T00:24:48Z,HEART_RATE_ZONE_TYPE_UNSPECIFIED,2.955004,Fitbit App
2026-05-01T00:25:48Z,HEART_RATE_ZONE_TYPE_UNSPECIFIED,3.8642360000000004,Fitbit App
2026-05-01T00:26:48Z,HEART_RATE_ZONE_TYPE_UNSPECIFIED,3.4096200000000003,Fitbit App
2026-05-01T00:27:48Z,HEART_RATE_ZONE_TYPE_UNSPECIFIED,1.13654,Fitbit App
2026-05-01T00:28:48Z,HEART_RATE_ZONE_TYPE_UNSPECIFIED,3.182312,Fitbit App
2026-05-01T00:29:48Z,HEART_RATE_ZONE_TYPE_UNSPECIFIED,3.6369280000000006,Fitbit App
2026-05-01T00:30:48Z,HEART_RATE_ZONE_TYPE_UNSPECIFIED,3.4096200000000003,Fitbit App
2026-05-01T00:31:48Z,HEART_RATE_ZONE_TYPE_UNSPECIFIED,2.7276960000000003,Fitbit App
2026-05-01T00:32:48Z,HEART_RATE_ZONE_TYPE_UNSPECIFIED,2.955004,Fitbit App
2026-05-01T00:33:48Z,HEART_RATE_ZONE_TYPE_UNSPECIFIED,2.955004,Fitbit App
2026-05-01T00:34:48Z,HEART_RATE_ZONE_TYPE_UNSPECIFIED,2.7276960000000003,Fitbit App
2026-05-01T00:35:48Z,HEART_RATE_ZONE_TYPE_UNSPECIFIED,2.955004,Fitbit App
2026-05-01T00:36:48Z,HEART_RATE_ZONE_TYPE_UNSPECIFIED,1.13654,Fitbit App
2026-05-01T00:37:48Z,HEART_RATE_ZONE_TYPE_UNSPECIFIED,2.955004,Fitbit App
2026-05-01T00:38:48Z,HEART_RATE_ZONE_TYPE_UNSPECIFIED,2.7276960000000003,Fitbit App
2026-05-01T00:39:48Z,HEART_RATE_ZONE_TYPE_UNSPECIFIED,3.182312,Fitbit App
2026-05-01T00:40:48Z,HEART_RATE_ZONE_TYPE_UNSPECIFIED,2.955004,Fitbit App
2026-05-01T00:41:48Z,HEART_RATE_ZONE_TYPE_UNSPECIFIED,3.4096200000000003,Fitbit App
2026-05-01T00:42:48Z,HEART_RATE_ZONE_TYPE_UNSPECIFIED,2.955004,Fitbit App
2026-05-01T00:43:48Z,HEART_RATE_ZONE_TYPE_UNSPECIFIED,2.7276960000000003,Fitbit App
2026-05-01T00:44:48Z,HEART_RATE_ZONE_TYPE_UNSPECIFIED,3.4096200000000003,Fitbit App
2026-05-01T00:45:48Z,HEART_RATE_ZONE_TYPE_UNSPECIFIED,2.7276960000000003,Fitbit App
2026-05-01T00:46:03Z,HEART_RATE_ZONE_TYPE_UNSPECIFIED,3.4096200000000003,Fitbit App
2026-05-01T00:47:03Z,HEART_RATE_ZONE_TYPE_UNSPECIFIED,1.13654,Fitbit App
2026-05-01T00:48:03Z,HEART_RATE_ZONE_TYPE_UNSPECIFIED,2.7276960000000003,Fitbit App
2026-05-01T00:49:03Z,HEART_RATE_ZONE_TYPE_UNSPECIFIED,3.182312,Fitbit App
2026-05-01T00:50:03Z,HEART_RATE_ZONE_TYPE_UNSPECIFIED,3.182312,Fitbit App
2026-05-01T00:51:03Z,HEART_RATE_ZONE_TYPE_UNSPECIFIED,1.13654,Fitbit App
2026-05-01T00:52:03Z,HEART_RATE_ZONE_TYPE_UNSPECIFIED,2.955004,Fitbit App
2026-05-01T00:53:03Z,HEART_RATE_ZONE_TYPE_UNSPECIFIED,3.6369280000000006,Fitbit App
2026-05-01T00:54:03Z,HEART_RATE_ZONE_TYPE_UNSPECIFIED,2.955004,Fitbit App
2026-05-01T00:55:03Z,HEART_RATE_ZONE_TYPE_UNSPECIFIED,2.7276960000000003,Fitbit App
2026-05-01T00:56:03Z,HEART_RATE_ZONE_TYPE_UNSPECIFIED,3.182312,Fitbit App
2026-05-01T00:57:03Z,HEART_RATE_ZONE_TYPE_UNSPECIFIED,1.13654,Fitbit App
2026-05-01T00:58:03Z,HEART_RATE_ZONE_TYPE_UNSPECIFIED,1.13654,Fitbit App
2026-05-01T00:59:03Z,HEART_RATE_ZONE_TYPE_UNSPECIFIED,2.955004,Fitbit App
2026-05-01T01:00:03Z,HEART_RATE_ZONE_TYPE_UNSPECIFIED,3.6369280000000006,Fitbit App
2026-05-01T01:01:03Z,HEART_RATE_ZONE_TYPE_UNSPECIFIED,3.6369280000000006,Fitbit App
2026-05-01T01:02:03Z,HEART_RATE_ZONE_TYPE_UNSPECIFIED,4.091544000000001,Fitbit App
2026-05-01T01:03:03Z,HEART_RATE_ZONE_TYPE_UNSPECIFIED,4.318852000000001,Fitbit App
2026-05-01T01:04:03Z,HEART_RATE_ZONE_TYPE_UNSPECIFIED,2.955004,Fitbit App
2026-05-01T01:05:03Z,HEART_RATE_ZONE_TYPE_UNSPECIFIED,3.4096200000000003,Fitbit App
2026-05-01T01:06:03Z,HEART_RATE_ZONE_TYPE_UNSPECIFIED,1.13654,Fitbit App
2026-05-01T01:07:03Z,HEART_RATE_ZONE_TYPE_UNSPECIFIED,1.13654,Fitbit App
2026-05-01T01:08:03Z,HEART_RATE_ZONE_TYPE_UNSPECIFIED,1.13654,Fitbit App
2026-05-01T01:09:03Z,HEART_RATE_ZONE_TYPE_UNSPECIFIED,1.13654,Fitbit App
2026-05-01T01:10:03Z,HEART_RATE_ZONE_TYPE_UNSPECIFIED,1.13654,Fitbit App
2026-05-01T01:11:03Z,HEART_RATE_ZONE_TYPE_UNSPECIFIED,1.13654,Fitbit App
2026-05-01T01:12:03Z,HEART_RATE_ZONE_TYPE_UNSPECIFIED,1.13654,Fitbit App
2026-05-01T01:13:03Z,HEART_RATE_ZONE_TYPE_UNSPECIFIED,1.13654,Fitbit App
2026-05-01T01:14:03Z,HEART_RATE_ZONE_TYPE_UNSPECIFIED,1.13654,Fitbit App
2026-05-01T01:15:03Z,HEART_RATE_ZONE_TYPE_UNSPECIFIED,1.13654,Fitbit App
2026-05-01T01:16:03Z,HEART_RATE_ZONE_TYPE_UNSPECIFIED,1.13654,Fitbit App
2026-05-01T01:17:03Z,HEART_RATE_ZONE_TYPE_UNSPECIFIED,2.7276960000000003,Fitbit App
2026-05-01T01:18:03Z,HEART_RATE_ZONE_TYPE_UNSPECIFIED,3.4096200000000003,Fitbit App
2026-05-01T01:19:03Z,HEART_RATE_ZONE_TYPE_UNSPECIFIED,3.182312,Fitbit App
2026-05-01T01:20:03Z,HEART_RATE_ZONE_TYPE_UNSPECIFIED,2.955004,Fitbit App
2026-05-01T01:21:03Z,HEART_RATE_ZONE_TYPE_UNSPECIFIED,4.773468,Fitbit App
2026-05-01T01:22:03Z,HEART_RATE_ZONE_TYPE_UNSPECIFIED,4.54616,Fitbit App
2026-05-01T01:23:03Z,HEART_RATE_ZONE_TYPE_UNSPECIFIED,3.4096200000000003,Fitbit App
2026-05-01T01:24:03Z,HEART_RATE_ZONE_TYPE_UNSPECIFIED,3.6369280000000006,Fitbit App
2026-05-01T01:25:03Z,HEART_RATE_ZONE_TYPE_UNSPECIFIED,3.182312,Fitbit App
2026-05-01T01:26:03Z,HEART_RATE_ZONE_TYPE_UNSPECIFIED,3.6369280000000006,Fitbit App
2026-05-01T01:27:03Z,HEART_RATE_ZONE_TYPE_UNSPECIFIED,3.6369280000000006,Fitbit App
2026-05-01T01:28:03Z,HEART_RATE_ZONE_TYPE_UNSPECIFIED,3.6369280000000006,Fitbit App
2026-05-01T01:29:03Z,HEART_RATE_ZONE_TYPE_UNSPECIFIED,3.6369280000000006,Fitbit App
2026-05-01T01:30:03Z,HEART_RATE_ZONE_TYPE_UNSPECIFIED,3.6369280000000006,Fitbit App
2026-05-01T01:31:03Z,HEART_RATE_ZONE_TYPE_UNSPECIFIED,3.6369280000000006,Fitbit App
2026-05-01T01:32:03Z,HEART_RATE_ZONE_TYPE_UNSPECIFIED,2.7276960000000003,Fitbit App
2026-05-01T01:33:03Z,HEART_RATE_ZONE_TYPE_UNSPECIFIED,3.6369280000000006,Fitbit App
2026-05-01T01:34:03Z,HEART_RATE_ZONE_TYPE_UNSPECIFIED,3.182312,Fitbit App
2026-05-01T01:35:03Z,HEART_RATE_ZONE_TYPE_UNSPECIFIED,2.7276960000000003,Fitbit App
2026-05-01T01:36:03Z,HEART_RATE_ZONE_TYPE_UNSPECIFIED,2.955004,Fitbit App
2026-05-01T01:37:03Z,HEART_RATE_ZONE_TYPE_UNSPECIFIED,3.4096200000000003,Fitbit App
2026-05-01T01:38:03Z,HEART_RATE_ZONE_TYPE_UNSPECIFIED,2.7276960000000003,Fitbit App
2026-05-01T01:39:03Z,HEART_RATE_ZONE_TYPE_UNSPECIFIED,3.182312,Fitbit App
2026-05-01T01:40:03Z,HEART_RATE_ZONE_TYPE_UNSPECIFIED,3.182312,Fitbit App
2026-05-01T01:41:03Z,HEART_RATE_ZONE_TYPE_UNSPECIFIED,3.6369280000000006,Fitbit App
2026-05-01T01:42:03Z,HEART_RATE_ZONE_TYPE_UNSPECIFIED,3.8642360000000004,Fitbit App
2026-05-01T01:43:03Z,HEART_RATE_ZONE_TYPE_UNSPECIFIED,2.7276960000000003,Fitbit App
2026-05-01T01:44:03Z,HEART_RATE_ZONE_TYPE_UNSPECIFIED,3.182312,Fitbit App
2026-05-01T01:45:03Z,HEART_RATE_ZONE_TYPE_UNSPECIFIED,2.955004,Fitbit App
2026-05-01T01:46:03Z,HEART_RATE_ZONE_TYPE_UNSPECIFIED,2.955004,Fitbit App
2026-05-01T01:47:03Z,HEART_RATE_ZONE_TYPE_UNSPECIFIED,4.773468,Fitbit App
2026-05-01T01:48:03Z,HEART_RATE_ZONE_TYPE_UNSPECIFIED,4.318852000000001,Fitbit App
2026-05-01T01:49:03Z,HEART_RATE_ZONE_TYPE_UNSPECIFIED,6.705586000000001,Fitbit App
2026-05-01T01:50:03Z,HEART_RATE_ZONE_TYPE_UNSPECIFIED,6.932894,Fitbit App
2026-05-01T01:51:03Z,HEART_RATE_ZONE_TYPE_UNSPECIFIED,3.182312,Fitbit App
2026-05-01T01:52:03Z,HEART_RATE_ZONE_TYPE_UNSPECIFIED,2.7276960000000003,Fitbit App
2026-05-01T01:53:03Z,HEART_RATE_ZONE_TYPE_UNSPECIFIED,4.773468,Fitbit App
2026-05-01T01:54:03Z,HEART_RATE_ZONE_TYPE_UNSPECIFIED,3.182312,Fitbit App
2026-05-01T01:55:03Z,HEART_RATE_ZONE_TYPE_UNSPECIFIED,6.478278,Fitbit App
2026-05-01T01:56:03Z,HEART_RATE_ZONE_TYPE_UNSPECIFIED,8.52405,Fitbit App
2026-05-01T01:57:03Z,HEART_RATE_ZONE_TYPE_UNSPECIFIED,4.318852000000001,Fitbit App
2026-05-01T01:58:03Z,HEART_RATE_ZONE_TYPE_UNSPECIFIED,8.978666,Fitbit App
2026-05-01T01:59:03Z,HEART_RATE_ZONE_TYPE_UNSPECIFIED,3.182312,Fitbit App
2026-05-01T02:00:03Z,HEART_RATE_ZONE_TYPE_UNSPECIFIED,1.13654,Fitbit App
2026-05-01T02:01:03Z,HEART_RATE_ZONE_TYPE_UNSPECIFIED,2.955004,Fitbit App
2026-05-01T02:02:03Z,HEART_RATE_ZONE_TYPE_UNSPECIFIED,8.751358000000002,Fitbit App
2026-05-01T02:03:03Z,HEART_RATE_ZONE_TYPE_UNSPECIFIED,4.773468,Fitbit App
2026-05-01T02:04:03Z,HEART_RATE_ZONE_TYPE_UNSPECIFIED,7.160202000000001,Fitbit App
2026-05-01T02:05:03Z,HEART_RATE_ZONE_TYPE_UNSPECIFIED,6.705586000000001,Fitbit App
2026-05-01T02:06:03Z,HEART_RATE_ZONE_TYPE_UNSPECIFIED,3.182312,Fitbit App
2026-05-01T02:07:03Z,HEART_RATE_ZONE_TYPE_UNSPECIFIED,3.182312,Fitbit App
2026-05-01T02:08:03Z,HEART_RATE_ZONE_TYPE_UNSPECIFIED,1.13654,Fitbit App
2026-05-01T02:09:03Z,HEART_RATE_ZONE_TYPE_UNSPECIFIED,1.13654,Fitbit App
2026-05-01T02:10:03Z,HEART_RATE_ZONE_TYPE_UNSPECIFIED,1.13654,Fitbit App
2026-05-01T02:11:03Z,HEART_RATE_ZONE_TYPE_UNSPECIFIED,1.13654,Fitbit App
2026-05-01T02:12:03Z,HEART_RATE_ZONE_TYPE_UNSPECIFIED,1.13654,Fitbit App
2026-05-01T02:13:03Z,HEART_RATE_ZONE_TYPE_UNSPECIFIED,1.13654,Fitbit App
2026-05-01T02:14:03Z,HEART_RATE_ZONE_TYPE_UNSPECIFIED,1.13654,Fitbit App
2026-05-01T02:15:03Z,HEART_RATE_ZONE_TYPE_UNSPECIFIED,1.13654,Fitbit App
2026-05-01T02:16:03Z,HEART_RATE_ZONE_TYPE_UNSPECIFIED,1.13654,Fitbit App
2026-05-01T02:17:03Z,HEART_RATE_ZONE_TYPE_UNSPECIFIED,1.13654,Fitbit App
2026-05-01T02:18:03Z,HEART_RATE_ZONE_TYPE_UNSPECIFIED,1.13654,Fitbit App
2026-05-01T02:19:03Z,HEART_RATE_ZONE_TYPE_UNSPECIFIED,1.13654,Fitbit App
2026-05-01T02:20:03Z,HEART_RATE_ZONE_TYPE_UNSPECIFIED,1.13654,Fitbit App
2026-05-01T02:21:03Z,HEART_RATE_ZONE_TYPE_UNSPECIFIED,1.13654,Fitbit App
2026-05-01T02:22:03Z,HEART_RATE_ZONE_TYPE_UNSPECIFIED,1.13654,Fitbit App
2026-05-01T02:23:03Z,HEART_RATE_ZONE_TYPE_UNSPECIFIED,1.13654,Fitbit App
2026-05-01T02:24:03Z,HEART_RATE_ZONE_TYPE_UNSPECIFIED,1.13654,Fitbit App
2026-05-01T02:25:03Z,HEART_RATE_ZONE_TYPE_UNSPECIFIED,1.13654,Fitbit App
2026-05-01T02:26:03Z,HEART_RATE_ZONE_TYPE_UNSPECIFIED,1.13654,Fitbit App
2026-05-01T02:27:03Z,HEART_RATE_ZONE_TYPE_UNSPECIFIED,1.13654,Fitbit App
2026-05-01T02:28:03Z,HEART_RATE_ZONE_TYPE_UNSPECIFIED,1.13654,Fitbit App
2026-05-01T02:29:03Z,HEART_RATE_ZONE_TYPE_UNSPECIFIED,1.13654,Fitbit App
2026-05-01T02:30:03Z,HEART_RATE_ZONE_TYPE_UNSPECIFIED,1.13654,Fitbit App
2026-05-01T02:31:03Z,HEART_RATE_ZONE_TYPE_UNSPECIFIED,2.7276960000000003,Fitbit App
2026-05-01T02:32:03Z,HEART_RATE_ZONE_TYPE_UNSPECIFIED,3.8642360000000004,Fitbit App
2026-05-01T02:33:03Z,HEART_RATE_ZONE_TYPE_UNSPECIFIED,4.773468,Fitbit App
2026-05-01T02:34:03Z,HEART_RATE_ZONE_TYPE_UNSPECIFIED,3.4096200000000003,Fitbit App
2026-05-01T02:35:03Z,HEART_RATE_ZONE_TYPE_UNSPECIFIED,4.773468,Fitbit App
2026-05-01T02:36:03Z,HEART_RATE_ZONE_TYPE_UNSPECIFIED,6.478278,Fitbit App
2026-05-01T02:37:03Z,HEART_RATE_ZONE_TYPE_UNSPECIFIED,7.6148180000000005,Fitbit App
2026-05-01T02:38:03Z,HEART_RATE_ZONE_TYPE_UNSPECIFIED,2.955004,Fitbit App
2026-05-01T02:39:03Z,HEART_RATE_ZONE_TYPE_UNSPECIFIED,2.7276960000000003,Fitbit App
2026-05-01T02:40:03Z,HEART_RATE_ZONE_TYPE_UNSPECIFIED,1.13654,Fitbit App
2026-05-01T02:41:03Z,HEART_RATE_ZONE_TYPE_UNSPECIFIED,1.13654,Fitbit App
2026-05-01T02:42:03Z,HEART_RATE_ZONE_TYPE_UNSPECIFIED,2.7276960000000003,Fitbit App
2026-05-01T02:43:03Z,HEART_RATE_ZONE_TYPE_UNSPECIFIED,3.4096200000000003,Fitbit App
2026-05-01T02:44:03Z,HEART_RATE_ZONE_TYPE_UNSPECIFIED,2.7276960000000003,Fitbit App
2026-05-01T02:45:03Z,HEART_RATE_ZONE_TYPE_UNSPECIFIED,1.13654,Fitbit App
2026-05-01T02:46:03Z,HEART_RATE_ZONE_TYPE_UNSPECIFIED,2.7276960000000003,Fitbit App
2026-05-01T02:47:03Z,HEART_RATE_ZONE_TYPE_UNSPECIFIED,3.6369280000000006,Fitbit App
2026-05-01T02:48:03Z,HEART_RATE_ZONE_TYPE_UNSPECIFIED,1.13654,Fitbit App
2026-05-01T02:49:03Z,HEART_RATE_ZONE_TYPE_UNSPECIFIED,1.13654,Fitbit App
2026-05-01T02:50:03Z,HEART_RATE_ZONE_TYPE_UNSPECIFIED,1.13654,Fitbit App
2026-05-01T02:51:03Z,HEART_RATE_ZONE_TYPE_UNSPECIFIED,1.13654,Fitbit App
2026-05-01T02:52:03Z,HEART_RATE_ZONE_TYPE_UNSPECIFIED,1.13654,Fitbit App
2026-05-01T02:53:03Z,HEART_RATE_ZONE_TYPE_UNSPECIFIED,1.13654,Fitbit App
2026-05-01T02:54:03Z,HEART_RATE_ZONE_TYPE_UNSPECIFIED,1.13654,Fitbit App
2026-05-01T02:55:03Z,HEART_RATE_ZONE_TYPE_UNSPECIFIED,1.13654,Fitbit App
2026-05-01T02:56:03Z,HEART_RATE_ZONE_TYPE_UNSPECIFIED,1.13654,Fitbit App
2026-05-01T02:57:03Z,HEART_RATE_ZONE_TYPE_UNSPECIFIED,1.13654,Fitbit App
2026-05-01T02:58:03Z,HEART_RATE_ZONE_TYPE_UNSPECIFIED,1.13654,Fitbit App
2026-05-01T02:59:03Z,HEART_RATE_ZONE_TYPE_UNSPECIFIED,1.13654,Fitbit App
2026-05-01T03:00:03Z,HEART_RATE_ZONE_TYPE_UNSPECIFIED,1.13654,Fitbit App
2026-05-01T03:01:03Z,HEART_RATE_ZONE_TYPE_UNSPECIFIED,2.7276960000000003,Fitbit App
2026-05-01T03:02:03Z,HEART_RATE_ZONE_TYPE_UNSPECIFIED,4.54616,Fitbit App
2026-05-01T03:03:03Z,HEART_RATE_ZONE_TYPE_UNSPECIFIED,3.4096200000000003,Fitbit App
2026-05-01T03:04:03Z,HEART_RATE_ZONE_TYPE_UNSPECIFIED,2.955004,Fitbit App
2026-05-01T03:05:03Z,HEART_RATE_ZONE_TYPE_UNSPECIFIED,2.955004,Fitbit App
2026-05-01T03:06:03Z,HEART_RATE_ZONE_TYPE_UNSPECIFIED,4.318852000000001,Fitbit App
2026-05-01T03:07:03Z,HEART_RATE_ZONE_TYPE_UNSPECIFIED,6.478278,Fitbit App
2026-05-01T03:08:03Z,HEART_RATE_ZONE_TYPE_UNSPECIFIED,4.091544000000001,Fitbit App
2026-05-01T03:09:03Z,HEART_RATE_ZONE_TYPE_UNSPECIFIED,4.318852000000001,Fitbit App
2026-05-01T03:10:03Z,HEART_RATE_ZONE_TYPE_UNSPECIFIED,6.932894,Fitbit App
2026-05-01T03:11:03Z,HEART_RATE_ZONE_TYPE_UNSPECIFIED,6.932954999999999,Fitbit App
2026-05-01T03:12:03Z,HEART_RATE_ZONE_TYPE_UNSPECIFIED,6.4783349999999995,Fitbit App
2026-05-01T03:13:03Z,HEART_RATE_ZONE_TYPE_UNSPECIFIED,3.1823399999999995,Fitbit App
2026-05-01T03:14:03Z,HEART_RATE_ZONE_TYPE_UNSPECIFIED,3.1823399999999995,Fitbit App
2026-05-01T03:15:03Z,HEART_RATE_ZONE_TYPE_UNSPECIFIED,4.77351,Fitbit App
2026-05-01T03:16:03Z,HEART_RATE_ZONE_TYPE_UNSPECIFIED,6.4783349999999995,Fitbit App
2026-05-01T03:17:03Z,HEART_RATE_ZONE_TYPE_UNSPECIFIED,2.7277199999999997,Fitbit App
2026-05-01T03:18:03Z,HEART_RATE_ZONE_TYPE_UNSPECIFIED,3.63696,Fitbit App
2026-05-01T03:19:03Z,HEART_RATE_ZONE_TYPE_UNSPECIFIED,2.95503,Fitbit App
2026-05-01T03:20:03Z,HEART_RATE_ZONE_TYPE_UNSPECIFIED,3.86427,Fitbit App
2026-05-01T03:21:03Z,HEART_RATE_ZONE_TYPE_UNSPECIFIED,4.5462,Fitbit App
2026-05-01T03:22:03Z,HEART_RATE_ZONE_TYPE_UNSPECIFIED,4.77351,Fitbit App
2026-05-01T03:23:03Z,HEART_RATE_ZONE_TYPE_UNSPECIFIED,6.932954999999999,Fitbit App
2026-05-01T03:24:03Z,HEART_RATE_ZONE_TYPE_UNSPECIFIED,4.31889,Fitbit App
2026-05-01T03:25:03Z,HEART_RATE_ZONE_TYPE_UNSPECIFIED,9.206055,Fitbit App
2026-05-01T03:26:03Z,HEART_RATE_ZONE_TYPE_UNSPECIFIED,7.842195,Fitbit App
2026-05-01T03:27:03Z,HEART_RATE_ZONE_TYPE_UNSPECIFIED,4.77351,Fitbit App
2026-05-01T03:28:03Z,HEART_RATE_ZONE_TYPE_UNSPECIFIED,6.4783349999999995,Fitbit App
2026-05-01T03:29:03Z,HEART_RATE_ZONE_TYPE_UNSPECIFIED,3.63696,Fitbit App
2026-05-01T03:30:03Z,HEART_RATE_ZONE_TYPE_UNSPECIFIED,3.40965,Fitbit App
2026-05-01T03:31:03Z,HEART_RATE_ZONE_TYPE_UNSPECIFIED,3.1823399999999995,Fitbit App
2026-05-01T03:32:03Z,HEART_RATE_ZONE_TYPE_UNSPECIFIED,7.160265,Fitbit App
2026-05-01T03:33:03Z,HEART_RATE_ZONE_TYPE_UNSPECIFIED,4.31889,Fitbit App
2026-05-01T03:34:03Z,HEART_RATE_ZONE_TYPE_UNSPECIFIED,3.40965,Fitbit App
2026-05-01T03:35:03Z,HEART_RATE_ZONE_TYPE_UNSPECIFIED,2.95503,Fitbit App
2026-05-01T03:36:03Z,HEART_RATE_ZONE_TYPE_UNSPECIFIED,3.1823399999999995,Fitbit App
2026-05-01T03:37:03Z,HEART_RATE_ZONE_TYPE_UNSPECIFIED,3.63696,Fitbit App
2026-05-01T03:38:03Z,HEART_RATE_ZONE_TYPE_UNSPECIFIED,3.40965,Fitbit App
2026-05-01T03:39:03Z,HEART_RATE_ZONE_TYPE_UNSPECIFIED,2.95503,Fitbit App
2026-05-01T03:40:03Z,HEART_RATE_ZONE_TYPE_UNSPECIFIED,1.13655,Fitbit App
2026-05-01T03:41:03Z,HEART_RATE_ZONE_TYPE_UNSPECIFIED,1.13655,Fitbit App
2026-05-01T03:42:03Z,HEART_RATE_ZONE_TYPE_UNSPECIFIED,2.95503,Fitbit App
2026-05-01T03:43:03Z,HEART_RATE_ZONE_TYPE_UNSPECIFIED,4.77351,Fitbit App
2026-05-01T03:44:03Z,HEART_RATE_ZONE_TYPE_UNSPECIFIED,3.63696,Fitbit App
2026-05-01T03:45:03Z,HEART_RATE_ZONE_TYPE_UNSPECIFIED,4.31889,Fitbit App
2026-05-01T03:46:03Z,HEART_RATE_ZONE_TYPE_UNSPECIFIED,4.31889,Fitbit App
2026-05-01T03:47:03Z,HEART_RATE_ZONE_TYPE_UNSPECIFIED,3.40965,Fitbit App
2026-05-01T03:48:03Z,HEART_RATE_ZONE_TYPE_UNSPECIFIED,1.13655,Fitbit App
2026-05-01T03:49:03Z,HEART_RATE_ZONE_TYPE_UNSPECIFIED,2.95503,Fitbit App
2026-05-01T03:50:03Z,HEART_RATE_ZONE_TYPE_UNSPECIFIED,4.31889,Fitbit App
2026-05-01T03:51:03Z,HEART_RATE_ZONE_TYPE_UNSPECIFIED,2.95503,Fitbit App
2026-05-01T03:52:03Z,HEART_RATE_ZONE_TYPE_UNSPECIFIED,3.40965,Fitbit App
2026-05-01T03:53:03Z,HEART_RATE_ZONE_TYPE_UNSPECIFIED,3.1823399999999995,Fitbit App
2026-05-01T03:54:03Z,HEART_RATE_ZONE_TYPE_UNSPECIFIED,3.1823399999999995,Fitbit App
2026-05-01T03:55:03Z,HEART_RATE_ZONE_TYPE_UNSPECIFIED,4.0915799999999996,Fitbit App
2026-05-01T03:56:03Z,HEART_RATE_ZONE_TYPE_UNSPECIFIED,4.0915799999999996,Fitbit App
2026-05-01T03:57:03Z,HEART_RATE_ZONE_TYPE_UNSPECIFIED,3.63696,Fitbit App
2026-05-01T03:58:03Z,HEART_RATE_ZONE_TYPE_UNSPECIFIED,1.13655,Fitbit App
2026-05-01T03:59:03Z,HEART_RATE_ZONE_TYPE_UNSPECIFIED,2.95503,Fitbit App
2026-05-01T04:00:03Z,HEART_RATE_ZONE_TYPE_UNSPECIFIED,2.95503,Fitbit App
2026-05-01T04:01:03Z,HEART_RATE_ZONE_TYPE_UNSPECIFIED,2.7277199999999997,Fitbit App
2026-05-01T04:02:03Z,HEART_RATE_ZONE_TYPE_UNSPECIFIED,2.7277199999999997,Fitbit App
2026-05-01T04:03:03Z,HEART_RATE_ZONE_TYPE_UNSPECIFIED,2.95503,Fitbit App
2026-05-01T04:04:03Z,HEART_RATE_ZONE_TYPE_UNSPECIFIED,1.13655,Fitbit App
2026-05-01T04:05:03Z,HEART_RATE_ZONE_TYPE_UNSPECIFIED,1.13655,Fitbit App
2026-05-01T04:06:03Z,HEART_RATE_ZONE_TYPE_UNSPECIFIED,1.13655,Fitbit App
2026-05-01T04:07:03Z,HEART_RATE_ZONE_TYPE_UNSPECIFIED,2.95503,Fitbit App
2026-05-01T04:08:03Z,HEART_RATE_ZONE_TYPE_UNSPECIFIED,3.1823399999999995,Fitbit App
2026-05-01T04:09:03Z,HEART_RATE_ZONE_TYPE_UNSPECIFIED,3.1823399999999995,Fitbit App
2026-05-01T04:10:03Z,HEART_RATE_ZONE_TYPE_UNSPECIFIED,2.95503,Fitbit App
2026-05-01T04:11:03Z,HEART_RATE_ZONE_TYPE_UNSPECIFIED,3.1823399999999995,Fitbit App
2026-05-01T04:12:03Z,HEART_RATE_ZONE_TYPE_UNSPECIFIED,3.40965,Fitbit App
2026-05-01T04:13:03Z,HEART_RATE_ZONE_TYPE_UNSPECIFIED,2.7277199999999997,Fitbit App
2026-05-01T04:14:03Z,HEART_RATE_ZONE_TYPE_UNSPECIFIED,3.40965,Fitbit App
2026-05-01T04:15:03Z,HEART_RATE_ZONE_TYPE_UNSPECIFIED,3.86427,Fitbit App
2026-05-01T04:16:03Z,HEART_RATE_ZONE_TYPE_UNSPECIFIED,3.1823399999999995,Fitbit App
2026-05-01T04:17:03Z,HEART_RATE_ZONE_TYPE_UNSPECIFIED,4.0915799999999996,Fitbit App
2026-05-01T04:18:03Z,HEART_RATE_ZONE_TYPE_UNSPECIFIED,3.40965,Fitbit App
2026-05-01T04:19:03Z,HEART_RATE_ZONE_TYPE_UNSPECIFIED,4.31889,Fitbit App
2026-05-01T04:20:03Z,HEART_RATE_ZONE_TYPE_UNSPECIFIED,3.86427,Fitbit App
2026-05-01T04:21:03Z,HEART_RATE_ZONE_TYPE_UNSPECIFIED,4.0915799999999996,Fitbit App
2026-05-01T04:22:03Z,HEART_RATE_ZONE_TYPE_UNSPECIFIED,2.95503,Fitbit App
2026-05-01T04:23:03Z,HEART_RATE_ZONE_TYPE_UNSPECIFIED,1.13655,Fitbit App
2026-05-01T04:24:03Z,HEART_RATE_ZONE_TYPE_UNSPECIFIED,2.7277199999999997,Fitbit App
2026-05-01T04:25:03Z,HEART_RATE_ZONE_TYPE_UNSPECIFIED,3.40965,Fitbit App
2026-05-01T04:26:03Z,HEART_RATE_ZONE_TYPE_UNSPECIFIED,10.115295,Fitbit App
2026-05-01T04:27:03Z,HEART_RATE_ZONE_TYPE_UNSPECIFIED,6.4783349999999995,Fitbit App
2026-05-01T04:28:03Z,HEART_RATE_ZONE_TYPE_UNSPECIFIED,9.206055,Fitbit App
2026-05-01T04:29:03Z,HEART_RATE_ZONE_TYPE_UNSPECIFIED,10.569915,Fitbit App
2026-05-01T04:30:03Z,HEART_RATE_ZONE_TYPE_UNSPECIFIED,7.160265,Fitbit App
2026-05-01T04:31:03Z,HEART_RATE_ZONE_TYPE_UNSPECIFIED,1.13655,Fitbit App
2026-05-01T04:32:03Z,HEART_RATE_ZONE_TYPE_UNSPECIFIED,1.13655,Fitbit App
2026-05-01T04:33:03Z,HEART_RATE_ZONE_TYPE_UNSPECIFIED,1.13655,Fitbit App
2026-05-01T04:34:03Z,HEART_RATE_ZONE_TYPE_UNSPECIFIED,1.13655,Fitbit App
2026-05-01T04:35:03Z,HEART_RATE_ZONE_TYPE_UNSPECIFIED,1.13655,Fitbit App
2026-05-01T04:36:03Z,HEART_RATE_ZONE_TYPE_UNSPECIFIED,1.13655,Fitbit App
2026-05-01T04:37:03Z,HEART_RATE_ZONE_TYPE_UNSPECIFIED,1.13655,Fitbit App
2026-05-01T04:38:03Z,HEART_RATE_ZONE_TYPE_UNSPECIFIED,1.13655,Fitbit App
2026-05-01T04:39:03Z,HEART_RATE_ZONE_TYPE_UNSPECIFIED,2.7277199999999997,Fitbit App
2026-05-01T04:40:03Z,HEART_RATE_ZONE_TYPE_UNSPECIFIED,2.7277199999999997,Fitbit App
2026-05-01T04:41:03Z,HEART_RATE_ZONE_TYPE_UNSPECIFIED,1.13655,Fitbit App
2026-05-01T04:42:03Z,HEART_RATE_ZONE_TYPE_UNSPECIFIED,1.13655,Fitbit App
2026-05-01T04:43:03Z,HEART_RATE_ZONE_TYPE_UNSPECIFIED,1.13655,Fitbit App
2026-05-01T04:44:03Z,HEART_RATE_ZONE_TYPE_UNSPECIFIED,1.13655,Fitbit App
2026-05-01T04:45:03Z,HEART_RATE_ZONE_TYPE_UNSPECIFIED,1.13655,Fitbit App
2026-05-01T04:46:03Z,HEART_RATE_ZONE_TYPE_UNSPECIFIED,1.13655,Fitbit App
2026-05-01T04:47:03Z,HEART_RATE_ZONE_TYPE_UNSPECIFIED,1.13655,Fitbit App
2026-05-01T04:48:03Z,HEART_RATE_ZONE_TYPE_UNSPECIFIED,3.1823399999999995,Fitbit App
2026-05-01T04:49:03Z,HEART_RATE_ZONE_TYPE_UNSPECIFIED,9.206055,Fitbit App
2026-05-01T04:50:03Z,HEART_RATE_ZONE_TYPE_UNSPECIFIED,8.751434999999999,Fitbit App
2026-05-01T04:51:03Z,HEART_RATE_ZONE_TYPE_UNSPECIFIED,10.342604999999999,Fitbit App
2026-05-01T04:52:03Z,HEART_RATE_ZONE_TYPE_UNSPECIFIED,10.569915,Fitbit App
2026-05-01T04:53:03Z,HEART_RATE_ZONE_TYPE_UNSPECIFIED,3.63696,Fitbit App
2026-05-01T04:54:03Z,HEART_RATE_ZONE_TYPE_UNSPECIFIED,10.797225,Fitbit App
2026-05-01T04:55:03Z,HEART_RATE_ZONE_TYPE_UNSPECIFIED,9.660675,Fitbit App
2026-05-01T04:56:03Z,HEART_RATE_ZONE_TYPE_UNSPECIFIED,7.160265,Fitbit App
2026-05-01T04:57:03Z,HEART_RATE_ZONE_TYPE_UNSPECIFIED,1.13655,Fitbit App
2026-05-01T04:57:20Z,HEART_RATE_ZONE_TYPE_UNSPECIFIED,2.95503,Fitbit App
2026-05-01T04:58:20Z,HEART_RATE_ZONE_TYPE_UNSPECIFIED,1.13655,Fitbit App
2026-05-01T04:59:20Z,HEART_RATE_ZONE_TYPE_UNSPECIFIED,2.7277199999999997,Fitbit App
2026-05-01T05:00:20Z,HEART_RATE_ZONE_TYPE_UNSPECIFIED,2.95503,Fitbit App
2026-05-01T05:01:20Z,HEART_RATE_ZONE_TYPE_UNSPECIFIED,1.13655,Fitbit App
2026-05-01T05:02:20Z,HEART_RATE_ZONE_TYPE_UNSPECIFIED,2.7277199999999997,Fitbit App
2026-05-01T05:03:20Z,HEART_RATE_ZONE_TYPE_UNSPECIFIED,3.40965,Fitbit App
2026-05-01T05:04:20Z,HEART_RATE_ZONE_TYPE_UNSPECIFIED,9.887984999999999,Fitbit App
2026-05-01T05:05:20Z,HEART_RATE_ZONE_TYPE_UNSPECIFIED,9.887984999999999,Fitbit App
2026-05-01T05:06:20Z,HEART_RATE_ZONE_TYPE_UNSPECIFIED,5.00082,Fitbit App
2026-05-01T05:07:20Z,HEART_RATE_ZONE_TYPE_UNSPECIFIED,1.13655,Fitbit App
2026-05-01T05:08:20Z,HEART_RATE_ZONE_TYPE_UNSPECIFIED,1.13655,Fitbit App
2026-05-01T05:09:20Z,HEART_RATE_ZONE_TYPE_UNSPECIFIED,1.13655,Fitbit App
2026-05-01T05:10:20Z,HEART_RATE_ZONE_TYPE_UNSPECIFIED,1.13655,Fitbit App
2026-05-01T05:11:20Z,HEART_RATE_ZONE_TYPE_UNSPECIFIED,1.13655,Fitbit App
2026-05-01T05:12:20Z,HEART_RATE_ZONE_TYPE_UNSPECIFIED,1.13655,Fitbit App
2026-05-01T05:13:20Z,HEART_RATE_ZONE_TYPE_UNSPECIFIED,2.7277199999999997,Fitbit App
2026-05-01T05:14:20Z,HEART_RATE_ZONE_TYPE_UNSPECIFIED,3.63696,Fitbit App
2026-05-01T05:15:20Z,HEART_RATE_ZONE_TYPE_UNSPECIFIED,9.433365,Fitbit App
2026-05-01T05:16:20Z,HEART_RATE_ZONE_TYPE_UNSPECIFIED,9.433365,Fitbit App
2026-05-01T05:17:20Z,HEART_RATE_ZONE_TYPE_UNSPECIFIED,4.31889,Fitbit App
2026-05-01T05:18:20Z,HEART_RATE_ZONE_TYPE_UNSPECIFIED,4.5462,Fitbit App
2026-05-01T05:19:20Z,HEART_RATE_ZONE_TYPE_UNSPECIFIED,8.524125,Fitbit App
2026-05-01T05:20:20Z,HEART_RATE_ZONE_TYPE_UNSPECIFIED,2.7277199999999997,Fitbit App
2026-05-01T05:21:20Z,HEART_RATE_ZONE_TYPE_UNSPECIFIED,3.1823399999999995,Fitbit App
2026-05-01T05:22:20Z,HEART_RATE_ZONE_TYPE_UNSPECIFIED,8.524125,Fitbit App
2026-05-01T05:23:20Z,HEART_RATE_ZONE_TYPE_UNSPECIFIED,7.387575,Fitbit App
2026-05-01T05:24:20Z,HEART_RATE_ZONE_TYPE_UNSPECIFIED,2.7277199999999997,Fitbit App
2026-05-01T05:25:20Z,HEART_RATE_ZONE_TYPE_UNSPECIFIED,2.7277199999999997,Fitbit App
2026-05-01T05:26:20Z,HEART_RATE_ZONE_TYPE_UNSPECIFIED,1.13655,Fitbit App
2026-05-01T05:27:20Z,HEART_RATE_ZONE_TYPE_UNSPECIFIED,1.13655,Fitbit App
2026-05-01T05:28:20Z,HEART_RATE_ZONE_TYPE_UNSPECIFIED,1.13655,Fitbit App
2026-05-01T05:29:20Z,HEART_RATE_ZONE_TYPE_UNSPECIFIED,1.13655,Fitbit App
2026-05-01T05:30:20Z,HEART_RATE_ZONE_TYPE_UNSPECIFIED,1.13655,Fitbit App
2026-05-01T05:31:20Z,HEART_RATE_ZONE_TYPE_UNSPECIFIED,1.13655,Fitbit App
2026-05-01T05:32:20Z,HEART_RATE_ZONE_TYPE_UNSPECIFIED,1.13655,Fitbit App
2026-05-01T05:33:20Z,HEART_RATE_ZONE_TYPE_UNSPECIFIED,1.13655,Fitbit App
2026-05-01T05:34:20Z,HEART_RATE_ZONE_TYPE_UNSPECIFIED,1.13655,Fitbit App
2026-05-01T05:35:20Z,HEART_RATE_ZONE_TYPE_UNSPECIFIED,1.13655,Fitbit App
2026-05-01T05:36:20Z,HEART_RATE_ZONE_TYPE_UNSPECIFIED,1.13655,Fitbit App
2026-05-01T05:37:20Z,HEART_RATE_ZONE_TYPE_UNSPECIFIED,3.1823399999999995,Fitbit App
2026-05-01T05:38:20Z,HEART_RATE_ZONE_TYPE_UNSPECIFIED,9.887984999999999,Fitbit App
2026-05-01T05:39:20Z,HEART_RATE_ZONE_TYPE_UNSPECIFIED,10.115295,Fitbit App
2026-05-01T05:40:20Z,HEART_RATE_ZONE_TYPE_UNSPECIFIED,4.31889,Fitbit App
2026-05-01T05:41:20Z,HEART_RATE_ZONE_TYPE_UNSPECIFIED,9.660675,Fitbit App
2026-05-01T05:42:20Z,HEART_RATE_ZONE_TYPE_UNSPECIFIED,5.00082,Fitbit App
2026-05-01T05:43:20Z,HEART_RATE_ZONE_TYPE_UNSPECIFIED,1.13655,Fitbit App
2026-05-01T05:44:20Z,HEART_RATE_ZONE_TYPE_UNSPECIFIED,1.13655,Fitbit App
2026-05-01T05:45:20Z,HEART_RATE_ZONE_TYPE_UNSPECIFIED,1.13655,Fitbit App
2026-05-01T05:46:20Z,HEART_RATE_ZONE_TYPE_UNSPECIFIED,1.13655,Fitbit App
2026-05-01T05:47:20Z,HEART_RATE_ZONE_TYPE_UNSPECIFIED,2.7277199999999997,Fitbit App
2026-05-01T05:48:20Z,HEART_RATE_ZONE_TYPE_UNSPECIFIED,3.1823399999999995,Fitbit App
2026-05-01T05:49:20Z,HEART_RATE_ZONE_TYPE_UNSPECIFIED,1.13655,Fitbit App
2026-05-01T05:50:20Z,HEART_RATE_ZONE_TYPE_UNSPECIFIED,1.13655,Fitbit App
2026-05-01T05:51:20Z,HEART_RATE_ZONE_TYPE_UNSPECIFIED,2.7277199999999997,Fitbit App
2026-05-01T05:52:20Z,HEART_RATE_ZONE_TYPE_UNSPECIFIED,3.63696,Fitbit App
2026-05-01T05:53:20Z,HEART_RATE_ZONE_TYPE_UNSPECIFIED,2.7277199999999997,Fitbit App
2026-05-01T05:54:20Z,HEART_RATE_ZONE_TYPE_UNSPECIFIED,1.13655,Fitbit App
2026-05-01T05:55:20Z,HEART_RATE_ZONE_TYPE_UNSPECIFIED,1.13655,Fitbit App
2026-05-01T05:56:20Z,HEART_RATE_ZONE_TYPE_UNSPECIFIED,1.13655,Fitbit App
2026-05-01T05:57:20Z,HEART_RATE_ZONE_TYPE_UNSPECIFIED,1.13655,Fitbit App
2026-05-01T05:58:20Z,HEART_RATE_ZONE_TYPE_UNSPECIFIED,1.13655,Fitbit App
2026-05-01T05:59:20Z,HEART_RATE_ZONE_TYPE_UNSPECIFIED,1.13655,Fitbit App
2026-05-01T06:00:20Z,HEART_RATE_ZONE_TYPE_UNSPECIFIED,1.13655,Fitbit App
2026-05-01T06:01:20Z,HEART_RATE_ZONE_TYPE_UNSPECIFIED,1.13655,Fitbit App
2026-05-01T06:02:20Z,HEART_RATE_ZONE_TYPE_UNSPECIFIED,1.13655,Fitbit App
2026-05-01T06:03:20Z,HEART_RATE_ZONE_TYPE_UNSPECIFIED,1.13655,Fitbit App
2026-05-01T06:04:20Z,HEART_RATE_ZONE_TYPE_UNSPECIFIED,1.13655,Fitbit App
2026-05-01T06:05:20Z,HEART_RATE_ZONE_TYPE_UNSPECIFIED,1.13655,Fitbit App
2026-05-01T06:06:20Z,HEART_RATE_ZONE_TYPE_UNSPECIFIED,1.13655,Fitbit App
2026-05-01T06:07:20Z,HEART_RATE_ZONE_TYPE_UNSPECIFIED,1.13655,Fitbit App
2026-05-01T06:08:20Z,HEART_RATE_ZONE_TYPE_UNSPECIFIED,1.13655,Fitbit App
2026-05-01T06:09:20Z,HEART_RATE_ZONE_TYPE_UNSPECIFIED,1.13655,Fitbit App
2026-05-01T06:10:20Z,HEART_RATE_ZONE_TYPE_UNSPECIFIED,1.13655,Fitbit App
2026-05-01T06:11:20Z,HEART_RATE_ZONE_TYPE_UNSPECIFIED,1.13655,Fitbit App
2026-05-01T06:12:20Z,HEART_RATE_ZONE_TYPE_UNSPECIFIED,1.13655,Fitbit App
2026-05-01T06:13:20Z,HEART_RATE_ZONE_TYPE_UNSPECIFIED,1.13655,Fitbit App
2026-05-01T06:14:20Z,HEART_RATE_ZONE_TYPE_UNSPECIFIED,1.13655,Fitbit App
2026-05-01T06:15:20Z,HEART_RATE_ZONE_TYPE_UNSPECIFIED,1.13655,Fitbit App
2026-05-01T06:16:20Z,HEART_RATE_ZONE_TYPE_UNSPECIFIED,1.13655,Fitbit App
2026-05-01T06:17:20Z,HEART_RATE_ZONE_TYPE_UNSPECIFIED,1.13655,Fitbit App
2026-05-01T06:18:20Z,HEART_RATE_ZONE_TYPE_UNSPECIFIED,1.13655,Fitbit App
2026-05-01T06:19:20Z,HEART_RATE_ZONE_TYPE_UNSPECIFIED,1.13655,Fitbit App
2026-05-01T06:20:20Z,HEART_RATE_ZONE_TYPE_UNSPECIFIED,1.13655,Fitbit App
2026-05-01T06:21:20Z,HEART_RATE_ZONE_TYPE_UNSPECIFIED,1.13655,Fitbit App
2026-05-01T06:22:20Z,HEART_RATE_ZONE_TYPE_UNSPECIFIED,1.13655,Fitbit App
2026-05-01T06:23:20Z,HEART_RATE_ZONE_TYPE_UNSPECIFIED,1.13655,Fitbit App
2026-05-01T06:24:20Z,HEART_RATE_ZONE_TYPE_UNSPECIFIED,1.13655,Fitbit App
2026-05-01T06:25:20Z,HEART_RATE_ZONE_TYPE_UNSPECIFIED,1.13655,Fitbit App
2026-05-01T06:26:20Z,HEART_RATE_ZONE_TYPE_UNSPECIFIED,1.13655,Fitbit App
2026-05-01T06:27:20Z,HEART_RATE_ZONE_TYPE_UNSPECIFIED,1.13655,Fitbit App
2026-05-01T06:28:20Z,HEART_RATE_ZONE_TYPE_UNSPECIFIED,1.13655,Fitbit App
2026-05-01T06:29:20Z,HEART_RATE_ZONE_TYPE_UNSPECIFIED,1.13655,Fitbit App
2026-05-01T06:30:20Z,HEART_RATE_ZONE_TYPE_UNSPECIFIED,1.13655,Fitbit App
2026-05-01T06:31:20Z,HEART_RATE_ZONE_TYPE_UNSPECIFIED,1.13655,Fitbit App
2026-05-01T06:32:20Z,HEART_RATE_ZONE_TYPE_UNSPECIFIED,1.13655,Fitbit App
2026-05-01T06:33:20Z,HEART_RATE_ZONE_TYPE_UNSPECIFIED,1.13655,Fitbit App
2026-05-01T06:34:20Z,HEART_RATE_ZONE_TYPE_UNSPECIFIED,1.13655,Fitbit App
2026-05-01T06:35:20Z,HEART_RATE_ZONE_TYPE_UNSPECIFIED,1.13655,Fitbit App
2026-05-01T06:36:20Z,HEART_RATE_ZONE_TYPE_UNSPECIFIED,1.13655,Fitbit App
2026-05-01T06:37:20Z,HEART_RATE_ZONE_TYPE_UNSPECIFIED,1.13655,Fitbit App
2026-05-01T06:38:20Z,HEART_RATE_ZONE_TYPE_UNSPECIFIED,1.13655,Fitbit App
2026-05-01T06:39:20Z,HEART_RATE_ZONE_TYPE_UNSPECIFIED,1.13655,Fitbit App
2026-05-01T06:40:20Z,HEART_RATE_ZONE_TYPE_UNSPECIFIED,1.13655,Fitbit App
2026-05-01T06:41:20Z,HEART_RATE_ZONE_TYPE_UNSPECIFIED,1.13655,Fitbit App
2026-05-01T06:42:20Z,HEART_RATE_ZONE_TYPE_UNSPECIFIED,2.7277199999999997,Fitbit App
2026-05-01T06:43:20Z,HEART_RATE_ZONE_TYPE_UNSPECIFIED,2.7277199999999997,Fitbit App
2026-05-01T06:44:20Z,HEART_RATE_ZONE_TYPE_UNSPECIFIED,1.13655,Fitbit App
2026-05-01T06:45:20Z,HEART_RATE_ZONE_TYPE_UNSPECIFIED,1.13655,Fitbit App
2026-05-01T06:46:20Z,HEART_RATE_ZONE_TYPE_UNSPECIFIED,1.13655,Fitbit App
2026-05-01T06:47:20Z,HEART_RATE_ZONE_TYPE_UNSPECIFIED,1.13655,Fitbit App
2026-05-01T06:48:20Z,HEART_RATE_ZONE_TYPE_UNSPECIFIED,1.13655,Fitbit App
2026-05-01T06:49:20Z,HEART_RATE_ZONE_TYPE_UNSPECIFIED,1.13655,Fitbit App
2026-05-01T06:50:20Z,HEART_RATE_ZONE_TYPE_UNSPECIFIED,1.13655,Fitbit App
2026-05-01T06:51:20Z,HEART_RATE_ZONE_TYPE_UNSPECIFIED,1.13655,Fitbit App
2026-05-01T06:52:20Z,HEART_RATE_ZONE_TYPE_UNSPECIFIED,1.13656,Fitbit App
2026-05-01T06:53:20Z,HEART_RATE_ZONE_TYPE_UNSPECIFIED,1.13656,Fitbit App
2026-05-01T06:54:20Z,HEART_RATE_ZONE_TYPE_UNSPECIFIED,1.13656,Fitbit App
2026-05-01T06:55:20Z,HEART_RATE_ZONE_TYPE_UNSPECIFIED,1.13656,Fitbit App
2026-05-01T06:56:20Z,HEART_RATE_ZONE_TYPE_UNSPECIFIED,1.13656,Fitbit App
2026-05-01T06:57:20Z,HEART_RATE_ZONE_TYPE_UNSPECIFIED,1.13656,Fitbit App
2026-05-01T06:58:20Z,HEART_RATE_ZONE_TYPE_UNSPECIFIED,1.13656,Fitbit App
2026-05-01T06:59:20Z,HEART_RATE_ZONE_TYPE_UNSPECIFIED,1.13656,Fitbit App
2026-05-01T07:00:20Z,HEART_RATE_ZONE_TYPE_UNSPECIFIED,1.13656,Fitbit App
2026-05-01T07:01:20Z,HEART_RATE_ZONE_TYPE_UNSPECIFIED,1.13656,Fitbit App
2026-05-01T07:02:20Z,HEART_RATE_ZONE_TYPE_UNSPECIFIED,1.13656,Fitbit App
2026-05-01T07:03:20Z,HEART_RATE_ZONE_TYPE_UNSPECIFIED,1.13656,Fitbit App
2026-05-01T07:04:20Z,HEART_RATE_ZONE_TYPE_UNSPECIFIED,1.13656,Fitbit App
2026-05-01T07:05:20Z,HEART_RATE_ZONE_TYPE_UNSPECIFIED,1.13656,Fitbit App
2026-05-01T07:06:20Z,HEART_RATE_ZONE_TYPE_UNSPECIFIED,1.13656,Fitbit App
2026-05-01T07:07:20Z,HEART_RATE_ZONE_TYPE_UNSPECIFIED,1.13656,Fitbit App
2026-05-01T07:08:20Z,HEART_RATE_ZONE_TYPE_UNSPECIFIED,1.13656,Fitbit App
2026-05-01T07:09:20Z,HEART_RATE_ZONE_TYPE_UNSPECIFIED,1.13656,Fitbit App
2026-05-01T07:10:20Z,HEART_RATE_ZONE_TYPE_UNSPECIFIED,1.13656,Fitbit App
2026-05-01T07:11:20Z,HEART_RATE_ZONE_TYPE_UNSPECIFIED,1.13656,Fitbit App
2026-05-01T07:12:20Z,HEART_RATE_ZONE_TYPE_UNSPECIFIED,1.13656,Fitbit App
2026-05-01T07:13:20Z,HEART_RATE_ZONE_TYPE_UNSPECIFIED,1.13656,Fitbit App
2026-05-01T07:14:20Z,HEART_RATE_ZONE_TYPE_UNSPECIFIED,1.13656,Fitbit App
2026-05-01T07:15:20Z,HEART_RATE_ZONE_TYPE_UNSPECIFIED,1.13656,Fitbit App
2026-05-01T07:16:20Z,HEART_RATE_ZONE_TYPE_UNSPECIFIED,1.13656,Fitbit App
2026-05-01T07:17:20Z,HEART_RATE_ZONE_TYPE_UNSPECIFIED,1.13656,Fitbit App
2026-05-01T07:18:20Z,HEART_RATE_ZONE_TYPE_UNSPECIFIED,1.13656,Fitbit App
2026-05-01T07:19:20Z,HEART_RATE_ZONE_TYPE_UNSPECIFIED,1.13656,Fitbit App
2026-05-01T07:20:20Z,HEART_RATE_ZONE_TYPE_UNSPECIFIED,1.13656,Fitbit App
2026-05-01T07:21:20Z,HEART_RATE_ZONE_TYPE_UNSPECIFIED,1.13656,Fitbit App
2026-05-01T07:22:20Z,HEART_RATE_ZONE_TYPE_UNSPECIFIED,1.13656,Fitbit App
2026-05-01T07:23:20Z,HEART_RATE_ZONE_TYPE_UNSPECIFIED,1.13656,Fitbit App
2026-05-01T07:24:20Z,HEART_RATE_ZONE_TYPE_UNSPECIFIED,1.13656,Fitbit App
2026-05-01T07:25:20Z,HEART_RATE_ZONE_TYPE_UNSPECIFIED,1.13656,Fitbit App
2026-05-01T07:26:20Z,HEART_RATE_ZONE_TYPE_UNSPECIFIED,1.13656,Fitbit App
2026-05-01T07:27:20Z,HEART_RATE_ZONE_TYPE_UNSPECIFIED,1.13656,Fitbit App
2026-05-01T07:28:20Z,HEART_RATE_ZONE_TYPE_UNSPECIFIED,1.13656,Fitbit App
2026-05-01T07:29:20Z,HEART_RATE_ZONE_TYPE_UNSPECIFIED,1.13656,Fitbit App
2026-05-01T07:30:20Z,HEART_RATE_ZONE_TYPE_UNSPECIFIED,1.13656,Fitbit App
2026-05-01T07:31:20Z,HEART_RATE_ZONE_TYPE_UNSPECIFIED,1.13656,Fitbit App
2026-05-01T07:32:20Z,HEART_RATE_ZONE_TYPE_UNSPECIFIED,1.13656,Fitbit App
2026-05-01T07:33:20Z,HEART_RATE_ZONE_TYPE_UNSPECIFIED,1.13656,Fitbit App
2026-05-01T07:34:20Z,HEART_RATE_ZONE_TYPE_UNSPECIFIED,1.13656,Fitbit App
2026-05-01T07:35:20Z,HEART_RATE_ZONE_TYPE_UNSPECIFIED,1.13656,Fitbit App
2026-05-01T07:36:20Z,HEART_RATE_ZONE_TYPE_UNSPECIFIED,1.13656,Fitbit App
2026-05-01T07:37:20Z,HEART_RATE_ZONE_TYPE_UNSPECIFIED,1.13656,Fitbit App
2026-05-01T07:38:20Z,HEART_RATE_ZONE_TYPE_UNSPECIFIED,1.13656,Fitbit App
2026-05-01T07:39:20Z,HEART_RATE_ZONE_TYPE_UNSPECIFIED,1.13656,Fitbit App
2026-05-01T07:40:20Z,HEART_RATE_ZONE_TYPE_UNSPECIFIED,1.13656,Fitbit App
2026-05-01T07:41:20Z,HEART_RATE_ZONE_TYPE_UNSPECIFIED,1.13656,Fitbit App
2026-05-01T07:42:20Z,HEART_RATE_ZONE_TYPE_UNSPECIFIED,1.13656,Fitbit App
2026-05-01T07:43:20Z,HEART_RATE_ZONE_TYPE_UNSPECIFIED,1.13656,Fitbit App
2026-05-01T07:44:20Z,HEART_RATE_ZONE_TYPE_UNSPECIFIED,1.13656,Fitbit App
2026-05-01T07:45:20Z,HEART_RATE_ZONE_TYPE_UNSPECIFIED,1.13656,Fitbit App
2026-05-01T07:46:20Z,HEART_RATE_ZONE_TYPE_UNSPECIFIED,1.13656,Fitbit App
2026-05-01T07:47:20Z,HEART_RATE_ZONE_TYPE_UNSPECIFIED,1.13656,Fitbit App
2026-05-01T07:48:20Z,HEART_RATE_ZONE_TYPE_UNSPECIFIED,1.13656,Fitbit App
2026-05-01T07:49:20Z,HEART_RATE_ZONE_TYPE_UNSPECIFIED,1.13656,Fitbit App
2026-05-01T07:50:20Z,HEART_RATE_ZONE_TYPE_UNSPECIFIED,1.13656,Fitbit App
2026-05-01T07:51:20Z,HEART_RATE_ZONE_TYPE_UNSPECIFIED,1.13656,Fitbit App
2026-05-01T07:52:20Z,HEART_RATE_ZONE_TYPE_UNSPECIFIED,1.13656,Fitbit App
2026-05-01T07:53:20Z,HEART_RATE_ZONE_TYPE_UNSPECIFIED,1.13656,Fitbit App
2026-05-01T07:54:20Z,HEART_RATE_ZONE_TYPE_UNSPECIFIED,1.13656,Fitbit App
2026-05-01T07:55:20Z,HEART_RATE_ZONE_TYPE_UNSPECIFIED,1.13656,Fitbit App
2026-05-01T07:56:20Z,HEART_RATE_ZONE_TYPE_UNSPECIFIED,1.13656,Fitbit App
2026-05-01T07:57:20Z,HEART_RATE_ZONE_TYPE_UNSPECIFIED,1.13656,Fitbit App
2026-05-01T07:58:20Z,HEART_RATE_ZONE_TYPE_UNSPECIFIED,1.13656,Fitbit App
2026-05-01T07:59:20Z,HEART_RATE_ZONE_TYPE_UNSPECIFIED,1.13656,Fitbit App
2026-05-01T08:00:20Z,HEART_RATE_ZONE_TYPE_UNSPECIFIED,1.13656,Fitbit App
2026-05-01T08:01:20Z,HEART_RATE_ZONE_TYPE_UNSPECIFIED,1.13656,Fitbit App
2026-05-01T08:02:20Z,HEART_RATE_ZONE_TYPE_UNSPECIFIED,1.13656,Fitbit App
2026-05-01T08:03:20Z,HEART_RATE_ZONE_TYPE_UNSPECIFIED,1.13656,Fitbit App
2026-05-01T08:04:20Z,HEART_RATE_ZONE_TYPE_UNSPECIFIED,1.13656,Fitbit App
2026-05-01T08:05:20Z,HEART_RATE_ZONE_TYPE_UNSPECIFIED,1.13656,Fitbit App
2026-05-01T08:06:20Z,HEART_RATE_ZONE_TYPE_UNSPECIFIED,1.13656,Fitbit App
2026-05-01T08:07:20Z,HEART_RATE_ZONE_TYPE_UNSPECIFIED,1.13656,Fitbit App
2026-05-01T08:08:20Z,HEART_RATE_ZONE_TYPE_UNSPECIFIED,1.13656,Fitbit App
2026-05-01T08:09:20Z,HEART_RATE_ZONE_TYPE_UNSPECIFIED,1.13656,Fitbit App
2026-05-01T08:10:20Z,HEART_RATE_ZONE_TYPE_UNSPECIFIED,1.13656,Fitbit App
2026-05-01T08:11:20Z,HEART_RATE_ZONE_TYPE_UNSPECIFIED,1.13656,Fitbit App
2026-05-01T08:12:20Z,HEART_RATE_ZONE_TYPE_UNSPECIFIED,1.13656,Fitbit App
2026-05-01T08:13:20Z,HEART_RATE_ZONE_TYPE_UNSPECIFIED,1.13656,Fitbit App
2026-05-01T08:14:20Z,HEART_RATE_ZONE_TYPE_UNSPECIFIED,1.13656,Fitbit App
2026-05-01T08:15:20Z,HEART_RATE_ZONE_TYPE_UNSPECIFIED,1.13656,Fitbit App
2026-05-01T08:16:20Z,HEART_RATE_ZONE_TYPE_UNSPECIFIED,1.13656,Fitbit App
2026-05-01T08:17:20Z,HEART_RATE_ZONE_TYPE_UNSPECIFIED,1.13656,Fitbit App
2026-05-01T08:18:20Z,HEART_RATE_ZONE_TYPE_UNSPECIFIED,1.13656,Fitbit App
2026-05-01T08:19:20Z,HEART_RATE_ZONE_TYPE_UNSPECIFIED,1.13656,Fitbit App
2026-05-01T08:20:20Z,HEART_RATE_ZONE_TYPE_UNSPECIFIED,1.13656,Fitbit App
2026-05-01T08:21:20Z,HEART_RATE_ZONE_TYPE_UNSPECIFIED,1.13656,Fitbit App
2026-05-01T08:22:20Z,HEART_RATE_ZONE_TYPE_UNSPECIFIED,1.13656,Fitbit App
2026-05-01T08:23:20Z,HEART_RATE_ZONE_TYPE_UNSPECIFIED,1.13656,Fitbit App
2026-05-01T08:24:20Z,HEART_RATE_ZONE_TYPE_UNSPECIFIED,1.13656,Fitbit App
2026-05-01T08:25:20Z,HEART_RATE_ZONE_TYPE_UNSPECIFIED,1.13656,Fitbit App
2026-05-01T08:26:20Z,HEART_RATE_ZONE_TYPE_UNSPECIFIED,1.13656,Fitbit App
2026-05-01T08:27:20Z,HEART_RATE_ZONE_TYPE_UNSPECIFIED,1.13656,Fitbit App
2026-05-01T08:28:20Z,HEART_RATE_ZONE_TYPE_UNSPECIFIED,1.13656,Fitbit App
2026-05-01T08:29:20Z,HEART_RATE_ZONE_TYPE_UNSPECIFIED,1.13656,Fitbit App
2026-05-01T08:30:20Z,HEART_RATE_ZONE_TYPE_UNSPECIFIED,1.13656,Fitbit App
2026-05-01T08:31:20Z,HEART_RATE_ZONE_TYPE_UNSPECIFIED,1.13656,Fitbit App
2026-05-01T08:32:20Z,HEART_RATE_ZONE_TYPE_UNSPECIFIED,1.13656,Fitbit App
2026-05-01T08:33:20Z,HEART_RATE_ZONE_TYPE_UNSPECIFIED,1.13656,Fitbit App
2026-05-01T08:34:20Z,HEART_RATE_ZONE_TYPE_UNSPECIFIED,1.13656,Fitbit App
2026-05-01T08:35:20Z,HEART_RATE_ZONE_TYPE_UNSPECIFIED,1.13656,Fitbit App
2026-05-01T08:36:20Z,HEART_RATE_ZONE_TYPE_UNSPECIFIED,1.13656,Fitbit App
2026-05-01T08:37:20Z,HEART_RATE_ZONE_TYPE_UNSPECIFIED,1.13656,Fitbit App
2026-05-01T08:38:20Z,HEART_RATE_ZONE_TYPE_UNSPECIFIED,1.13656,Fitbit App
2026-05-01T08:39:20Z,HEART_RATE_ZONE_TYPE_UNSPECIFIED,1.13656,Fitbit App
2026-05-01T08:40:20Z,HEART_RATE_ZONE_TYPE_UNSPECIFIED,1.13656,Fitbit App
2026-05-01T08:41:20Z,HEART_RATE_ZONE_TYPE_UNSPECIFIED,1.13656,Fitbit App
2026-05-01T08:42:20Z,HEART_RATE_ZONE_TYPE_UNSPECIFIED,1.13656,Fitbit App
2026-05-01T08:43:20Z,HEART_RATE_ZONE_TYPE_UNSPECIFIED,1.13656,Fitbit App
2026-05-01T08:44:20Z,HEART_RATE_ZONE_TYPE_UNSPECIFIED,1.13656,Fitbit App
2026-05-01T08:45:20Z,HEART_RATE_ZONE_TYPE_UNSPECIFIED,1.13656,Fitbit App
2026-05-01T08:46:20Z,HEART_RATE_ZONE_TYPE_UNSPECIFIED,1.13656,Fitbit App
2026-05-01T08:47:20Z,HEART_RATE_ZONE_TYPE_UNSPECIFIED,1.13656,Fitbit App
2026-05-01T08:48:20Z,HEART_RATE_ZONE_TYPE_UNSPECIFIED,1.13656,Fitbit App
2026-05-01T08:49:20Z,HEART_RATE_ZONE_TYPE_UNSPECIFIED,1.13656,Fitbit App
2026-05-01T08:50:20Z,HEART_RATE_ZONE_TYPE_UNSPECIFIED,1.13656,Fitbit App
2026-05-01T08:51:20Z,HEART_RATE_ZONE_TYPE_UNSPECIFIED,1.13656,Fitbit App
2026-05-01T08:52:20Z,HEART_RATE_ZONE_TYPE_UNSPECIFIED,1.13656,Fitbit App
2026-05-01T08:53:20Z,HEART_RATE_ZONE_TYPE_UNSPECIFIED,1.13656,Fitbit App
2026-05-01T08:54:20Z,HEART_RATE_ZONE_TYPE_UNSPECIFIED,1.13656,Fitbit App
2026-05-01T08:55:20Z,HEART_RATE_ZONE_TYPE_UNSPECIFIED,1.13656,Fitbit App
2026-05-01T08:56:20Z,HEART_RATE_ZONE_TYPE_UNSPECIFIED,1.13656,Fitbit App
2026-05-01T08:57:20Z,HEART_RATE_ZONE_TYPE_UNSPECIFIED,1.13656,Fitbit App
2026-05-01T08:58:20Z,HEART_RATE_ZONE_TYPE_UNSPECIFIED,1.13656,Fitbit App
2026-05-01T08:59:20Z,HEART_RATE_ZONE_TYPE_UNSPECIFIED,1.13656,Fitbit App
2026-05-01T09:00:20Z,HEART_RATE_ZONE_TYPE_UNSPECIFIED,1.13656,Fitbit App
2026-05-01T09:01:20Z,HEART_RATE_ZONE_TYPE_UNSPECIFIED,1.13656,Fitbit App
2026-05-01T09:02:20Z,HEART_RATE_ZONE_TYPE_UNSPECIFIED,1.13656,Fitbit App
2026-05-01T09:03:20Z,HEART_RATE_ZONE_TYPE_UNSPECIFIED,1.13656,Fitbit App
2026-05-01T09:04:20Z,HEART_RATE_ZONE_TYPE_UNSPECIFIED,1.13656,Fitbit App
2026-05-01T09:05:20Z,HEART_RATE_ZONE_TYPE_UNSPECIFIED,1.13656,Fitbit App
2026-05-01T09:06:20Z,HEART_RATE_ZONE_TYPE_UNSPECIFIED,1.13656,Fitbit App
2026-05-01T09:07:20Z,HEART_RATE_ZONE_TYPE_UNSPECIFIED,1.13656,Fitbit App
2026-05-01T09:08:20Z,HEART_RATE_ZONE_TYPE_UNSPECIFIED,1.13656,Fitbit App
2026-05-01T09:09:20Z,HEART_RATE_ZONE_TYPE_UNSPECIFIED,1.13656,Fitbit App
2026-05-01T09:10:20Z,HEART_RATE_ZONE_TYPE_UNSPECIFIED,1.13656,Fitbit App
2026-05-01T09:11:20Z,HEART_RATE_ZONE_TYPE_UNSPECIFIED,1.13656,Fitbit App
2026-05-01T09:12:20Z,HEART_RATE_ZONE_TYPE_UNSPECIFIED,1.13656,Fitbit App
2026-05-01T09:13:20Z,HEART_RATE_ZONE_TYPE_UNSPECIFIED,1.13656,Fitbit App
2026-05-01T09:14:20Z,HEART_RATE_ZONE_TYPE_UNSPECIFIED,1.13656,Fitbit App
2026-05-01T09:15:20Z,HEART_RATE_ZONE_TYPE_UNSPECIFIED,1.13656,Fitbit App
2026-05-01T09:16:20Z,HEART_RATE_ZONE_TYPE_UNSPECIFIED,1.13656,Fitbit App
2026-05-01T09:17:20Z,HEART_RATE_ZONE_TYPE_UNSPECIFIED,1.13656,Fitbit App
2026-05-01T09:18:20Z,HEART_RATE_ZONE_TYPE_UNSPECIFIED,1.13656,Fitbit App
2026-05-01T09:19:20Z,HEART_RATE_ZONE_TYPE_UNSPECIFIED,1.13656,Fitbit App
2026-05-01T09:20:20Z,HEART_RATE_ZONE_TYPE_UNSPECIFIED,1.13656,Fitbit App
2026-05-01T09:21:20Z,HEART_RATE_ZONE_TYPE_UNSPECIFIED,1.13656,Fitbit App
2026-05-01T09:22:20Z,HEART_RATE_ZONE_TYPE_UNSPECIFIED,1.13656,Fitbit App
2026-05-01T09:23:20Z,HEART_RATE_ZONE_TYPE_UNSPECIFIED,1.13656,Fitbit App
2026-05-01T09:24:20Z,HEART_RATE_ZONE_TYPE_UNSPECIFIED,1.13656,Fitbit App
2026-05-01T09:25:20Z,HEART_RATE_ZONE_TYPE_UNSPECIFIED,1.13656,Fitbit App
2026-05-01T09:26:20Z,HEART_RATE_ZONE_TYPE_UNSPECIFIED,1.13656,Fitbit App
2026-05-01T09:27:20Z,HEART_RATE_ZONE_TYPE_UNSPECIFIED,1.13656,Fitbit App
2026-05-01T09:28:20Z,HEART_RATE_ZONE_TYPE_UNSPECIFIED,1.13656,Fitbit App
2026-05-01T09:29:20Z,HEART_RATE_ZONE_TYPE_UNSPECIFIED,1.13656,Fitbit App
2026-05-01T09:30:20Z,HEART_RATE_ZONE_TYPE_UNSPECIFIED,1.13656,Fitbit App
2026-05-01T09:31:20Z,HEART_RATE_ZONE_TYPE_UNSPECIFIED,1.13656,Fitbit App
2026-05-01T09:32:20Z,HEART_RATE_ZONE_TYPE_UNSPECIFIED,1.13656,Fitbit App
2026-05-01T09:33:20Z,HEART_RATE_ZONE_TYPE_UNSPECIFIED,1.13656,Fitbit App
2026-05-01T09:34:20Z,HEART_RATE_ZONE_TYPE_UNSPECIFIED,1.13656,Fitbit App
2026-05-01T09:35:20Z,HEART_RATE_ZONE_TYPE_UNSPECIFIED,1.13656,Fitbit App
2026-05-01T09:36:20Z,HEART_RATE_ZONE_TYPE_UNSPECIFIED,1.13656,Fitbit App
2026-05-01T09:37:20Z,HEART_RATE_ZONE_TYPE_UNSPECIFIED,1.13656,Fitbit App
2026-05-01T09:38:20Z,HEART_RATE_ZONE_TYPE_UNSPECIFIED,1.13656,Fitbit App
2026-05-01T09:39:20Z,HEART_RATE_ZONE_TYPE_UNSPECIFIED,1.13656,Fitbit App
2026-05-01T09:40:20Z,HEART_RATE_ZONE_TYPE_UNSPECIFIED,1.13656,Fitbit App
2026-05-01T09:41:20Z,HEART_RATE_ZONE_TYPE_UNSPECIFIED,1.13656,Fitbit App
2026-05-01T09:42:20Z,HEART_RATE_ZONE_TYPE_UNSPECIFIED,1.13656,Fitbit App
2026-05-01T09:43:20Z,HEART_RATE_ZONE_TYPE_UNSPECIFIED,1.13656,Fitbit App
2026-05-01T09:44:20Z,HEART_RATE_ZONE_TYPE_UNSPECIFIED,1.13656,Fitbit App
2026-05-01T09:45:20Z,HEART_RATE_ZONE_TYPE_UNSPECIFIED,1.13656,Fitbit App
2026-05-01T09:46:20Z,HEART_RATE_ZONE_TYPE_UNSPECIFIED,1.13656,Fitbit App
2026-05-01T09:47:20Z,HEART_RATE_ZONE_TYPE_UNSPECIFIED,1.13656,Fitbit App
2026-05-01T09:48:20Z,HEART_RATE_ZONE_TYPE_UNSPECIFIED,1.13656,Fitbit App
2026-05-01T09:49:20Z,HEART_RATE_ZONE_TYPE_UNSPECIFIED,1.13656,Fitbit App
2026-05-01T09:50:20Z,HEART_RATE_ZONE_TYPE_UNSPECIFIED,1.13656,Fitbit App
2026-05-01T09:51:20Z,HEART_RATE_ZONE_TYPE_UNSPECIFIED,1.13656,Fitbit App
2026-05-01T09:52:20Z,HEART_RATE_ZONE_TYPE_UNSPECIFIED,1.13656,Fitbit App
2026-05-01T09:53:20Z,HEART_RATE_ZONE_TYPE_UNSPECIFIED,1.13656,Fitbit App
2026-05-01T09:54:20Z,HEART_RATE_ZONE_TYPE_UNSPECIFIED,1.13656,Fitbit App
2026-05-01T09:55:20Z,HEART_RATE_ZONE_TYPE_UNSPECIFIED,1.13656,Fitbit App
2026-05-01T09:56:20Z,HEART_RATE_ZONE_TYPE_UNSPECIFIED,1.13656,Fitbit App
2026-05-01T09:57:20Z,HEART_RATE_ZONE_TYPE_UNSPECIFIED,1.13656,Fitbit App
2026-05-01T09:58:20Z,HEART_RATE_ZONE_TYPE_UNSPECIFIED,1.13656,Fitbit App
2026-05-01T09:59:20Z,HEART_RATE_ZONE_TYPE_UNSPECIFIED,1.13656,Fitbit App
2026-05-01T10:00:20Z,HEART_RATE_ZONE_TYPE_UNSPECIFIED,1.13656,Fitbit App
2026-05-01T10:01:20Z,HEART_RATE_ZONE_TYPE_UNSPECIFIED,1.13656,Fitbit App
2026-05-01T10:02:20Z,HEART_RATE_ZONE_TYPE_UNSPECIFIED,2.727744,Fitbit App
2026-05-01T10:03:20Z,HEART_RATE_ZONE_TYPE_UNSPECIFIED,2.9550560000000003,Fitbit App
2026-05-01T10:04:20Z,HEART_RATE_ZONE_TYPE_UNSPECIFIED,1.13656,Fitbit App
2026-05-01T10:05:20Z,HEART_RATE_ZONE_TYPE_UNSPECIFIED,1.13656,Fitbit App
2026-05-01T10:06:20Z,HEART_RATE_ZONE_TYPE_UNSPECIFIED,2.727744,Fitbit App
2026-05-01T10:07:20Z,HEART_RATE_ZONE_TYPE_UNSPECIFIED,2.9550560000000003,Fitbit App
2026-05-01T10:08:20Z,HEART_RATE_ZONE_TYPE_UNSPECIFIED,1.13656,Fitbit App
2026-05-01T10:09:20Z,HEART_RATE_ZONE_TYPE_UNSPECIFIED,2.727744,Fitbit App
2026-05-01T10:10:20Z,HEART_RATE_ZONE_TYPE_UNSPECIFIED,2.727744,Fitbit App
2026-05-01T10:11:20Z,HEART_RATE_ZONE_TYPE_UNSPECIFIED,1.13656,Fitbit App
2026-05-01T10:12:20Z,HEART_RATE_ZONE_TYPE_UNSPECIFIED,1.13656,Fitbit App
2026-05-01T10:13:20Z,HEART_RATE_ZONE_TYPE_UNSPECIFIED,1.13656,Fitbit App
2026-05-01T10:14:20Z,HEART_RATE_ZONE_TYPE_UNSPECIFIED,1.13656,Fitbit App
2026-05-01T10:15:20Z,HEART_RATE_ZONE_TYPE_UNSPECIFIED,1.13656,Fitbit App
2026-05-01T10:16:20Z,HEART_RATE_ZONE_TYPE_UNSPECIFIED,1.13656,Fitbit App
2026-05-01T10:17:20Z,HEART_RATE_ZONE_TYPE_UNSPECIFIED,1.13656,Fitbit App
2026-05-01T10:18:20Z,HEART_RATE_ZONE_TYPE_UNSPECIFIED,1.13656,Fitbit App
2026-05-01T10:19:20Z,HEART_RATE_ZONE_TYPE_UNSPECIFIED,1.13656,Fitbit App
2026-05-01T10:20:20Z,HEART_RATE_ZONE_TYPE_UNSPECIFIED,1.13656,Fitbit App
2026-05-01T10:21:20Z,HEART_RATE_ZONE_TYPE_UNSPECIFIED,1.13656,Fitbit App
2026-05-01T10:22:20Z,HEART_RATE_ZONE_TYPE_UNSPECIFIED,1.13656,Fitbit App
2026-05-01T10:23:20Z,HEART_RATE_ZONE_TYPE_UNSPECIFIED,1.13656,Fitbit App
2026-05-01T10:24:20Z,HEART_RATE_ZONE_TYPE_UNSPECIFIED,1.13656,Fitbit App
2026-05-01T10:25:20Z,HEART_RATE_ZONE_TYPE_UNSPECIFIED,2.727744,Fitbit App
2026-05-01T10:26:20Z,HEART_RATE_ZONE_TYPE_UNSPECIFIED,2.727744,Fitbit App
2026-05-01T10:27:20Z,HEART_RATE_ZONE_TYPE_UNSPECIFIED,1.13656,Fitbit App
2026-05-01T10:28:20Z,HEART_RATE_ZONE_TYPE_UNSPECIFIED,1.13656,Fitbit App
2026-05-01T10:29:20Z,HEART_RATE_ZONE_TYPE_UNSPECIFIED,1.13656,Fitbit App
2026-05-01T10:30:20Z,HEART_RATE_ZONE_TYPE_UNSPECIFIED,1.13656,Fitbit App
2026-05-01T10:31:20Z,HEART_RATE_ZONE_TYPE_UNSPECIFIED,1.13656,Fitbit App
2026-05-01T10:32:20Z,HEART_RATE_ZONE_TYPE_UNSPECIFIED,1.13656,Fitbit App
2026-05-01T10:33:20Z,HEART_RATE_ZONE_TYPE_UNSPECIFIED,1.13656,Fitbit App
2026-05-01T10:34:20Z,HEART_RATE_ZONE_TYPE_UNSPECIFIED,1.13656,Fitbit App
2026-05-01T10:35:20Z,HEART_RATE_ZONE_TYPE_UNSPECIFIED,1.13656,Fitbit App
2026-05-01T10:36:20Z,HEART_RATE_ZONE_TYPE_UNSPECIFIED,1.13656,Fitbit App
2026-05-01T10:37:20Z,HEART_RATE_ZONE_TYPE_UNSPECIFIED,1.13656,Fitbit App
2026-05-01T10:38:20Z,HEART_RATE_ZONE_TYPE_UNSPECIFIED,1.13656,Fitbit App
2026-05-01T10:39:20Z,HEART_RATE_ZONE_TYPE_UNSPECIFIED,1.13656,Fitbit App
2026-05-01T10:40:20Z,HEART_RATE_ZONE_TYPE_UNSPECIFIED,1.13656,Fitbit App
2026-05-01T10:41:20Z,HEART_RATE_ZONE_TYPE_UNSPECIFIED,1.13656,Fitbit App
2026-05-01T10:42:20Z,HEART_RATE_ZONE_TYPE_UNSPECIFIED,1.13656,Fitbit App
2026-05-01T10:43:20Z,HEART_RATE_ZONE_TYPE_UNSPECIFIED,1.13656,Fitbit App
2026-05-01T10:44:20Z,HEART_RATE_ZONE_TYPE_UNSPECIFIED,1.13656,Fitbit App
2026-05-01T10:45:20Z,HEART_RATE_ZONE_TYPE_UNSPECIFIED,1.13656,Fitbit App
2026-05-01T10:46:20Z,HEART_RATE_ZONE_TYPE_UNSPECIFIED,1.13656,Fitbit App
2026-05-01T10:47:20Z,HEART_RATE_ZONE_TYPE_UNSPECIFIED,1.13656,Fitbit App
2026-05-01T10:48:20Z,HEART_RATE_ZONE_TYPE_UNSPECIFIED,1.13656,Fitbit App
2026-05-01T10:49:20Z,HEART_RATE_ZONE_TYPE_UNSPECIFIED,1.13656,Fitbit App
2026-05-01T10:50:20Z,HEART_RATE_ZONE_TYPE_UNSPECIFIED,1.13656,Fitbit App
2026-05-01T10:51:20Z,HEART_RATE_ZONE_TYPE_UNSPECIFIED,1.13656,Fitbit App
2026-05-01T10:52:20Z,HEART_RATE_ZONE_TYPE_UNSPECIFIED,1.13656,Fitbit App
2026-05-01T10:53:20Z,HEART_RATE_ZONE_TYPE_UNSPECIFIED,1.13656,Fitbit App
2026-05-01T10:54:20Z,HEART_RATE_ZONE_TYPE_UNSPECIFIED,1.13656,Fitbit App
2026-05-01T10:55:20Z,HEART_RATE_ZONE_TYPE_UNSPECIFIED,2.727744,Fitbit App
2026-05-01T10:56:20Z,HEART_RATE_ZONE_TYPE_UNSPECIFIED,2.727744,Fitbit App
2026-05-01T10:57:20Z,HEART_RATE_ZONE_TYPE_UNSPECIFIED,1.13656,Fitbit App
2026-05-01T10:58:20Z,HEART_RATE_ZONE_TYPE_UNSPECIFIED,1.13656,Fitbit App
2026-05-01T10:59:20Z,HEART_RATE_ZONE_TYPE_UNSPECIFIED,1.13656,Fitbit App
2026-05-01T11:00:20Z,HEART_RATE_ZONE_TYPE_UNSPECIFIED,1.13656,Fitbit App
2026-05-01T11:01:20Z,HEART_RATE_ZONE_TYPE_UNSPECIFIED,1.13656,Fitbit App
2026-05-01T11:02:20Z,HEART_RATE_ZONE_TYPE_UNSPECIFIED,1.13656,Fitbit App
2026-05-01T11:03:20Z,HEART_RATE_ZONE_TYPE_UNSPECIFIED,1.13656,Fitbit App
2026-05-01T11:04:20Z,HEART_RATE_ZONE_TYPE_UNSPECIFIED,1.13656,Fitbit App
2026-05-01T11:05:20Z,HEART_RATE_ZONE_TYPE_UNSPECIFIED,1.13656,Fitbit App
2026-05-01T11:06:20Z,HEART_RATE_ZONE_TYPE_UNSPECIFIED,1.13656,Fitbit App
2026-05-01T11:07:20Z,HEART_RATE_ZONE_TYPE_UNSPECIFIED,2.727744,Fitbit App
2026-05-01T11:08:20Z,HEART_RATE_ZONE_TYPE_UNSPECIFIED,2.9550560000000003,Fitbit App
2026-05-01T11:09:20Z,HEART_RATE_ZONE_TYPE_UNSPECIFIED,1.13656,Fitbit App
2026-05-01T11:10:20Z,HEART_RATE_ZONE_TYPE_UNSPECIFIED,1.13656,Fitbit App
2026-05-01T11:11:20Z,HEART_RATE_ZONE_TYPE_UNSPECIFIED,1.13656,Fitbit App
2026-05-01T11:12:20Z,HEART_RATE_ZONE_TYPE_UNSPECIFIED,1.13656,Fitbit App
2026-05-01T11:13:20Z,HEART_RATE_ZONE_TYPE_UNSPECIFIED,1.13656,Fitbit App
2026-05-01T11:14:20Z,HEART_RATE_ZONE_TYPE_UNSPECIFIED,1.13656,Fitbit App
2026-05-01T11:15:20Z,HEART_RATE_ZONE_TYPE_UNSPECIFIED,1.13656,Fitbit App
2026-05-01T11:16:20Z,HEART_RATE_ZONE_TYPE_UNSPECIFIED,1.13656,Fitbit App
2026-05-01T11:17:20Z,HEART_RATE_ZONE_TYPE_UNSPECIFIED,1.13656,Fitbit App
2026-05-01T11:18:20Z,HEART_RATE_ZONE_TYPE_UNSPECIFIED,1.13656,Fitbit App
2026-05-01T11:19:20Z,HEART_RATE_ZONE_TYPE_UNSPECIFIED,1.13656,Fitbit App
2026-05-01T11:20:20Z,HEART_RATE_ZONE_TYPE_UNSPECIFIED,1.13656,Fitbit App
2026-05-01T11:21:20Z,HEART_RATE_ZONE_TYPE_UNSPECIFIED,2.9550560000000003,Fitbit App
2026-05-01T11:22:20Z,HEART_RATE_ZONE_TYPE_UNSPECIFIED,3.182368,Fitbit App
2026-05-01T11:23:20Z,HEART_RATE_ZONE_TYPE_UNSPECIFIED,1.13656,Fitbit App
2026-05-01T11:24:20Z,HEART_RATE_ZONE_TYPE_UNSPECIFIED,1.13656,Fitbit App
2026-05-01T11:25:20Z,HEART_RATE_ZONE_TYPE_UNSPECIFIED,1.13656,Fitbit App
2026-05-01T11:26:20Z,HEART_RATE_ZONE_TYPE_UNSPECIFIED,1.13656,Fitbit App
2026-05-01T11:27:20Z,HEART_RATE_ZONE_TYPE_UNSPECIFIED,1.13656,Fitbit App
2026-05-01T11:28:20Z,HEART_RATE_ZONE_TYPE_UNSPECIFIED,1.13656,Fitbit App
2026-05-01T11:29:20Z,HEART_RATE_ZONE_TYPE_UNSPECIFIED,1.13656,Fitbit App
2026-05-01T11:30:20Z,HEART_RATE_ZONE_TYPE_UNSPECIFIED,1.13656,Fitbit App
2026-05-01T11:31:20Z,HEART_RATE_ZONE_TYPE_UNSPECIFIED,1.13656,Fitbit App
2026-05-01T11:32:20Z,HEART_RATE_ZONE_TYPE_UNSPECIFIED,1.13656,Fitbit App
2026-05-01T11:33:20Z,HEART_RATE_ZONE_TYPE_UNSPECIFIED,1.13656,Fitbit App
2026-05-01T11:34:20Z,HEART_RATE_ZONE_TYPE_UNSPECIFIED,1.13656,Fitbit App
2026-05-01T11:35:20Z,HEART_RATE_ZONE_TYPE_UNSPECIFIED,1.13656,Fitbit App
2026-05-01T11:36:20Z,HEART_RATE_ZONE_TYPE_UNSPECIFIED,1.13656,Fitbit App
2026-05-01T11:37:20Z,HEART_RATE_ZONE_TYPE_UNSPECIFIED,1.13656,Fitbit App
2026-05-01T11:38:20Z,HEART_RATE_ZONE_TYPE_UNSPECIFIED,1.13656,Fitbit App
2026-05-01T11:39:20Z,HEART_RATE_ZONE_TYPE_UNSPECIFIED,1.13656,Fitbit App
2026-05-01T11:40:20Z,HEART_RATE_ZONE_TYPE_UNSPECIFIED,1.13656,Fitbit App
2026-05-01T11:41:20Z,HEART_RATE_ZONE_TYPE_UNSPECIFIED,1.13656,Fitbit App
2026-05-01T11:42:20Z,HEART_RATE_ZONE_TYPE_UNSPECIFIED,1.13656,Fitbit App
2026-05-01T11:43:20Z,HEART_RATE_ZONE_TYPE_UNSPECIFIED,1.13656,Fitbit App
2026-05-01T11:44:20Z,HEART_RATE_ZONE_TYPE_UNSPECIFIED,1.13656,Fitbit App
2026-05-01T11:45:20Z,HEART_RATE_ZONE_TYPE_UNSPECIFIED,1.13656,Fitbit App
2026-05-01T11:46:20Z,HEART_RATE_ZONE_TYPE_UNSPECIFIED,1.13656,Fitbit App
2026-05-01T11:47:20Z,HEART_RATE_ZONE_TYPE_UNSPECIFIED,1.13656,Fitbit App
2026-05-01T11:48:20Z,HEART_RATE_ZONE_TYPE_UNSPECIFIED,1.13656,Fitbit App
2026-05-01T11:49:20Z,HEART_RATE_ZONE_TYPE_UNSPECIFIED,1.13656,Fitbit App
2026-05-01T11:50:20Z,HEART_RATE_ZONE_TYPE_UNSPECIFIED,2.727744,Fitbit App
2026-05-01T11:51:20Z,HEART_RATE_ZONE_TYPE_UNSPECIFIED,3.182368,Fitbit App
2026-05-01T11:52:20Z,HEART_RATE_ZONE_TYPE_UNSPECIFIED,4.091616,Fitbit App
2026-05-01T11:53:20Z,HEART_RATE_ZONE_TYPE_UNSPECIFIED,13.07044,Fitbit App
2026-05-01T11:54:20Z,HEART_RATE_ZONE_TYPE_UNSPECIFIED,4.318928,Fitbit App
2026-05-01T11:55:20Z,HEART_RATE_ZONE_TYPE_UNSPECIFIED,4.54624,Fitbit App
2026-05-01T11:56:20Z,HEART_RATE_ZONE_TYPE_UNSPECIFIED,10.115384,Fitbit App
2026-05-01T11:57:20Z,HEART_RATE_ZONE_TYPE_UNSPECIFIED,9.206135999999999,Fitbit App
2026-05-01T11:58:20Z,HEART_RATE_ZONE_TYPE_UNSPECIFIED,4.54624,Fitbit App
2026-05-01T11:59:20Z,HEART_RATE_ZONE_TYPE_UNSPECIFIED,3.40968,Fitbit App
2026-05-01T12:00:20Z,HEART_RATE_ZONE_TYPE_UNSPECIFIED,1.13656,Fitbit App
2026-05-01T12:01:20Z,HEART_RATE_ZONE_TYPE_UNSPECIFIED,1.13656,Fitbit App
2026-05-01T12:02:20Z,HEART_RATE_ZONE_TYPE_UNSPECIFIED,1.13656,Fitbit App
2026-05-01T12:03:20Z,HEART_RATE_ZONE_TYPE_UNSPECIFIED,1.13656,Fitbit App
2026-05-01T12:04:20Z,HEART_RATE_ZONE_TYPE_UNSPECIFIED,1.13656,Fitbit App
2026-05-01T12:05:20Z,HEART_RATE_ZONE_TYPE_UNSPECIFIED,1.13656,Fitbit App
2026-05-01T12:06:20Z,HEART_RATE_ZONE_TYPE_UNSPECIFIED,1.13656,Fitbit App
2026-05-01T12:07:20Z,HEART_RATE_ZONE_TYPE_UNSPECIFIED,1.13656,Fitbit App
2026-05-01T12:08:20Z,HEART_RATE_ZONE_TYPE_UNSPECIFIED,1.13656,Fitbit App
2026-05-01T12:09:20Z,HEART_RATE_ZONE_TYPE_UNSPECIFIED,1.13656,Fitbit App
2026-05-01T12:10:20Z,HEART_RATE_ZONE_TYPE_UNSPECIFIED,1.13656,Fitbit App
2026-05-01T12:11:20Z,HEART_RATE_ZONE_TYPE_UNSPECIFIED,1.13656,Fitbit App
2026-05-01T12:12:20Z,HEART_RATE_ZONE_TYPE_UNSPECIFIED,1.13656,Fitbit App
2026-05-01T12:13:20Z,HEART_RATE_ZONE_TYPE_UNSPECIFIED,1.13656,Fitbit App
2026-05-01T12:14:20Z,HEART_RATE_ZONE_TYPE_UNSPECIFIED,1.13656,Fitbit App
2026-05-01T12:15:20Z,HEART_RATE_ZONE_TYPE_UNSPECIFIED,1.13656,Fitbit App
2026-05-01T12:16:20Z,HEART_RATE_ZONE_TYPE_UNSPECIFIED,1.13656,Fitbit App
2026-05-01T12:17:20Z,HEART_RATE_ZONE_TYPE_UNSPECIFIED,1.13656,Fitbit App
2026-05-01T12:18:20Z,HEART_RATE_ZONE_TYPE_UNSPECIFIED,1.13656,Fitbit App
2026-05-01T12:19:20Z,HEART_RATE_ZONE_TYPE_UNSPECIFIED,1.13656,Fitbit App
2026-05-01T12:20:20Z,HEART_RATE_ZONE_TYPE_UNSPECIFIED,1.13656,Fitbit App
2026-05-01T12:21:20Z,HEART_RATE_ZONE_TYPE_UNSPECIFIED,1.13656,Fitbit App
2026-05-01T12:22:20Z,HEART_RATE_ZONE_TYPE_UNSPECIFIED,1.13656,Fitbit App
2026-05-01T12:23:20Z,HEART_RATE_ZONE_TYPE_UNSPECIFIED,1.13656,Fitbit App
2026-05-01T12:24:20Z,HEART_RATE_ZONE_TYPE_UNSPECIFIED,1.13656,Fitbit App
2026-05-01T12:25:20Z,HEART_RATE_ZONE_TYPE_UNSPECIFIED,1.13656,Fitbit App
2026-05-01T12:26:20Z,HEART_RATE_ZONE_TYPE_UNSPECIFIED,1.13656,Fitbit App
2026-05-01T12:27:20Z,HEART_RATE_ZONE_TYPE_UNSPECIFIED,1.13656,Fitbit App
2026-05-01T12:28:20Z,HEART_RATE_ZONE_TYPE_UNSPECIFIED,1.13656,Fitbit App
2026-05-01T12:29:20Z,HEART_RATE_ZONE_TYPE_UNSPECIFIED,1.13656,Fitbit App
2026-05-01T12:30:20Z,HEART_RATE_ZONE_TYPE_UNSPECIFIED,1.13656,Fitbit App
2026-05-01T12:31:20Z,HEART_RATE_ZONE_TYPE_UNSPECIFIED,1.13656,Fitbit App
2026-05-01T12:32:20Z,HEART_RATE_ZONE_TYPE_UNSPECIFIED,2.727744,Fitbit App
2026-05-01T12:33:20Z,HEART_RATE_ZONE_TYPE_UNSPECIFIED,3.182368,Fitbit App
2026-05-01T12:34:20Z,HEART_RATE_ZONE_TYPE_UNSPECIFIED,3.182368,Fitbit App
2026-05-01T12:35:20Z,HEART_RATE_ZONE_TYPE_UNSPECIFIED,1.13656,Fitbit App
2026-05-01T12:36:20Z,HEART_RATE_ZONE_TYPE_UNSPECIFIED,1.13656,Fitbit App
2026-05-01T12:37:20Z,HEART_RATE_ZONE_TYPE_UNSPECIFIED,1.13656,Fitbit App
2026-05-01T12:38:20Z,HEART_RATE_ZONE_TYPE_UNSPECIFIED,1.13656,Fitbit App
2026-05-01T12:39:20Z,HEART_RATE_ZONE_TYPE_UNSPECIFIED,1.13656,Fitbit App
2026-05-01T12:40:20Z,HEART_RATE_ZONE_TYPE_UNSPECIFIED,1.13656,Fitbit App
2026-05-01T12:41:20Z,HEART_RATE_ZONE_TYPE_UNSPECIFIED,1.13656,Fitbit App
2026-05-01T12:42:20Z,HEART_RATE_ZONE_TYPE_UNSPECIFIED,1.13656,Fitbit App
2026-05-01T12:43:20Z,HEART_RATE_ZONE_TYPE_UNSPECIFIED,1.13656,Fitbit App
2026-05-01T12:44:20Z,HEART_RATE_ZONE_TYPE_UNSPECIFIED,1.13656,Fitbit App
2026-05-01T12:45:20Z,HEART_RATE_ZONE_TYPE_UNSPECIFIED,1.13656,Fitbit App
2026-05-01T12:46:20Z,HEART_RATE_ZONE_TYPE_UNSPECIFIED,1.13656,Fitbit App
2026-05-01T12:47:20Z,HEART_RATE_ZONE_TYPE_UNSPECIFIED,1.13656,Fitbit App
2026-05-01T12:48:20Z,HEART_RATE_ZONE_TYPE_UNSPECIFIED,1.13656,Fitbit App
2026-05-01T12:49:20Z,HEART_RATE_ZONE_TYPE_UNSPECIFIED,1.13656,Fitbit App
2026-05-01T12:50:20Z,HEART_RATE_ZONE_TYPE_UNSPECIFIED,1.13656,Fitbit App
2026-05-01T12:51:20Z,HEART_RATE_ZONE_TYPE_UNSPECIFIED,1.13656,Fitbit App
2026-05-01T12:52:20Z,HEART_RATE_ZONE_TYPE_UNSPECIFIED,1.13656,Fitbit App
2026-05-01T12:53:20Z,HEART_RATE_ZONE_TYPE_UNSPECIFIED,1.13656,Fitbit App
2026-05-01T12:54:20Z,HEART_RATE_ZONE_TYPE_UNSPECIFIED,1.13656,Fitbit App
2026-05-01T12:55:20Z,HEART_RATE_ZONE_TYPE_UNSPECIFIED,1.13656,Fitbit App
2026-05-01T12:56:20Z,HEART_RATE_ZONE_TYPE_UNSPECIFIED,1.13656,Fitbit App
2026-05-01T12:57:20Z,HEART_RATE_ZONE_TYPE_UNSPECIFIED,1.13656,Fitbit App
2026-05-01T12:58:20Z,HEART_RATE_ZONE_TYPE_UNSPECIFIED,1.13656,Fitbit App
2026-05-01T12:59:20Z,HEART_RATE_ZONE_TYPE_UNSPECIFIED,2.727744,Fitbit App
2026-05-01T13:00:20Z,HEART_RATE_ZONE_TYPE_UNSPECIFIED,2.727744,Fitbit App
2026-05-01T13:01:20Z,HEART_RATE_ZONE_TYPE_UNSPECIFIED,1.13656,Fitbit App
2026-05-01T13:02:20Z,HEART_RATE_ZONE_TYPE_UNSPECIFIED,1.13656,Fitbit App
2026-05-01T13:03:20Z,HEART_RATE_ZONE_TYPE_UNSPECIFIED,1.13656,Fitbit App
2026-05-01T13:04:20Z,HEART_RATE_ZONE_TYPE_UNSPECIFIED,1.13656,Fitbit App
2026-05-01T13:05:20Z,HEART_RATE_ZONE_TYPE_UNSPECIFIED,1.13656,Fitbit App
2026-05-01T13:06:20Z,HEART_RATE_ZONE_TYPE_UNSPECIFIED,1.13656,Fitbit App
2026-05-01T13:07:20Z,HEART_RATE_ZONE_TYPE_UNSPECIFIED,1.13656,Fitbit App
2026-05-01T13:08:20Z,HEART_RATE_ZONE_TYPE_UNSPECIFIED,1.13656,Fitbit App
2026-05-01T13:09:20Z,HEART_RATE_ZONE_TYPE_UNSPECIFIED,1.13656,Fitbit App
2026-05-01T13:10:20Z,HEART_RATE_ZONE_TYPE_UNSPECIFIED,1.13656,Fitbit App
2026-05-01T13:11:20Z,HEART_RATE_ZONE_TYPE_UNSPECIFIED,1.13656,Fitbit App
2026-05-01T13:12:20Z,HEART_RATE_ZONE_TYPE_UNSPECIFIED,1.13656,Fitbit App
2026-05-01T13:13:20Z,HEART_RATE_ZONE_TYPE_UNSPECIFIED,1.13656,Fitbit App
2026-05-01T13:14:20Z,HEART_RATE_ZONE_TYPE_UNSPECIFIED,1.13656,Fitbit App
2026-05-01T13:15:20Z,HEART_RATE_ZONE_TYPE_UNSPECIFIED,1.13656,Fitbit App
2026-05-01T13:16:20Z,HEART_RATE_ZONE_TYPE_UNSPECIFIED,1.13656,Fitbit App
2026-05-01T13:17:20Z,HEART_RATE_ZONE_TYPE_UNSPECIFIED,1.13656,Fitbit App
2026-05-01T13:18:20Z,HEART_RATE_ZONE_TYPE_UNSPECIFIED,1.13656,Fitbit App
2026-05-01T13:19:20Z,HEART_RATE_ZONE_TYPE_UNSPECIFIED,1.13656,Fitbit App
2026-05-01T13:20:20Z,HEART_RATE_ZONE_TYPE_UNSPECIFIED,1.13656,Fitbit App
2026-05-01T13:21:20Z,HEART_RATE_ZONE_TYPE_UNSPECIFIED,1.13656,Fitbit App
2026-05-01T13:22:20Z,HEART_RATE_ZONE_TYPE_UNSPECIFIED,1.13656,Fitbit App
2026-05-01T13:23:20Z,HEART_RATE_ZONE_TYPE_UNSPECIFIED,1.13656,Fitbit App
2026-05-01T13:24:20Z,HEART_RATE_ZONE_TYPE_UNSPECIFIED,1.13656,Fitbit App
2026-05-01T13:25:20Z,HEART_RATE_ZONE_TYPE_UNSPECIFIED,1.13656,Fitbit App
2026-05-01T13:26:20Z,HEART_RATE_ZONE_TYPE_UNSPECIFIED,1.13656,Fitbit App
2026-05-01T13:27:20Z,HEART_RATE_ZONE_TYPE_UNSPECIFIED,1.13656,Fitbit App
2026-05-01T13:28:20Z,HEART_RATE_ZONE_TYPE_UNSPECIFIED,1.13656,Fitbit App
2026-05-01T13:29:20Z,HEART_RATE_ZONE_TYPE_UNSPECIFIED,1.13656,Fitbit App
2026-05-01T13:30:20Z,HEART_RATE_ZONE_TYPE_UNSPECIFIED,1.13656,Fitbit App
2026-05-01T13:31:20Z,HEART_RATE_ZONE_TYPE_UNSPECIFIED,1.13656,Fitbit App
2026-05-01T13:32:20Z,HEART_RATE_ZONE_TYPE_UNSPECIFIED,1.13656,Fitbit App
2026-05-01T13:33:20Z,HEART_RATE_ZONE_TYPE_UNSPECIFIED,1.13656,Fitbit App
2026-05-01T13:34:20Z,HEART_RATE_ZONE_TYPE_UNSPECIFIED,1.13656,Fitbit App
2026-05-01T13:35:20Z,HEART_RATE_ZONE_TYPE_UNSPECIFIED,1.13656,Fitbit App
2026-05-01T13:36:20Z,HEART_RATE_ZONE_TYPE_UNSPECIFIED,1.13656,Fitbit App
2026-05-01T13:37:20Z,HEART_RATE_ZONE_TYPE_UNSPECIFIED,1.13656,Fitbit App
2026-05-01T13:38:20Z,HEART_RATE_ZONE_TYPE_UNSPECIFIED,1.13656,Fitbit App
2026-05-01T13:39:20Z,HEART_RATE_ZONE_TYPE_UNSPECIFIED,1.13656,Fitbit App
2026-05-01T13:40:20Z,HEART_RATE_ZONE_TYPE_UNSPECIFIED,1.13656,Fitbit App
2026-05-01T13:41:20Z,HEART_RATE_ZONE_TYPE_UNSPECIFIED,1.13656,Fitbit App
2026-05-01T13:42:20Z,HEART_RATE_ZONE_TYPE_UNSPECIFIED,1.13656,Fitbit App
2026-05-01T13:43:20Z,HEART_RATE_ZONE_TYPE_UNSPECIFIED,1.13656,Fitbit App
2026-05-01T13:44:20Z,HEART_RATE_ZONE_TYPE_UNSPECIFIED,1.13656,Fitbit App
2026-05-01T13:45:20Z,HEART_RATE_ZONE_TYPE_UNSPECIFIED,1.13656,Fitbit App
2026-05-01T13:46:20Z,HEART_RATE_ZONE_TYPE_UNSPECIFIED,1.13656,Fitbit App
2026-05-01T13:47:20Z,HEART_RATE_ZONE_TYPE_UNSPECIFIED,1.13656,Fitbit App
2026-05-01T13:48:20Z,HEART_RATE_ZONE_TYPE_UNSPECIFIED,1.13656,Fitbit App
2026-05-01T13:49:20Z,HEART_RATE_ZONE_TYPE_UNSPECIFIED,1.13656,Fitbit App
2026-05-01T13:50:20Z,HEART_RATE_ZONE_TYPE_UNSPECIFIED,1.13656,Fitbit App
2026-05-01T13:51:20Z,HEART_RATE_ZONE_TYPE_UNSPECIFIED,1.13656,Fitbit App
2026-05-01T13:52:20Z,HEART_RATE_ZONE_TYPE_UNSPECIFIED,1.13656,Fitbit App
2026-05-01T13:53:20Z,HEART_RATE_ZONE_TYPE_UNSPECIFIED,1.13656,Fitbit App
2026-05-01T13:54:20Z,HEART_RATE_ZONE_TYPE_UNSPECIFIED,1.13656,Fitbit App
2026-05-01T13:55:20Z,HEART_RATE_ZONE_TYPE_UNSPECIFIED,1.13656,Fitbit App
2026-05-01T13:56:20Z,HEART_RATE_ZONE_TYPE_UNSPECIFIED,1.13656,Fitbit App
2026-05-01T13:57:20Z,HEART_RATE_ZONE_TYPE_UNSPECIFIED,1.13656,Fitbit App
2026-05-01T13:58:20Z,HEART_RATE_ZONE_TYPE_UNSPECIFIED,1.13656,Fitbit App
2026-05-01T13:59:20Z,HEART_RATE_ZONE_TYPE_UNSPECIFIED,1.13656,Fitbit App
2026-05-01T14:00:20Z,HEART_RATE_ZONE_TYPE_UNSPECIFIED,1.13656,Fitbit App
2026-05-01T14:01:20Z,HEART_RATE_ZONE_TYPE_UNSPECIFIED,1.13656,Fitbit App
2026-05-01T14:02:20Z,HEART_RATE_ZONE_TYPE_UNSPECIFIED,1.13656,Fitbit App
2026-05-01T14:03:20Z,HEART_RATE_ZONE_TYPE_UNSPECIFIED,1.13656,Fitbit App
2026-05-01T14:04:20Z,HEART_RATE_ZONE_TYPE_UNSPECIFIED,1.13656,Fitbit App
2026-05-01T14:05:20Z,HEART_RATE_ZONE_TYPE_UNSPECIFIED,1.13656,Fitbit App
2026-05-01T14:06:20Z,HEART_RATE_ZONE_TYPE_UNSPECIFIED,1.13656,Fitbit App
2026-05-01T14:07:20Z,HEART_RATE_ZONE_TYPE_UNSPECIFIED,1.13656,Fitbit App
2026-05-01T14:08:20Z,HEART_RATE_ZONE_TYPE_UNSPECIFIED,1.13656,Fitbit App
2026-05-01T14:09:20Z,HEART_RATE_ZONE_TYPE_UNSPECIFIED,1.13656,Fitbit App
2026-05-01T14:10:20Z,HEART_RATE_ZONE_TYPE_UNSPECIFIED,1.13656,Fitbit App
2026-05-01T14:11:20Z,HEART_RATE_ZONE_TYPE_UNSPECIFIED,1.13656,Fitbit App
2026-05-01T14:12:20Z,HEART_RATE_ZONE_TYPE_UNSPECIFIED,1.13656,Fitbit App
2026-05-01T14:13:20Z,HEART_RATE_ZONE_TYPE_UNSPECIFIED,1.13656,Fitbit App
2026-05-01T14:14:20Z,HEART_RATE_ZONE_TYPE_UNSPECIFIED,1.13656,Fitbit App
2026-05-01T14:15:20Z,HEART_RATE_ZONE_TYPE_UNSPECIFIED,1.13656,Fitbit App
2026-05-01T14:16:20Z,HEART_RATE_ZONE_TYPE_UNSPECIFIED,1.13656,Fitbit App
2026-05-01T14:17:20Z,HEART_RATE_ZONE_TYPE_UNSPECIFIED,1.13657,Fitbit App
2026-05-01T14:18:20Z,HEART_RATE_ZONE_TYPE_UNSPECIFIED,1.13657,Fitbit App
2026-05-01T14:19:20Z,HEART_RATE_ZONE_TYPE_UNSPECIFIED,1.13657,Fitbit App
2026-05-01T14:20:20Z,HEART_RATE_ZONE_TYPE_UNSPECIFIED,1.13657,Fitbit App
2026-05-01T14:21:20Z,HEART_RATE_ZONE_TYPE_UNSPECIFIED,1.13657,Fitbit App
2026-05-01T14:22:20Z,HEART_RATE_ZONE_TYPE_UNSPECIFIED,1.13657,Fitbit App
2026-05-01T14:23:20Z,HEART_RATE_ZONE_TYPE_UNSPECIFIED,1.13657,Fitbit App
2026-05-01T14:24:20Z,HEART_RATE_ZONE_TYPE_UNSPECIFIED,1.13657,Fitbit App
2026-05-01T14:25:20Z,HEART_RATE_ZONE_TYPE_UNSPECIFIED,1.13657,Fitbit App
2026-05-01T14:26:20Z,HEART_RATE_ZONE_TYPE_UNSPECIFIED,1.13657,Fitbit App
2026-05-01T14:27:20Z,HEART_RATE_ZONE_TYPE_UNSPECIFIED,1.13657,Fitbit App
2026-05-01T14:28:20Z,HEART_RATE_ZONE_TYPE_UNSPECIFIED,1.13657,Fitbit App
2026-05-01T14:29:20Z,HEART_RATE_ZONE_TYPE_UNSPECIFIED,1.13657,Fitbit App
2026-05-01T14:30:20Z,HEART_RATE_ZONE_TYPE_UNSPECIFIED,1.13657,Fitbit App
2026-05-01T14:31:20Z,HEART_RATE_ZONE_TYPE_UNSPECIFIED,1.13657,Fitbit App
2026-05-01T14:32:20Z,HEART_RATE_ZONE_TYPE_UNSPECIFIED,1.13657,Fitbit App
2026-05-01T14:33:20Z,HEART_RATE_ZONE_TYPE_UNSPECIFIED,1.13657,Fitbit App
2026-05-01T14:34:20Z,HEART_RATE_ZONE_TYPE_UNSPECIFIED,1.13657,Fitbit App
2026-05-01T14:35:20Z,HEART_RATE_ZONE_TYPE_UNSPECIFIED,1.13657,Fitbit App
2026-05-01T14:36:20Z,HEART_RATE_ZONE_TYPE_UNSPECIFIED,1.13657,Fitbit App
2026-05-01T14:37:20Z,HEART_RATE_ZONE_TYPE_UNSPECIFIED,1.13657,Fitbit App
2026-05-01T14:38:20Z,HEART_RATE_ZONE_TYPE_UNSPECIFIED,1.13657,Fitbit App
2026-05-01T14:39:20Z,HEART_RATE_ZONE_TYPE_UNSPECIFIED,1.13657,Fitbit App
2026-05-01T14:40:20Z,HEART_RATE_ZONE_TYPE_UNSPECIFIED,1.13657,Fitbit App
2026-05-01T14:41:20Z,HEART_RATE_ZONE_TYPE_UNSPECIFIED,1.13657,Fitbit App
2026-05-01T14:42:20Z,HEART_RATE_ZONE_TYPE_UNSPECIFIED,1.13657,Fitbit App
2026-05-01T14:43:20Z,HEART_RATE_ZONE_TYPE_UNSPECIFIED,1.13657,Fitbit App
2026-05-01T14:44:20Z,HEART_RATE_ZONE_TYPE_UNSPECIFIED,1.13657,Fitbit App
2026-05-01T14:45:20Z,HEART_RATE_ZONE_TYPE_UNSPECIFIED,1.13657,Fitbit App
2026-05-01T14:46:20Z,HEART_RATE_ZONE_TYPE_UNSPECIFIED,1.13657,Fitbit App
2026-05-01T14:47:20Z,HEART_RATE_ZONE_TYPE_UNSPECIFIED,1.13657,Fitbit App
2026-05-01T14:48:20Z,HEART_RATE_ZONE_TYPE_UNSPECIFIED,1.13657,Fitbit App
2026-05-01T14:49:20Z,HEART_RATE_ZONE_TYPE_UNSPECIFIED,1.13657,Fitbit App
2026-05-01T14:50:20Z,HEART_RATE_ZONE_TYPE_UNSPECIFIED,1.13657,Fitbit App
2026-05-01T14:51:20Z,HEART_RATE_ZONE_TYPE_UNSPECIFIED,1.13657,Fitbit App
2026-05-01T14:52:20Z,HEART_RATE_ZONE_TYPE_UNSPECIFIED,1.13657,Fitbit App
2026-05-01T14:53:20Z,HEART_RATE_ZONE_TYPE_UNSPECIFIED,1.13657,Fitbit App
2026-05-01T14:54:20Z,HEART_RATE_ZONE_TYPE_UNSPECIFIED,1.13657,Fitbit App
2026-05-01T14:55:20Z,HEART_RATE_ZONE_TYPE_UNSPECIFIED,1.13657,Fitbit App
2026-05-01T14:56:20Z,HEART_RATE_ZONE_TYPE_UNSPECIFIED,1.13657,Fitbit App
2026-05-01T14:57:20Z,HEART_RATE_ZONE_TYPE_UNSPECIFIED,1.13657,Fitbit App
2026-05-01T14:58:20Z,HEART_RATE_ZONE_TYPE_UNSPECIFIED,1.13657,Fitbit App
2026-05-01T14:59:20Z,HEART_RATE_ZONE_TYPE_UNSPECIFIED,1.13657,Fitbit App
2026-05-01T15:00:20Z,HEART_RATE_ZONE_TYPE_UNSPECIFIED,1.13657,Fitbit App
2026-05-01T15:01:20Z,HEART_RATE_ZONE_TYPE_UNSPECIFIED,1.13657,Fitbit App
2026-05-01T15:02:20Z,HEART_RATE_ZONE_TYPE_UNSPECIFIED,1.13657,Fitbit App
2026-05-01T15:03:20Z,HEART_RATE_ZONE_TYPE_UNSPECIFIED,1.13657,Fitbit App
2026-05-01T15:04:20Z,HEART_RATE_ZONE_TYPE_UNSPECIFIED,1.13657,Fitbit App
2026-05-01T15:05:20Z,HEART_RATE_ZONE_TYPE_UNSPECIFIED,1.13657,Fitbit App
2026-05-01T15:06:20Z,HEART_RATE_ZONE_TYPE_UNSPECIFIED,1.13657,Fitbit App
2026-05-01T15:07:20Z,HEART_RATE_ZONE_TYPE_UNSPECIFIED,1.13657,Fitbit App
2026-05-01T15:08:20Z,HEART_RATE_ZONE_TYPE_UNSPECIFIED,1.13657,Fitbit App
2026-05-01T15:09:20Z,HEART_RATE_ZONE_TYPE_UNSPECIFIED,1.13657,Fitbit App
2026-05-01T15:10:20Z,HEART_RATE_ZONE_TYPE_UNSPECIFIED,1.13657,Fitbit App
2026-05-01T15:11:20Z,HEART_RATE_ZONE_TYPE_UNSPECIFIED,1.13657,Fitbit App
2026-05-01T15:12:20Z,HEART_RATE_ZONE_TYPE_UNSPECIFIED,1.13657,Fitbit App
2026-05-01T15:13:20Z,HEART_RATE_ZONE_TYPE_UNSPECIFIED,1.13657,Fitbit App
2026-05-01T15:14:20Z,HEART_RATE_ZONE_TYPE_UNSPECIFIED,1.13657,Fitbit App
2026-05-01T15:15:20Z,HEART_RATE_ZONE_TYPE_UNSPECIFIED,1.13657,Fitbit App
2026-05-01T15:16:20Z,HEART_RATE_ZONE_TYPE_UNSPECIFIED,1.13657,Fitbit App
2026-05-01T15:17:20Z,HEART_RATE_ZONE_TYPE_UNSPECIFIED,1.13657,Fitbit App
2026-05-01T15:18:20Z,HEART_RATE_ZONE_TYPE_UNSPECIFIED,1.13657,Fitbit App
2026-05-01T15:19:20Z,HEART_RATE_ZONE_TYPE_UNSPECIFIED,1.13657,Fitbit App
2026-05-01T15:20:20Z,HEART_RATE_ZONE_TYPE_UNSPECIFIED,1.13657,Fitbit App
2026-05-01T15:21:20Z,HEART_RATE_ZONE_TYPE_UNSPECIFIED,1.13657,Fitbit App
2026-05-01T15:22:20Z,HEART_RATE_ZONE_TYPE_UNSPECIFIED,1.13657,Fitbit App
2026-05-01T15:23:20Z,HEART_RATE_ZONE_TYPE_UNSPECIFIED,1.13657,Fitbit App
2026-05-01T15:24:20Z,HEART_RATE_ZONE_TYPE_UNSPECIFIED,1.13657,Fitbit App
2026-05-01T15:25:20Z,HEART_RATE_ZONE_TYPE_UNSPECIFIED,1.13657,Fitbit App
2026-05-01T15:26:20Z,HEART_RATE_ZONE_TYPE_UNSPECIFIED,1.13657,Fitbit App
2026-05-01T15:27:20Z,HEART_RATE_ZONE_TYPE_UNSPECIFIED,1.13657,Fitbit App
2026-05-01T15:28:20Z,HEART_RATE_ZONE_TYPE_UNSPECIFIED,1.13657,Fitbit App
2026-05-01T15:29:20Z,HEART_RATE_ZONE_TYPE_UNSPECIFIED,1.13657,Fitbit App
2026-05-01T15:30:20Z,HEART_RATE_ZONE_TYPE_UNSPECIFIED,1.13657,Fitbit App
2026-05-01T15:31:20Z,HEART_RATE_ZONE_TYPE_UNSPECIFIED,1.13657,Fitbit App
2026-05-01T15:32:20Z,HEART_RATE_ZONE_TYPE_UNSPECIFIED,1.13657,Fitbit App
2026-05-01T15:33:20Z,HEART_RATE_ZONE_TYPE_UNSPECIFIED,1.13657,Fitbit App
2026-05-01T15:34:20Z,HEART_RATE_ZONE_TYPE_UNSPECIFIED,1.13657,Fitbit App
2026-05-01T15:35:20Z,HEART_RATE_ZONE_TYPE_UNSPECIFIED,1.13657,Fitbit App
2026-05-01T15:36:20Z,HEART_RATE_ZONE_TYPE_UNSPECIFIED,1.13657,Fitbit App
2026-05-01T15:37:20Z,HEART_RATE_ZONE_TYPE_UNSPECIFIED,1.13657,Fitbit App
2026-05-01T15:38:20Z,HEART_RATE_ZONE_TYPE_UNSPECIFIED,1.13657,Fitbit App
2026-05-01T15:39:20Z,HEART_RATE_ZONE_TYPE_UNSPECIFIED,1.13657,Fitbit App
2026-05-01T15:40:20Z,HEART_RATE_ZONE_TYPE_UNSPECIFIED,1.13657,Fitbit App
2026-05-01T15:41:20Z,HEART_RATE_ZONE_TYPE_UNSPECIFIED,1.13657,Fitbit App
2026-05-01T15:42:20Z,HEART_RATE_ZONE_TYPE_UNSPECIFIED,1.13657,Fitbit App
2026-05-01T15:43:20Z,HEART_RATE_ZONE_TYPE_UNSPECIFIED,1.13657,Fitbit App
2026-05-01T15:44:20Z,HEART_RATE_ZONE_TYPE_UNSPECIFIED,1.13657,Fitbit App
2026-05-01T15:45:20Z,HEART_RATE_ZONE_TYPE_UNSPECIFIED,1.13657,Fitbit App
2026-05-01T15:46:20Z,HEART_RATE_ZONE_TYPE_UNSPECIFIED,1.13657,Fitbit App
2026-05-01T15:47:20Z,HEART_RATE_ZONE_TYPE_UNSPECIFIED,1.13657,Fitbit App
2026-05-01T15:48:20Z,HEART_RATE_ZONE_TYPE_UNSPECIFIED,1.13657,Fitbit App
2026-05-01T15:49:20Z,HEART_RATE_ZONE_TYPE_UNSPECIFIED,1.13657,Fitbit App
2026-05-01T15:50:20Z,HEART_RATE_ZONE_TYPE_UNSPECIFIED,1.13657,Fitbit App
2026-05-01T15:51:20Z,HEART_RATE_ZONE_TYPE_UNSPECIFIED,1.13657,Fitbit App
2026-05-01T15:52:20Z,HEART_RATE_ZONE_TYPE_UNSPECIFIED,1.13657,Fitbit App
2026-05-01T15:53:20Z,HEART_RATE_ZONE_TYPE_UNSPECIFIED,1.13657,Fitbit App
2026-05-01T15:54:20Z,HEART_RATE_ZONE_TYPE_UNSPECIFIED,1.13657,Fitbit App
2026-05-01T15:55:20Z,HEART_RATE_ZONE_TYPE_UNSPECIFIED,1.13657,Fitbit App
2026-05-01T15:56:20Z,HEART_RATE_ZONE_TYPE_UNSPECIFIED,1.13657,Fitbit App
2026-05-01T15:57:20Z,HEART_RATE_ZONE_TYPE_UNSPECIFIED,1.13657,Fitbit App
2026-05-01T15:58:20Z,HEART_RATE_ZONE_TYPE_UNSPECIFIED,1.13657,Fitbit App
2026-05-01T15:59:20Z,HEART_RATE_ZONE_TYPE_UNSPECIFIED,1.13657,Fitbit App
2026-05-01T16:00:20Z,HEART_RATE_ZONE_TYPE_UNSPECIFIED,1.13657,Fitbit App
2026-05-01T16:01:20Z,HEART_RATE_ZONE_TYPE_UNSPECIFIED,1.13657,Fitbit App
2026-05-01T16:02:20Z,HEART_RATE_ZONE_TYPE_UNSPECIFIED,1.13657,Fitbit App
2026-05-01T16:03:20Z,HEART_RATE_ZONE_TYPE_UNSPECIFIED,1.13657,Fitbit App
2026-05-01T16:04:20Z,HEART_RATE_ZONE_TYPE_UNSPECIFIED,1.13657,Fitbit App
2026-05-01T16:05:20Z,HEART_RATE_ZONE_TYPE_UNSPECIFIED,1.13657,Fitbit App
2026-05-01T16:06:20Z,HEART_RATE_ZONE_TYPE_UNSPECIFIED,1.13657,Fitbit App
2026-05-01T16:07:20Z,HEART_RATE_ZONE_TYPE_UNSPECIFIED,1.13657,Fitbit App
2026-05-01T16:08:20Z,HEART_RATE_ZONE_TYPE_UNSPECIFIED,1.13657,Fitbit App
2026-05-01T16:09:20Z,HEART_RATE_ZONE_TYPE_UNSPECIFIED,1.13657,Fitbit App
2026-05-01T16:10:20Z,HEART_RATE_ZONE_TYPE_UNSPECIFIED,1.13657,Fitbit App
2026-05-01T16:11:20Z,HEART_RATE_ZONE_TYPE_UNSPECIFIED,1.13657,Fitbit App
2026-05-01T16:12:20Z,HEART_RATE_ZONE_TYPE_UNSPECIFIED,1.13657,Fitbit App
2026-05-01T16:13:20Z,HEART_RATE_ZONE_TYPE_UNSPECIFIED,1.13657,Fitbit App
2026-05-01T16:14:20Z,HEART_RATE_ZONE_TYPE_UNSPECIFIED,1.13657,Fitbit App
2026-05-01T16:15:20Z,HEART_RATE_ZONE_TYPE_UNSPECIFIED,1.13657,Fitbit App
2026-05-01T16:16:20Z,HEART_RATE_ZONE_TYPE_UNSPECIFIED,1.13657,Fitbit App
2026-05-01T16:17:20Z,HEART_RATE_ZONE_TYPE_UNSPECIFIED,1.13657,Fitbit App
2026-05-01T16:18:20Z,HEART_RATE_ZONE_TYPE_UNSPECIFIED,1.13657,Fitbit App
2026-05-01T16:19:20Z,HEART_RATE_ZONE_TYPE_UNSPECIFIED,1.13657,Fitbit App
2026-05-01T16:20:20Z,HEART_RATE_ZONE_TYPE_UNSPECIFIED,1.13657,Fitbit App
2026-05-01T16:21:20Z,HEART_RATE_ZONE_TYPE_UNSPECIFIED,1.13657,Fitbit App
2026-05-01T16:22:20Z,HEART_RATE_ZONE_TYPE_UNSPECIFIED,1.13657,Fitbit App
2026-05-01T16:23:20Z,HEART_RATE_ZONE_TYPE_UNSPECIFIED,1.13657,Fitbit App
2026-05-01T16:24:20Z,HEART_RATE_ZONE_TYPE_UNSPECIFIED,1.13657,Fitbit App
2026-05-01T16:25:20Z,HEART_RATE_ZONE_TYPE_UNSPECIFIED,1.13657,Fitbit App
2026-05-01T16:26:20Z,HEART_RATE_ZONE_TYPE_UNSPECIFIED,1.13657,Fitbit App
2026-05-01T16:27:20Z,HEART_RATE_ZONE_TYPE_UNSPECIFIED,1.13657,Fitbit App
2026-05-01T16:28:20Z,HEART_RATE_ZONE_TYPE_UNSPECIFIED,1.13657,Fitbit App
2026-05-01T16:29:20Z,HEART_RATE_ZONE_TYPE_UNSPECIFIED,1.13657,Fitbit App
2026-05-01T16:30:20Z,HEART_RATE_ZONE_TYPE_UNSPECIFIED,1.13657,Fitbit App
2026-05-01T16:31:20Z,HEART_RATE_ZONE_TYPE_UNSPECIFIED,1.13657,Fitbit App
2026-05-01T16:32:20Z,HEART_RATE_ZONE_TYPE_UNSPECIFIED,1.13657,Fitbit App
2026-05-01T16:33:20Z,HEART_RATE_ZONE_TYPE_UNSPECIFIED,1.13657,Fitbit App
2026-05-01T16:34:20Z,HEART_RATE_ZONE_TYPE_UNSPECIFIED,1.13657,Fitbit App
2026-05-01T16:35:20Z,HEART_RATE_ZONE_TYPE_UNSPECIFIED,1.13657,Fitbit App
2026-05-01T16:36:20Z,HEART_RATE_ZONE_TYPE_UNSPECIFIED,1.13657,Fitbit App
2026-05-01T16:37:20Z,HEART_RATE_ZONE_TYPE_UNSPECIFIED,1.13657,Fitbit App
2026-05-01T16:38:20Z,HEART_RATE_ZONE_TYPE_UNSPECIFIED,1.13657,Fitbit App
2026-05-01T16:39:20Z,HEART_RATE_ZONE_TYPE_UNSPECIFIED,1.13657,Fitbit App
2026-05-01T16:40:20Z,HEART_RATE_ZONE_TYPE_UNSPECIFIED,1.13657,Fitbit App
2026-05-01T16:41:20Z,HEART_RATE_ZONE_TYPE_UNSPECIFIED,1.13657,Fitbit App
2026-05-01T16:42:20Z,HEART_RATE_ZONE_TYPE_UNSPECIFIED,1.13657,Fitbit App
2026-05-01T16:43:20Z,HEART_RATE_ZONE_TYPE_UNSPECIFIED,1.13657,Fitbit App
2026-05-01T16:44:20Z,HEART_RATE_ZONE_TYPE_UNSPECIFIED,1.13657,Fitbit App
2026-05-01T16:45:20Z,HEART_RATE_ZONE_TYPE_UNSPECIFIED,1.13657,Fitbit App
2026-05-01T16:46:20Z,HEART_RATE_ZONE_TYPE_UNSPECIFIED,1.13657,Fitbit App
2026-05-01T16:47:20Z,HEART_RATE_ZONE_TYPE_UNSPECIFIED,1.13657,Fitbit App
2026-05-01T16:48:20Z,HEART_RATE_ZONE_TYPE_UNSPECIFIED,1.13657,Fitbit App
2026-05-01T16:49:20Z,HEART_RATE_ZONE_TYPE_UNSPECIFIED,1.13657,Fitbit App
2026-05-01T16:50:20Z,HEART_RATE_ZONE_TYPE_UNSPECIFIED,1.13657,Fitbit App
2026-05-01T16:51:20Z,HEART_RATE_ZONE_TYPE_UNSPECIFIED,1.13657,Fitbit App
2026-05-01T16:52:20Z,HEART_RATE_ZONE_TYPE_UNSPECIFIED,1.13657,Fitbit App
2026-05-01T16:53:20Z,HEART_RATE_ZONE_TYPE_UNSPECIFIED,1.13657,Fitbit App
2026-05-01T16:54:20Z,HEART_RATE_ZONE_TYPE_UNSPECIFIED,1.13657,Fitbit App
2026-05-01T16:55:20Z,HEART_RATE_ZONE_TYPE_UNSPECIFIED,1.13657,Fitbit App
2026-05-01T16:56:20Z,HEART_RATE_ZONE_TYPE_UNSPECIFIED,1.13657,Fitbit App
2026-05-01T16:57:20Z,HEART_RATE_ZONE_TYPE_UNSPECIFIED,1.13657,Fitbit App
2026-05-01T16:58:20Z,HEART_RATE_ZONE_TYPE_UNSPECIFIED,1.13657,Fitbit App
2026-05-01T16:59:20Z,HEART_RATE_ZONE_TYPE_UNSPECIFIED,1.13657,Fitbit App
2026-05-01T17:00:20Z,HEART_RATE_ZONE_TYPE_UNSPECIFIED,1.13657,Fitbit App
2026-05-01T17:01:20Z,HEART_RATE_ZONE_TYPE_UNSPECIFIED,1.13657,Fitbit App
2026-05-01T17:02:20Z,HEART_RATE_ZONE_TYPE_UNSPECIFIED,1.13657,Fitbit App
2026-05-01T17:03:20Z,HEART_RATE_ZONE_TYPE_UNSPECIFIED,1.13657,Fitbit App
2026-05-01T17:04:20Z,HEART_RATE_ZONE_TYPE_UNSPECIFIED,1.13657,Fitbit App
2026-05-01T17:05:20Z,HEART_RATE_ZONE_TYPE_UNSPECIFIED,1.13657,Fitbit App
2026-05-01T17:06:20Z,HEART_RATE_ZONE_TYPE_UNSPECIFIED,1.13657,Fitbit App
2026-05-01T17:07:20Z,HEART_RATE_ZONE_TYPE_UNSPECIFIED,1.13657,Fitbit App
2026-05-01T17:08:20Z,HEART_RATE_ZONE_TYPE_UNSPECIFIED,1.13657,Fitbit App
2026-05-01T17:09:20Z,HEART_RATE_ZONE_TYPE_UNSPECIFIED,1.13657,Fitbit App
2026-05-01T17:10:20Z,HEART_RATE_ZONE_TYPE_UNSPECIFIED,1.13657,Fitbit App
2026-05-01T17:11:20Z,HEART_RATE_ZONE_TYPE_UNSPECIFIED,1.13657,Fitbit App
2026-05-01T17:12:20Z,HEART_RATE_ZONE_TYPE_UNSPECIFIED,1.13657,Fitbit App
2026-05-01T17:13:20Z,HEART_RATE_ZONE_TYPE_UNSPECIFIED,1.13657,Fitbit App
2026-05-01T17:14:20Z,HEART_RATE_ZONE_TYPE_UNSPECIFIED,1.13657,Fitbit App
2026-05-01T17:15:20Z,HEART_RATE_ZONE_TYPE_UNSPECIFIED,1.13657,Fitbit App
2026-05-01T17:16:20Z,HEART_RATE_ZONE_TYPE_UNSPECIFIED,1.13657,Fitbit App
2026-05-01T17:17:20Z,HEART_RATE_ZONE_TYPE_UNSPECIFIED,1.13657,Fitbit App
2026-05-01T17:18:20Z,HEART_RATE_ZONE_TYPE_UNSPECIFIED,1.13657,Fitbit App
2026-05-01T17:19:20Z,HEART_RATE_ZONE_TYPE_UNSPECIFIED,1.13657,Fitbit App
2026-05-01T17:20:20Z,HEART_RATE_ZONE_TYPE_UNSPECIFIED,1.13657,Fitbit App
2026-05-01T17:21:20Z,HEART_RATE_ZONE_TYPE_UNSPECIFIED,1.13657,Fitbit App
2026-05-01T17:22:20Z,HEART_RATE_ZONE_TYPE_UNSPECIFIED,1.13657,Fitbit App
2026-05-01T17:23:20Z,HEART_RATE_ZONE_TYPE_UNSPECIFIED,1.13657,Fitbit App
2026-05-01T17:24:20Z,HEART_RATE_ZONE_TYPE_UNSPECIFIED,1.13657,Fitbit App
2026-05-01T17:25:20Z,HEART_RATE_ZONE_TYPE_UNSPECIFIED,1.13657,Fitbit App
2026-05-01T17:26:20Z,HEART_RATE_ZONE_TYPE_UNSPECIFIED,1.13657,Fitbit App
2026-05-01T17:27:20Z,HEART_RATE_ZONE_TYPE_UNSPECIFIED,1.13657,Fitbit App
2026-05-01T17:28:20Z,HEART_RATE_ZONE_TYPE_UNSPECIFIED,1.13657,Fitbit App
2026-05-01T17:29:20Z,HEART_RATE_ZONE_TYPE_UNSPECIFIED,1.13657,Fitbit App
2026-05-01T17:30:20Z,HEART_RATE_ZONE_TYPE_UNSPECIFIED,1.13657,Fitbit App
2026-05-01T17:31:20Z,HEART_RATE_ZONE_TYPE_UNSPECIFIED,1.13657,Fitbit App
2026-05-01T17:32:20Z,HEART_RATE_ZONE_TYPE_UNSPECIFIED,1.13657,Fitbit App
2026-05-01T17:33:20Z,HEART_RATE_ZONE_TYPE_UNSPECIFIED,1.13657,Fitbit App
2026-05-01T17:34:20Z,HEART_RATE_ZONE_TYPE_UNSPECIFIED,1.13657,Fitbit App
2026-05-01T17:35:20Z,HEART_RATE_ZONE_TYPE_UNSPECIFIED,1.13657,Fitbit App
2026-05-01T17:36:20Z,HEART_RATE_ZONE_TYPE_UNSPECIFIED,1.13657,Fitbit App
2026-05-01T17:37:20Z,HEART_RATE_ZONE_TYPE_UNSPECIFIED,1.13657,Fitbit App
2026-05-01T17:38:20Z,HEART_RATE_ZONE_TYPE_UNSPECIFIED,1.13657,Fitbit App
2026-05-01T17:39:20Z,HEART_RATE_ZONE_TYPE_UNSPECIFIED,1.13657,Fitbit App
2026-05-01T17:40:20Z,HEART_RATE_ZONE_TYPE_UNSPECIFIED,1.13657,Fitbit App
2026-05-01T17:41:20Z,HEART_RATE_ZONE_TYPE_UNSPECIFIED,1.13657,Fitbit App
2026-05-01T17:42:20Z,HEART_RATE_ZONE_TYPE_UNSPECIFIED,1.13657,Fitbit App
2026-05-01T17:43:20Z,HEART_RATE_ZONE_TYPE_UNSPECIFIED,1.13657,Fitbit App
2026-05-01T17:44:20Z,HEART_RATE_ZONE_TYPE_UNSPECIFIED,1.13657,Fitbit App
2026-05-01T17:45:20Z,HEART_RATE_ZONE_TYPE_UNSPECIFIED,1.13657,Fitbit App
2026-05-01T17:46:20Z,HEART_RATE_ZONE_TYPE_UNSPECIFIED,1.13657,Fitbit App
2026-05-01T17:47:20Z,HEART_RATE_ZONE_TYPE_UNSPECIFIED,1.13657,Fitbit App
2026-05-01T17:48:20Z,HEART_RATE_ZONE_TYPE_UNSPECIFIED,1.13657,Fitbit App
2026-05-01T17:49:20Z,HEART_RATE_ZONE_TYPE_UNSPECIFIED,1.13657,Fitbit App
2026-05-01T17:50:20Z,HEART_RATE_ZONE_TYPE_UNSPECIFIED,1.13657,Fitbit App
2026-05-01T17:51:20Z,HEART_RATE_ZONE_TYPE_UNSPECIFIED,1.13657,Fitbit App
2026-05-01T17:52:20Z,HEART_RATE_ZONE_TYPE_UNSPECIFIED,1.13657,Fitbit App
2026-05-01T17:53:20Z,HEART_RATE_ZONE_TYPE_UNSPECIFIED,1.13657,Fitbit App
2026-05-01T17:54:20Z,HEART_RATE_ZONE_TYPE_UNSPECIFIED,1.13657,Fitbit App
2026-05-01T17:55:20Z,HEART_RATE_ZONE_TYPE_UNSPECIFIED,1.13657,Fitbit App
2026-05-01T17:56:20Z,HEART_RATE_ZONE_TYPE_UNSPECIFIED,1.13657,Fitbit App
2026-05-01T17:57:20Z,HEART_RATE_ZONE_TYPE_UNSPECIFIED,1.13657,Fitbit App
2026-05-01T17:58:20Z,HEART_RATE_ZONE_TYPE_UNSPECIFIED,1.13657,Fitbit App
2026-05-01T17:59:20Z,HEART_RATE_ZONE_TYPE_UNSPECIFIED,1.13658,Fitbit App
2026-05-01T18:00:20Z,HEART_RATE_ZONE_TYPE_UNSPECIFIED,1.13658,Fitbit App
2026-05-01T18:01:20Z,HEART_RATE_ZONE_TYPE_UNSPECIFIED,1.13658,Fitbit App
2026-05-01T18:02:20Z,HEART_RATE_ZONE_TYPE_UNSPECIFIED,1.13658,Fitbit App
2026-05-01T18:03:20Z,HEART_RATE_ZONE_TYPE_UNSPECIFIED,1.13658,Fitbit App
2026-05-01T18:04:20Z,HEART_RATE_ZONE_TYPE_UNSPECIFIED,1.13658,Fitbit App
2026-05-01T18:05:20Z,HEART_RATE_ZONE_TYPE_UNSPECIFIED,1.13658,Fitbit App
2026-05-01T18:06:20Z,HEART_RATE_ZONE_TYPE_UNSPECIFIED,1.13658,Fitbit App
2026-05-01T18:07:20Z,HEART_RATE_ZONE_TYPE_UNSPECIFIED,1.13658,Fitbit App
2026-05-01T18:08:20Z,HEART_RATE_ZONE_TYPE_UNSPECIFIED,1.13658,Fitbit App
2026-05-01T18:09:20Z,HEART_RATE_ZONE_TYPE_UNSPECIFIED,1.13658,Fitbit App
2026-05-01T18:10:20Z,HEART_RATE_ZONE_TYPE_UNSPECIFIED,1.13658,Fitbit App
2026-05-01T18:11:20Z,HEART_RATE_ZONE_TYPE_UNSPECIFIED,1.13658,Fitbit App
2026-05-01T18:12:20Z,HEART_RATE_ZONE_TYPE_UNSPECIFIED,1.13658,Fitbit App
2026-05-01T18:13:20Z,HEART_RATE_ZONE_TYPE_UNSPECIFIED,1.13658,Fitbit App
2026-05-01T18:14:20Z,HEART_RATE_ZONE_TYPE_UNSPECIFIED,1.13658,Fitbit App
2026-05-01T18:15:20Z,HEART_RATE_ZONE_TYPE_UNSPECIFIED,1.13658,Fitbit App
2026-05-01T18:16:20Z,HEART_RATE_ZONE_TYPE_UNSPECIFIED,1.13658,Fitbit App
2026-05-01T18:17:20Z,HEART_RATE_ZONE_TYPE_UNSPECIFIED,1.13658,Fitbit App
2026-05-01T18:18:20Z,HEART_RATE_ZONE_TYPE_UNSPECIFIED,1.13658,Fitbit App
2026-05-01T18:19:20Z,HEART_RATE_ZONE_TYPE_UNSPECIFIED,1.13658,Fitbit App
2026-05-01T18:20:20Z,HEART_RATE_ZONE_TYPE_UNSPECIFIED,1.13658,Fitbit App
2026-05-01T18:21:20Z,HEART_RATE_ZONE_TYPE_UNSPECIFIED,1.13658,Fitbit App
2026-05-01T18:22:20Z,HEART_RATE_ZONE_TYPE_UNSPECIFIED,1.13658,Fitbit App
2026-05-01T18:23:20Z,HEART_RATE_ZONE_TYPE_UNSPECIFIED,1.13658,Fitbit App
2026-05-01T18:24:20Z,HEART_RATE_ZONE_TYPE_UNSPECIFIED,1.13658,Fitbit App
2026-05-01T18:25:20Z,HEART_RATE_ZONE_TYPE_UNSPECIFIED,1.13658,Fitbit App
2026-05-01T18:26:20Z,HEART_RATE_ZONE_TYPE_UNSPECIFIED,1.13658,Fitbit App
2026-05-01T18:27:20Z,HEART_RATE_ZONE_TYPE_UNSPECIFIED,1.13658,Fitbit App
2026-05-01T18:28:20Z,HEART_RATE_ZONE_TYPE_UNSPECIFIED,1.13658,Fitbit App
2026-05-01T18:29:20Z,HEART_RATE_ZONE_TYPE_UNSPECIFIED,1.13658,Fitbit App
2026-05-01T18:30:20Z,HEART_RATE_ZONE_TYPE_UNSPECIFIED,1.13658,Fitbit App
2026-05-01T18:31:20Z,HEART_RATE_ZONE_TYPE_UNSPECIFIED,1.13658,Fitbit App
2026-05-01T18:32:20Z,HEART_RATE_ZONE_TYPE_UNSPECIFIED,1.13658,Fitbit App
2026-05-01T18:33:20Z,HEART_RATE_ZONE_TYPE_UNSPECIFIED,1.13658,Fitbit App
2026-05-01T18:34:20Z,HEART_RATE_ZONE_TYPE_UNSPECIFIED,1.13658,Fitbit App
2026-05-01T18:35:20Z,HEART_RATE_ZONE_TYPE_UNSPECIFIED,1.13658,Fitbit App
2026-05-01T18:36:20Z,HEART_RATE_ZONE_TYPE_UNSPECIFIED,1.13658,Fitbit App
2026-05-01T18:37:20Z,HEART_RATE_ZONE_TYPE_UNSPECIFIED,1.13658,Fitbit App
2026-05-01T18:38:20Z,HEART_RATE_ZONE_TYPE_UNSPECIFIED,1.13658,Fitbit App
2026-05-01T18:39:20Z,HEART_RATE_ZONE_TYPE_UNSPECIFIED,1.13658,Fitbit App
2026-05-01T18:40:20Z,HEART_RATE_ZONE_TYPE_UNSPECIFIED,1.13658,Fitbit App
2026-05-01T18:41:20Z,HEART_RATE_ZONE_TYPE_UNSPECIFIED,1.13658,Fitbit App
2026-05-01T18:42:20Z,HEART_RATE_ZONE_TYPE_UNSPECIFIED,1.13658,Fitbit App
2026-05-01T18:43:20Z,HEART_RATE_ZONE_TYPE_UNSPECIFIED,1.13658,Fitbit App
2026-05-01T18:44:20Z,HEART_RATE_ZONE_TYPE_UNSPECIFIED,1.13658,Fitbit App
2026-05-01T18:45:20Z,HEART_RATE_ZONE_TYPE_UNSPECIFIED,1.13658,Fitbit App
2026-05-01T18:46:20Z,HEART_RATE_ZONE_TYPE_UNSPECIFIED,1.13658,Fitbit App
2026-05-01T18:47:20Z,HEART_RATE_ZONE_TYPE_UNSPECIFIED,1.13658,Fitbit App
2026-05-01T18:48:20Z,HEART_RATE_ZONE_TYPE_UNSPECIFIED,1.13658,Fitbit App
2026-05-01T18:49:20Z,HEART_RATE_ZONE_TYPE_UNSPECIFIED,1.13658,Fitbit App
2026-05-01T18:50:20Z,HEART_RATE_ZONE_TYPE_UNSPECIFIED,1.13658,Fitbit App
2026-05-01T18:51:20Z,HEART_RATE_ZONE_TYPE_UNSPECIFIED,1.13658,Fitbit App
2026-05-01T18:52:20Z,HEART_RATE_ZONE_TYPE_UNSPECIFIED,1.13658,Fitbit App
2026-05-01T18:53:20Z,HEART_RATE_ZONE_TYPE_UNSPECIFIED,1.13658,Fitbit App
2026-05-01T18:54:20Z,HEART_RATE_ZONE_TYPE_UNSPECIFIED,1.13658,Fitbit App
2026-05-01T18:55:20Z,HEART_RATE_ZONE_TYPE_UNSPECIFIED,1.13658,Fitbit App
2026-05-01T18:56:20Z,HEART_RATE_ZONE_TYPE_UNSPECIFIED,1.13658,Fitbit App
2026-05-01T18:57:20Z,HEART_RATE_ZONE_TYPE_UNSPECIFIED,1.13658,Fitbit App
2026-05-01T18:58:20Z,HEART_RATE_ZONE_TYPE_UNSPECIFIED,1.13658,Fitbit App
2026-05-01T18:59:20Z,HEART_RATE_ZONE_TYPE_UNSPECIFIED,1.13658,Fitbit App
2026-05-01T19:00:20Z,HEART_RATE_ZONE_TYPE_UNSPECIFIED,1.13658,Fitbit App
2026-05-01T19:01:20Z,HEART_RATE_ZONE_TYPE_UNSPECIFIED,1.13658,Fitbit App
2026-05-01T19:02:20Z,HEART_RATE_ZONE_TYPE_UNSPECIFIED,1.13658,Fitbit App
2026-05-01T19:03:20Z,HEART_RATE_ZONE_TYPE_UNSPECIFIED,1.13658,Fitbit App
2026-05-01T19:04:20Z,HEART_RATE_ZONE_TYPE_UNSPECIFIED,1.13658,Fitbit App
2026-05-01T19:05:20Z,HEART_RATE_ZONE_TYPE_UNSPECIFIED,1.13658,Fitbit App
2026-05-01T19:06:20Z,HEART_RATE_ZONE_TYPE_UNSPECIFIED,1.13658,Fitbit App
2026-05-01T19:07:20Z,HEART_RATE_ZONE_TYPE_UNSPECIFIED,1.13658,Fitbit App
2026-05-01T19:08:20Z,HEART_RATE_ZONE_TYPE_UNSPECIFIED,1.13658,Fitbit App
2026-05-01T19:09:20Z,HEART_RATE_ZONE_TYPE_UNSPECIFIED,1.13658,Fitbit App
2026-05-01T19:10:20Z,HEART_RATE_ZONE_TYPE_UNSPECIFIED,1.13658,Fitbit App
2026-05-01T19:11:20Z,HEART_RATE_ZONE_TYPE_UNSPECIFIED,1.13658,Fitbit App
2026-05-01T19:12:20Z,HEART_RATE_ZONE_TYPE_UNSPECIFIED,1.13658,Fitbit App
2026-05-01T19:13:20Z,HEART_RATE_ZONE_TYPE_UNSPECIFIED,1.13658,Fitbit App
2026-05-01T19:14:20Z,HEART_RATE_ZONE_TYPE_UNSPECIFIED,1.13658,Fitbit App
2026-05-01T19:15:20Z,HEART_RATE_ZONE_TYPE_UNSPECIFIED,1.13658,Fitbit App
2026-05-01T19:16:20Z,HEART_RATE_ZONE_TYPE_UNSPECIFIED,1.13658,Fitbit App
2026-05-01T19:17:20Z,HEART_RATE_ZONE_TYPE_UNSPECIFIED,1.13658,Fitbit App
2026-05-01T19:18:20Z,HEART_RATE_ZONE_TYPE_UNSPECIFIED,1.13658,Fitbit App
2026-05-01T19:19:20Z,HEART_RATE_ZONE_TYPE_UNSPECIFIED,1.13658,Fitbit App
2026-05-01T19:20:20Z,HEART_RATE_ZONE_TYPE_UNSPECIFIED,1.13658,Fitbit App
2026-05-01T19:21:20Z,HEART_RATE_ZONE_TYPE_UNSPECIFIED,1.13658,Fitbit App
2026-05-01T19:22:20Z,HEART_RATE_ZONE_TYPE_UNSPECIFIED,1.13658,Fitbit App
2026-05-01T19:23:20Z,HEART_RATE_ZONE_TYPE_UNSPECIFIED,1.13658,Fitbit App
2026-05-01T19:24:20Z,HEART_RATE_ZONE_TYPE_UNSPECIFIED,1.13658,Fitbit App
2026-05-01T19:25:20Z,HEART_RATE_ZONE_TYPE_UNSPECIFIED,1.13658,Fitbit App
2026-05-01T19:26:20Z,HEART_RATE_ZONE_TYPE_UNSPECIFIED,1.13658,Fitbit App
2026-05-01T19:27:20Z,HEART_RATE_ZONE_TYPE_UNSPECIFIED,1.13658,Fitbit App
2026-05-01T19:28:20Z,HEART_RATE_ZONE_TYPE_UNSPECIFIED,1.13658,Fitbit App
2026-05-01T19:29:20Z,HEART_RATE_ZONE_TYPE_UNSPECIFIED,1.13658,Fitbit App
2026-05-01T19:30:20Z,HEART_RATE_ZONE_TYPE_UNSPECIFIED,1.13658,Fitbit App
2026-05-01T19:31:20Z,HEART_RATE_ZONE_TYPE_UNSPECIFIED,1.13658,Fitbit App
2026-05-01T19:32:20Z,HEART_RATE_ZONE_TYPE_UNSPECIFIED,1.13658,Fitbit App
2026-05-01T19:33:20Z,HEART_RATE_ZONE_TYPE_UNSPECIFIED,1.13658,Fitbit App
2026-05-01T19:34:20Z,HEART_RATE_ZONE_TYPE_UNSPECIFIED,1.13658,Fitbit App
2026-05-01T19:35:20Z,HEART_RATE_ZONE_TYPE_UNSPECIFIED,1.13658,Fitbit App
2026-05-01T19:36:20Z,HEART_RATE_ZONE_TYPE_UNSPECIFIED,1.13658,Fitbit App
2026-05-01T19:37:20Z,HEART_RATE_ZONE_TYPE_UNSPECIFIED,1.13658,Fitbit App
2026-05-01T19:38:20Z,HEART_RATE_ZONE_TYPE_UNSPECIFIED,1.13658,Fitbit App
2026-05-01T19:39:20Z,HEART_RATE_ZONE_TYPE_UNSPECIFIED,1.13658,Fitbit App
2026-05-01T19:40:20Z,HEART_RATE_ZONE_TYPE_UNSPECIFIED,1.13658,Fitbit App
2026-05-01T19:41:20Z,HEART_RATE_ZONE_TYPE_UNSPECIFIED,1.13658,Fitbit App
2026-05-01T19:42:20Z,HEART_RATE_ZONE_TYPE_UNSPECIFIED,1.13658,Fitbit App
2026-05-01T19:43:20Z,HEART_RATE_ZONE_TYPE_UNSPECIFIED,1.13658,Fitbit App
2026-05-01T19:44:20Z,HEART_RATE_ZONE_TYPE_UNSPECIFIED,1.13658,Fitbit App
2026-05-01T19:45:20Z,HEART_RATE_ZONE_TYPE_UNSPECIFIED,1.13658,Fitbit App
2026-05-01T19:46:20Z,HEART_RATE_ZONE_TYPE_UNSPECIFIED,1.13658,Fitbit App
2026-05-01T19:47:20Z,HEART_RATE_ZONE_TYPE_UNSPECIFIED,1.13658,Fitbit App
2026-05-01T19:48:20Z,HEART_RATE_ZONE_TYPE_UNSPECIFIED,1.13658,Fitbit App
2026-05-01T19:49:20Z,HEART_RATE_ZONE_TYPE_UNSPECIFIED,1.13658,Fitbit App
2026-05-01T19:50:20Z,HEART_RATE_ZONE_TYPE_UNSPECIFIED,1.13658,Fitbit App
2026-05-01T19:51:20Z,HEART_RATE_ZONE_TYPE_UNSPECIFIED,1.13658,Fitbit App
2026-05-01T19:52:20Z,HEART_RATE_ZONE_TYPE_UNSPECIFIED,1.13658,Fitbit App
2026-05-01T19:53:20Z,HEART_RATE_ZONE_TYPE_UNSPECIFIED,1.13658,Fitbit App
2026-05-01T19:54:20Z,HEART_RATE_ZONE_TYPE_UNSPECIFIED,1.13658,Fitbit App
2026-05-01T19:55:20Z,HEART_RATE_ZONE_TYPE_UNSPECIFIED,1.13658,Fitbit App
2026-05-01T19:56:20Z,HEART_RATE_ZONE_TYPE_UNSPECIFIED,1.13658,Fitbit App
2026-05-01T19:57:20Z,HEART_RATE_ZONE_TYPE_UNSPECIFIED,1.13658,Fitbit App
2026-05-01T19:58:20Z,HEART_RATE_ZONE_TYPE_UNSPECIFIED,1.13658,Fitbit App
2026-05-01T19:59:20Z,HEART_RATE_ZONE_TYPE_UNSPECIFIED,1.13658,Fitbit App
2026-05-01T20:00:20Z,HEART_RATE_ZONE_TYPE_UNSPECIFIED,1.13658,Fitbit App
2026-05-01T20:01:20Z,HEART_RATE_ZONE_TYPE_UNSPECIFIED,1.13658,Fitbit App
2026-05-01T20:02:20Z,HEART_RATE_ZONE_TYPE_UNSPECIFIED,1.13658,Fitbit App
2026-05-01T20:03:20Z,HEART_RATE_ZONE_TYPE_UNSPECIFIED,1.13658,Fitbit App
2026-05-01T20:04:20Z,HEART_RATE_ZONE_TYPE_UNSPECIFIED,1.13658,Fitbit App
2026-05-01T20:05:20Z,HEART_RATE_ZONE_TYPE_UNSPECIFIED,1.13658,Fitbit App
2026-05-01T20:06:20Z,HEART_RATE_ZONE_TYPE_UNSPECIFIED,1.13658,Fitbit App
2026-05-01T20:07:20Z,HEART_RATE_ZONE_TYPE_UNSPECIFIED,1.13658,Fitbit App
2026-05-01T20:08:20Z,HEART_RATE_ZONE_TYPE_UNSPECIFIED,1.13658,Fitbit App
2026-05-01T20:09:20Z,HEART_RATE_ZONE_TYPE_UNSPECIFIED,1.13658,Fitbit App
2026-05-01T20:10:20Z,HEART_RATE_ZONE_TYPE_UNSPECIFIED,1.13658,Fitbit App
2026-05-01T20:11:20Z,HEART_RATE_ZONE_TYPE_UNSPECIFIED,1.13658,Fitbit App
2026-05-01T20:12:20Z,HEART_RATE_ZONE_TYPE_UNSPECIFIED,1.13658,Fitbit App
2026-05-01T20:13:20Z,HEART_RATE_ZONE_TYPE_UNSPECIFIED,1.13658,Fitbit App
2026-05-01T20:14:20Z,HEART_RATE_ZONE_TYPE_UNSPECIFIED,1.13658,Fitbit App
2026-05-01T20:15:20Z,HEART_RATE_ZONE_TYPE_UNSPECIFIED,1.13658,Fitbit App
2026-05-01T20:16:20Z,HEART_RATE_ZONE_TYPE_UNSPECIFIED,1.13658,Fitbit App
2026-05-01T20:17:20Z,HEART_RATE_ZONE_TYPE_UNSPECIFIED,1.13658,Fitbit App
2026-05-01T20:18:20Z,HEART_RATE_ZONE_TYPE_UNSPECIFIED,1.13658,Fitbit App
2026-05-01T20:19:20Z,HEART_RATE_ZONE_TYPE_UNSPECIFIED,1.13658,Fitbit App
2026-05-01T20:20:20Z,HEART_RATE_ZONE_TYPE_UNSPECIFIED,1.13658,Fitbit App
2026-05-01T20:21:20Z,HEART_RATE_ZONE_TYPE_UNSPECIFIED,1.13658,Fitbit App
2026-05-01T20:22:20Z,HEART_RATE_ZONE_TYPE_UNSPECIFIED,1.13658,Fitbit App
2026-05-01T20:23:20Z,HEART_RATE_ZONE_TYPE_UNSPECIFIED,1.13658,Fitbit App
2026-05-01T20:24:20Z,HEART_RATE_ZONE_TYPE_UNSPECIFIED,1.13658,Fitbit App
2026-05-01T20:25:20Z,HEART_RATE_ZONE_TYPE_UNSPECIFIED,1.13658,Fitbit App
2026-05-01T20:26:20Z,HEART_RATE_ZONE_TYPE_UNSPECIFIED,1.13658,Fitbit App
2026-05-01T20:27:20Z,HEART_RATE_ZONE_TYPE_UNSPECIFIED,1.13658,Fitbit App
2026-05-01T20:28:20Z,HEART_RATE_ZONE_TYPE_UNSPECIFIED,1.13658,Fitbit App
2026-05-01T20:29:20Z,HEART_RATE_ZONE_TYPE_UNSPECIFIED,1.13658,Fitbit App
2026-05-01T20:30:20Z,HEART_RATE_ZONE_TYPE_UNSPECIFIED,1.13658,Fitbit App
2026-05-01T20:31:20Z,HEART_RATE_ZONE_TYPE_UNSPECIFIED,1.13658,Fitbit App
2026-05-01T20:32:20Z,HEART_RATE_ZONE_TYPE_UNSPECIFIED,1.13658,Fitbit App
2026-05-01T20:33:20Z,HEART_RATE_ZONE_TYPE_UNSPECIFIED,1.13658,Fitbit App
2026-05-01T20:34:20Z,HEART_RATE_ZONE_TYPE_UNSPECIFIED,1.13658,Fitbit App
2026-05-01T20:35:20Z,HEART_RATE_ZONE_TYPE_UNSPECIFIED,1.13658,Fitbit App
2026-05-01T20:36:20Z,HEART_RATE_ZONE_TYPE_UNSPECIFIED,1.13658,Fitbit App
2026-05-01T20:37:20Z,HEART_RATE_ZONE_TYPE_UNSPECIFIED,1.13658,Fitbit App
2026-05-01T20:38:20Z,HEART_RATE_ZONE_TYPE_UNSPECIFIED,1.13658,Fitbit App
2026-05-01T20:39:20Z,HEART_RATE_ZONE_TYPE_UNSPECIFIED,1.13658,Fitbit App
2026-05-01T20:40:20Z,HEART_RATE_ZONE_TYPE_UNSPECIFIED,1.13658,Fitbit App
2026-05-01T20:41:20Z,HEART_RATE_ZONE_TYPE_UNSPECIFIED,1.13658,Fitbit App
2026-05-01T20:42:20Z,HEART_RATE_ZONE_TYPE_UNSPECIFIED,1.13658,Fitbit App
2026-05-01T20:43:20Z,HEART_RATE_ZONE_TYPE_UNSPECIFIED,1.13658,Fitbit App
2026-05-01T20:44:20Z,HEART_RATE_ZONE_TYPE_UNSPECIFIED,1.13658,Fitbit App
2026-05-01T20:45:20Z,HEART_RATE_ZONE_TYPE_UNSPECIFIED,1.13658,Fitbit App
2026-05-01T20:46:20Z,HEART_RATE_ZONE_TYPE_UNSPECIFIED,1.13658,Fitbit App
2026-05-01T20:47:20Z,HEART_RATE_ZONE_TYPE_UNSPECIFIED,1.13658,Fitbit App
2026-05-01T20:48:20Z,HEART_RATE_ZONE_TYPE_UNSPECIFIED,1.13658,Fitbit App
2026-05-01T20:49:20Z,HEART_RATE_ZONE_TYPE_UNSPECIFIED,1.13658,Fitbit App
2026-05-01T20:50:20Z,HEART_RATE_ZONE_TYPE_UNSPECIFIED,1.13658,Fitbit App
2026-05-01T20:51:20Z,HEART_RATE_ZONE_TYPE_UNSPECIFIED,1.13658,Fitbit App
2026-05-01T20:52:20Z,HEART_RATE_ZONE_TYPE_UNSPECIFIED,1.13658,Fitbit App
2026-05-01T20:53:20Z,HEART_RATE_ZONE_TYPE_UNSPECIFIED,1.13658,Fitbit App
2026-05-01T20:54:20Z,HEART_RATE_ZONE_TYPE_UNSPECIFIED,1.13658,Fitbit App
2026-05-01T20:55:20Z,HEART_RATE_ZONE_TYPE_UNSPECIFIED,1.13658,Fitbit App
2026-05-01T20:56:20Z,HEART_RATE_ZONE_TYPE_UNSPECIFIED,1.13658,Fitbit App
2026-05-01T20:57:20Z,HEART_RATE_ZONE_TYPE_UNSPECIFIED,1.13658,Fitbit App
2026-05-01T20:58:20Z,HEART_RATE_ZONE_TYPE_UNSPECIFIED,1.13658,Fitbit App
2026-05-01T20:59:20Z,HEART_RATE_ZONE_TYPE_UNSPECIFIED,1.13658,Fitbit App
2026-05-01T21:00:20Z,HEART_RATE_ZONE_TYPE_UNSPECIFIED,1.13658,Fitbit App
2026-05-01T21:01:20Z,HEART_RATE_ZONE_TYPE_UNSPECIFIED,1.13658,Fitbit App
2026-05-01T21:02:20Z,HEART_RATE_ZONE_TYPE_UNSPECIFIED,1.13658,Fitbit App
2026-05-01T21:03:20Z,HEART_RATE_ZONE_TYPE_UNSPECIFIED,1.13658,Fitbit App
2026-05-01T21:04:20Z,HEART_RATE_ZONE_TYPE_UNSPECIFIED,1.13658,Fitbit App
2026-05-01T21:05:20Z,HEART_RATE_ZONE_TYPE_UNSPECIFIED,1.13658,Fitbit App
2026-05-01T21:06:20Z,HEART_RATE_ZONE_TYPE_UNSPECIFIED,1.13658,Fitbit App
2026-05-01T21:07:20Z,HEART_RATE_ZONE_TYPE_UNSPECIFIED,1.13658,Fitbit App
2026-05-01T21:08:20Z,HEART_RATE_ZONE_TYPE_UNSPECIFIED,1.13658,Fitbit App
2026-05-01T21:09:20Z,HEART_RATE_ZONE_TYPE_UNSPECIFIED,1.13658,Fitbit App
2026-05-01T21:10:20Z,HEART_RATE_ZONE_TYPE_UNSPECIFIED,1.13658,Fitbit App
2026-05-01T21:11:20Z,HEART_RATE_ZONE_TYPE_UNSPECIFIED,1.13658,Fitbit App
2026-05-01T21:12:20Z,HEART_RATE_ZONE_TYPE_UNSPECIFIED,1.13658,Fitbit App
2026-05-01T21:13:20Z,HEART_RATE_ZONE_TYPE_UNSPECIFIED,1.13658,Fitbit App
2026-05-01T21:14:20Z,HEART_RATE_ZONE_TYPE_UNSPECIFIED,1.13658,Fitbit App
2026-05-01T21:15:20Z,HEART_RATE_ZONE_TYPE_UNSPECIFIED,1.13658,Fitbit App
2026-05-01T21:16:20Z,HEART_RATE_ZONE_TYPE_UNSPECIFIED,1.13658,Fitbit App
2026-05-01T21:17:20Z,HEART_RATE_ZONE_TYPE_UNSPECIFIED,1.13658,Fitbit App
2026-05-01T21:18:20Z,HEART_RATE_ZONE_TYPE_UNSPECIFIED,1.13658,Fitbit App
2026-05-01T21:19:20Z,HEART_RATE_ZONE_TYPE_UNSPECIFIED,1.13658,Fitbit App
2026-05-01T21:20:20Z,HEART_RATE_ZONE_TYPE_UNSPECIFIED,1.13658,Fitbit App
2026-05-01T21:21:20Z,HEART_RATE_ZONE_TYPE_UNSPECIFIED,1.13658,Fitbit App
2026-05-01T21:22:20Z,HEART_RATE_ZONE_TYPE_UNSPECIFIED,1.13658,Fitbit App
2026-05-01T21:23:20Z,HEART_RATE_ZONE_TYPE_UNSPECIFIED,1.13658,Fitbit App
2026-05-01T21:24:20Z,HEART_RATE_ZONE_TYPE_UNSPECIFIED,1.13658,Fitbit App
2026-05-01T21:25:20Z,HEART_RATE_ZONE_TYPE_UNSPECIFIED,1.13658,Fitbit App
2026-05-01T21:26:20Z,HEART_RATE_ZONE_TYPE_UNSPECIFIED,1.13658,Fitbit App
2026-05-01T21:27:20Z,HEART_RATE_ZONE_TYPE_UNSPECIFIED,1.13658,Fitbit App
2026-05-01T21:28:20Z,HEART_RATE_ZONE_TYPE_UNSPECIFIED,1.13658,Fitbit App
2026-05-01T21:29:20Z,HEART_RATE_ZONE_TYPE_UNSPECIFIED,1.13658,Fitbit App
2026-05-01T21:30:20Z,HEART_RATE_ZONE_TYPE_UNSPECIFIED,1.13658,Fitbit App
2026-05-01T21:31:20Z,HEART_RATE_ZONE_TYPE_UNSPECIFIED,1.13658,Fitbit App
2026-05-01T21:32:20Z,HEART_RATE_ZONE_TYPE_UNSPECIFIED,1.13658,Fitbit App
2026-05-01T21:33:20Z,HEART_RATE_ZONE_TYPE_UNSPECIFIED,1.13658,Fitbit App
2026-05-01T21:34:20Z,HEART_RATE_ZONE_TYPE_UNSPECIFIED,1.13658,Fitbit App
2026-05-01T21:35:20Z,HEART_RATE_ZONE_TYPE_UNSPECIFIED,1.13658,Fitbit App
2026-05-01T21:36:20Z,HEART_RATE_ZONE_TYPE_UNSPECIFIED,1.13658,Fitbit App
2026-05-01T21:37:20Z,HEART_RATE_ZONE_TYPE_UNSPECIFIED,1.13658,Fitbit App
2026-05-01T21:38:20Z,HEART_RATE_ZONE_TYPE_UNSPECIFIED,1.13658,Fitbit App
2026-05-01T21:39:20Z,HEART_RATE_ZONE_TYPE_UNSPECIFIED,1.13658,Fitbit App
2026-05-01T21:40:20Z,HEART_RATE_ZONE_TYPE_UNSPECIFIED,1.13658,Fitbit App
2026-05-01T21:41:20Z,HEART_RATE_ZONE_TYPE_UNSPECIFIED,1.13658,Fitbit App
2026-05-01T21:42:20Z,HEART_RATE_ZONE_TYPE_UNSPECIFIED,1.13658,Fitbit App
2026-05-01T21:43:20Z,HEART_RATE_ZONE_TYPE_UNSPECIFIED,1.13658,Fitbit App
2026-05-01T21:44:20Z,HEART_RATE_ZONE_TYPE_UNSPECIFIED,1.13658,Fitbit App
2026-05-01T21:45:20Z,HEART_RATE_ZONE_TYPE_UNSPECIFIED,1.13658,Fitbit App
2026-05-01T21:46:20Z,HEART_RATE_ZONE_TYPE_UNSPECIFIED,1.13658,Fitbit App
2026-05-01T21:47:20Z,HEART_RATE_ZONE_TYPE_UNSPECIFIED,1.13658,Fitbit App
2026-05-01T21:48:20Z,HEART_RATE_ZONE_TYPE_UNSPECIFIED,1.13658,Fitbit App
2026-05-01T21:49:20Z,HEART_RATE_ZONE_TYPE_UNSPECIFIED,1.13658,Fitbit App
2026-05-01T21:50:20Z,HEART_RATE_ZONE_TYPE_UNSPECIFIED,1.13658,Fitbit App
2026-05-01T21:51:20Z,HEART_RATE_ZONE_TYPE_UNSPECIFIED,1.13658,Fitbit App
2026-05-01T21:52:20Z,HEART_RATE_ZONE_TYPE_UNSPECIFIED,1.13658,Fitbit App
2026-05-01T21:53:20Z,HEART_RATE_ZONE_TYPE_UNSPECIFIED,1.13658,Fitbit App
2026-05-01T21:54:20Z,HEART_RATE_ZONE_TYPE_UNSPECIFIED,1.13658,Fitbit App
2026-05-01T21:55:20Z,HEART_RATE_ZONE_TYPE_UNSPECIFIED,1.13658,Fitbit App
2026-05-01T21:56:20Z,HEART_RATE_ZONE_TYPE_UNSPECIFIED,1.13658,Fitbit App
2026-05-01T21:57:20Z,HEART_RATE_ZONE_TYPE_UNSPECIFIED,1.13658,Fitbit App
2026-05-01T21:58:20Z,HEART_RATE_ZONE_TYPE_UNSPECIFIED,1.13658,Fitbit App
2026-05-01T21:59:20Z,HEART_RATE_ZONE_TYPE_UNSPECIFIED,1.13658,Fitbit App
2026-05-01T22:00:20Z,HEART_RATE_ZONE_TYPE_UNSPECIFIED,1.13658,Fitbit App
2026-05-01T22:01:20Z,HEART_RATE_ZONE_TYPE_UNSPECIFIED,1.13658,Fitbit App
2026-05-01T22:02:20Z,HEART_RATE_ZONE_TYPE_UNSPECIFIED,1.13658,Fitbit App
2026-05-01T22:03:20Z,HEART_RATE_ZONE_TYPE_UNSPECIFIED,1.13658,Fitbit App
2026-05-01T22:04:20Z,HEART_RATE_ZONE_TYPE_UNSPECIFIED,1.13658,Fitbit App
2026-05-01T22:05:20Z,HEART_RATE_ZONE_TYPE_UNSPECIFIED,1.13658,Fitbit App
2026-05-01T22:06:20Z,HEART_RATE_ZONE_TYPE_UNSPECIFIED,1.13658,Fitbit App
2026-05-01T22:07:20Z,HEART_RATE_ZONE_TYPE_UNSPECIFIED,1.13658,Fitbit App
2026-05-01T22:08:20Z,HEART_RATE_ZONE_TYPE_UNSPECIFIED,1.13658,Fitbit App
2026-05-01T22:09:20Z,HEART_RATE_ZONE_TYPE_UNSPECIFIED,1.13658,Fitbit App
2026-05-01T22:10:20Z,HEART_RATE_ZONE_TYPE_UNSPECIFIED,1.13658,Fitbit App
2026-05-01T22:11:20Z,HEART_RATE_ZONE_TYPE_UNSPECIFIED,1.13658,Fitbit App
2026-05-01T22:12:20Z,HEART_RATE_ZONE_TYPE_UNSPECIFIED,1.13658,Fitbit App
2026-05-01T22:13:20Z,HEART_RATE_ZONE_TYPE_UNSPECIFIED,1.13658,Fitbit App
2026-05-01T22:14:20Z,HEART_RATE_ZONE_TYPE_UNSPECIFIED,1.13658,Fitbit App
2026-05-01T22:15:20Z,HEART_RATE_ZONE_TYPE_UNSPECIFIED,1.13658,Fitbit App
2026-05-01T22:16:20Z,HEART_RATE_ZONE_TYPE_UNSPECIFIED,1.13658,Fitbit App
2026-05-01T22:17:20Z,HEART_RATE_ZONE_TYPE_UNSPECIFIED,1.13658,Fitbit App
2026-05-01T22:18:20Z,HEART_RATE_ZONE_TYPE_UNSPECIFIED,1.13658,Fitbit App
2026-05-01T22:19:20Z,HEART_RATE_ZONE_TYPE_UNSPECIFIED,1.13658,Fitbit App
2026-05-01T22:20:20Z,HEART_RATE_ZONE_TYPE_UNSPECIFIED,1.13658,Fitbit App
2026-05-01T22:21:20Z,HEART_RATE_ZONE_TYPE_UNSPECIFIED,1.13658,Fitbit App
2026-05-01T22:22:20Z,HEART_RATE_ZONE_TYPE_UNSPECIFIED,1.13658,Fitbit App
2026-05-01T22:23:20Z,HEART_RATE_ZONE_TYPE_UNSPECIFIED,1.13658,Fitbit App
2026-05-01T22:24:20Z,HEART_RATE_ZONE_TYPE_UNSPECIFIED,1.13658,Fitbit App
2026-05-01T22:25:20Z,HEART_RATE_ZONE_TYPE_UNSPECIFIED,1.13658,Fitbit App
2026-05-01T22:26:20Z,HEART_RATE_ZONE_TYPE_UNSPECIFIED,1.13658,Fitbit App
2026-05-01T22:27:20Z,HEART_RATE_ZONE_TYPE_UNSPECIFIED,1.13658,Fitbit App
2026-05-01T22:28:20Z,HEART_RATE_ZONE_TYPE_UNSPECIFIED,1.13658,Fitbit App
2026-05-01T22:29:20Z,HEART_RATE_ZONE_TYPE_UNSPECIFIED,1.13658,Fitbit App
2026-05-01T22:30:20Z,HEART_RATE_ZONE_TYPE_UNSPECIFIED,1.13658,Fitbit App
2026-05-01T22:31:20Z,HEART_RATE_ZONE_TYPE_UNSPECIFIED,1.13658,Fitbit App
2026-05-01T22:32:20Z,HEART_RATE_ZONE_TYPE_UNSPECIFIED,1.13658,Fitbit App
2026-05-01T22:33:20Z,HEART_RATE_ZONE_TYPE_UNSPECIFIED,1.13658,Fitbit App
2026-05-01T22:34:20Z,HEART_RATE_ZONE_TYPE_UNSPECIFIED,1.13658,Fitbit App
2026-05-01T22:35:20Z,HEART_RATE_ZONE_TYPE_UNSPECIFIED,1.13658,Fitbit App
2026-05-01T22:36:20Z,HEART_RATE_ZONE_TYPE_UNSPECIFIED,1.13658,Fitbit App
2026-05-01T22:37:20Z,HEART_RATE_ZONE_TYPE_UNSPECIFIED,1.13658,Fitbit App
2026-05-01T22:38:20Z,HEART_RATE_ZONE_TYPE_UNSPECIFIED,1.13658,Fitbit App
2026-05-01T22:39:20Z,HEART_RATE_ZONE_TYPE_UNSPECIFIED,1.13658,Fitbit App
2026-05-01T22:40:20Z,HEART_RATE_ZONE_TYPE_UNSPECIFIED,1.13658,Fitbit App
2026-05-01T22:41:20Z,HEART_RATE_ZONE_TYPE_UNSPECIFIED,1.13658,Fitbit App
2026-05-01T22:42:20Z,HEART_RATE_ZONE_TYPE_UNSPECIFIED,1.13658,Fitbit App
2026-05-01T22:43:20Z,HEART_RATE_ZONE_TYPE_UNSPECIFIED,1.13658,Fitbit App
2026-05-01T22:44:20Z,HEART_RATE_ZONE_TYPE_UNSPECIFIED,1.13658,Fitbit App
2026-05-01T22:45:20Z,HEART_RATE_ZONE_TYPE_UNSPECIFIED,1.13658,Fitbit App
2026-05-01T22:46:20Z,HEART_RATE_ZONE_TYPE_UNSPECIFIED,1.13658,Fitbit App
2026-05-01T22:47:20Z,HEART_RATE_ZONE_TYPE_UNSPECIFIED,1.13658,Fitbit App
2026-05-01T22:48:20Z,HEART_RATE_ZONE_TYPE_UNSPECIFIED,1.13658,Fitbit App
2026-05-01T22:49:20Z,HEART_RATE_ZONE_TYPE_UNSPECIFIED,1.13658,Fitbit App
2026-05-01T22:50:20Z,HEART_RATE_ZONE_TYPE_UNSPECIFIED,1.13658,Fitbit App
2026-05-01T22:51:20Z,HEART_RATE_ZONE_TYPE_UNSPECIFIED,1.13658,Fitbit App
2026-05-01T22:52:20Z,HEART_RATE_ZONE_TYPE_UNSPECIFIED,1.13658,Fitbit App
2026-05-01T22:53:20Z,HEART_RATE_ZONE_TYPE_UNSPECIFIED,1.13658,Fitbit App
2026-05-01T22:54:20Z,HEART_RATE_ZONE_TYPE_UNSPECIFIED,1.13658,Fitbit App
2026-05-01T22:55:20Z,HEART_RATE_ZONE_TYPE_UNSPECIFIED,1.13658,Fitbit App
2026-05-01T22:56:20Z,HEART_RATE_ZONE_TYPE_UNSPECIFIED,1.13658,Fitbit App
2026-05-01T22:57:20Z,HEART_RATE_ZONE_TYPE_UNSPECIFIED,1.13658,Fitbit App
2026-05-01T22:58:20Z,HEART_RATE_ZONE_TYPE_UNSPECIFIED,1.13658,Fitbit App
2026-05-01T22:59:20Z,HEART_RATE_ZONE_TYPE_UNSPECIFIED,1.13658,Fitbit App
2026-05-01T23:00:20Z,HEART_RATE_ZONE_TYPE_UNSPECIFIED,1.13658,Fitbit App
2026-05-01T23:01:20Z,HEART_RATE_ZONE_TYPE_UNSPECIFIED,1.13658,Fitbit App
2026-05-01T23:02:20Z,HEART_RATE_ZONE_TYPE_UNSPECIFIED,1.13658,Fitbit App
2026-05-01T23:03:20Z,HEART_RATE_ZONE_TYPE_UNSPECIFIED,1.13658,Fitbit App
2026-05-01T23:04:20Z,HEART_RATE_ZONE_TYPE_UNSPECIFIED,1.13658,Fitbit App
2026-05-01T23:05:20Z,HEART_RATE_ZONE_TYPE_UNSPECIFIED,1.13658,Fitbit App
2026-05-01T23:06:20Z,HEART_RATE_ZONE_TYPE_UNSPECIFIED,1.13658,Fitbit App
2026-05-01T23:07:20Z,HEART_RATE_ZONE_TYPE_UNSPECIFIED,1.13658,Fitbit App
2026-05-01T23:08:20Z,HEART_RATE_ZONE_TYPE_UNSPECIFIED,1.13658,Fitbit App
2026-05-01T23:09:20Z,HEART_RATE_ZONE_TYPE_UNSPECIFIED,1.13658,Fitbit App
2026-05-01T23:10:20Z,HEART_RATE_ZONE_TYPE_UNSPECIFIED,1.13658,Fitbit App
2026-05-01T23:11:20Z,HEART_RATE_ZONE_TYPE_UNSPECIFIED,1.13658,Fitbit App
2026-05-01T23:12:20Z,HEART_RATE_ZONE_TYPE_UNSPECIFIED,1.13658,Fitbit App
2026-05-01T23:13:20Z,HEART_RATE_ZONE_TYPE_UNSPECIFIED,1.13658,Fitbit App
2026-05-01T23:14:20Z,HEART_RATE_ZONE_TYPE_UNSPECIFIED,1.13658,Fitbit App
2026-05-01T23:15:20Z,HEART_RATE_ZONE_TYPE_UNSPECIFIED,1.13658,Fitbit App
2026-05-01T23:16:20Z,HEART_RATE_ZONE_TYPE_UNSPECIFIED,1.13658,Fitbit App
2026-05-01T23:17:20Z,HEART_RATE_ZONE_TYPE_UNSPECIFIED,1.13658,Fitbit App
2026-05-01T23:18:20Z,HEART_RATE_ZONE_TYPE_UNSPECIFIED,1.13658,Fitbit App
2026-05-01T23:19:20Z,HEART_RATE_ZONE_TYPE_UNSPECIFIED,1.13658,Fitbit App
2026-05-01T23:20:20Z,HEART_RATE_ZONE_TYPE_UNSPECIFIED,1.13658,Fitbit App
2026-05-01T23:21:20Z,HEART_RATE_ZONE_TYPE_UNSPECIFIED,1.13658,Fitbit App
2026-05-01T23:22:20Z,HEART_RATE_ZONE_TYPE_UNSPECIFIED,1.13658,Fitbit App
2026-05-01T23:23:20Z,HEART_RATE_ZONE_TYPE_UNSPECIFIED,1.13658,Fitbit App
2026-05-01T23:24:20Z,HEART_RATE_ZONE_TYPE_UNSPECIFIED,1.13658,Fitbit App
2026-05-01T23:25:20Z,HEART_RATE_ZONE_TYPE_UNSPECIFIED,1.13658,Fitbit App
2026-05-01T23:26:20Z,HEART_RATE_ZONE_TYPE_UNSPECIFIED,1.13658,Fitbit App
2026-05-01T23:27:20Z,HEART_RATE_ZONE_TYPE_UNSPECIFIED,1.13658,Fitbit App
2026-05-01T23:28:20Z,HEART_RATE_ZONE_TYPE_UNSPECIFIED,1.13658,Fitbit App
2026-05-01T23:29:20Z,HEART_RATE_ZONE_TYPE_UNSPECIFIED,1.13658,Fitbit App
2026-05-01T23:30:20Z,HEART_RATE_ZONE_TYPE_UNSPECIFIED,1.13658,Fitbit App
2026-05-01T23:31:20Z,HEART_RATE_ZONE_TYPE_UNSPECIFIED,1.13658,Fitbit App
2026-05-01T23:32:20Z,HEART_RATE_ZONE_TYPE_UNSPECIFIED,1.13658,Fitbit App
2026-05-01T23:33:20Z,HEART_RATE_ZONE_TYPE_UNSPECIFIED,1.13658,Fitbit App
2026-05-01T23:34:20Z,HEART_RATE_ZONE_TYPE_UNSPECIFIED,1.13658,Fitbit App
2026-05-01T23:35:20Z,HEART_RATE_ZONE_TYPE_UNSPECIFIED,1.13658,Fitbit App
2026-05-01T23:36:20Z,HEART_RATE_ZONE_TYPE_UNSPECIFIED,1.13658,Fitbit App
2026-05-01T23:37:20Z,HEART_RATE_ZONE_TYPE_UNSPECIFIED,1.13658,Fitbit App
2026-05-01T23:38:20Z,HEART_RATE_ZONE_TYPE_UNSPECIFIED,1.13658,Fitbit App
2026-05-01T23:39:20Z,HEART_RATE_ZONE_TYPE_UNSPECIFIED,1.13658,Fitbit App
2026-05-01T23:40:20Z,HEART_RATE_ZONE_TYPE_UNSPECIFIED,1.13658,Fitbit App
2026-05-01T23:41:20Z,HEART_RATE_ZONE_TYPE_UNSPECIFIED,1.13658,Fitbit App
2026-05-01T23:42:20Z,HEART_RATE_ZONE_TYPE_UNSPECIFIED,1.13658,Fitbit App
2026-05-01T23:43:20Z,HEART_RATE_ZONE_TYPE_UNSPECIFIED,1.13658,Fitbit App
2026-05-01T23:44:20Z,HEART_RATE_ZONE_TYPE_UNSPECIFIED,1.13658,Fitbit App
2026-05-01T23:45:20Z,HEART_RATE_ZONE_TYPE_UNSPECIFIED,1.13658,Fitbit App
2026-05-01T23:46:20Z,HEART_RATE_ZONE_TYPE_UNSPECIFIED,1.13658,Fitbit App
2026-05-01T23:47:20Z,HEART_RATE_ZONE_TYPE_UNSPECIFIED,1.13658,Fitbit App
2026-05-01T23:48:20Z,HEART_RATE_ZONE_TYPE_UNSPECIFIED,1.13658,Fitbit App
2026-05-01T23:49:20Z,HEART_RATE_ZONE_TYPE_UNSPECIFIED,1.13658,Fitbit App
2026-05-01T23:50:20Z,HEART_RATE_ZONE_TYPE_UNSPECIFIED,2.7277919999999996,Fitbit App
2026-05-01T23:51:20Z,HEART_RATE_ZONE_TYPE_UNSPECIFIED,2.955108,Fitbit App
2026-05-01T23:52:20Z,HEART_RATE_ZONE_TYPE_UNSPECIFIED,2.7277919999999996,Fitbit App
2026-05-01T23:53:20Z,HEART_RATE_ZONE_TYPE_UNSPECIFIED,3.1824239999999997,Fitbit App
2026-05-01T23:54:20Z,HEART_RATE_ZONE_TYPE_UNSPECIFIED,3.1824239999999997,Fitbit App
2026-05-01T23:55:20Z,HEART_RATE_ZONE_TYPE_UNSPECIFIED,2.7277919999999996,Fitbit App
2026-05-01T23:56:20Z,HEART_RATE_ZONE_TYPE_UNSPECIFIED,3.637056,Fitbit App
2026-05-01T23:57:20Z,HEART_RATE_ZONE_TYPE_UNSPECIFIED,4.0916879999999995,Fitbit App
2026-05-01T23:58:20Z,HEART_RATE_ZONE_TYPE_UNSPECIFIED,2.955108,Fitbit App
2026-05-01T23:59:20Z,HEART_RATE_ZONE_TYPE_UNSPECIFIED,5.000952,Fitbit App
2026-05-02T00:00:20Z,HEART_RATE_ZONE_TYPE_UNSPECIFIED,10.342877999999999,Fitbit App
2026-05-02T00:01:20Z,HEART_RATE_ZONE_TYPE_UNSPECIFIED,6.478505999999999,Fitbit App
2026-05-02T00:02:20Z,HEART_RATE_ZONE_TYPE_UNSPECIFIED,8.751666,Fitbit App
2026-05-02T00:03:20Z,HEART_RATE_ZONE_TYPE_UNSPECIFIED,3.637056,Fitbit App
2026-05-02T00:04:20Z,HEART_RATE_ZONE_TYPE_UNSPECIFIED,9.433614,Fitbit App
2026-05-02T00:05:20Z,HEART_RATE_ZONE_TYPE_UNSPECIFIED,2.955108,Fitbit App
2026-05-02T00:06:20Z,HEART_RATE_ZONE_TYPE_UNSPECIFIED,8.751666,Fitbit App
2026-05-02T00:07:20Z,HEART_RATE_ZONE_TYPE_UNSPECIFIED,10.115562,Fitbit App
2026-05-02T00:08:20Z,HEART_RATE_ZONE_TYPE_UNSPECIFIED,4.54632,Fitbit App
2026-05-02T00:09:20Z,HEART_RATE_ZONE_TYPE_UNSPECIFIED,2.955108,Fitbit App
2026-05-02T00:10:20Z,HEART_RATE_ZONE_TYPE_UNSPECIFIED,1.13658,Fitbit App
2026-05-02T00:11:20Z,HEART_RATE_ZONE_TYPE_UNSPECIFIED,1.13658,Fitbit App
2026-05-02T00:12:20Z,HEART_RATE_ZONE_TYPE_UNSPECIFIED,1.13658,Fitbit App
2026-05-02T00:13:20Z,HEART_RATE_ZONE_TYPE_UNSPECIFIED,1.13658,Fitbit App
2026-05-02T00:14:20Z,HEART_RATE_ZONE_TYPE_UNSPECIFIED,1.13658,Fitbit App
2026-05-02T00:15:20Z,HEART_RATE_ZONE_TYPE_UNSPECIFIED,1.13658,Fitbit App
2026-05-02T00:16:20Z,HEART_RATE_ZONE_TYPE_UNSPECIFIED,1.13658,Fitbit App
2026-05-02T00:17:20Z,HEART_RATE_ZONE_TYPE_UNSPECIFIED,1.13658,Fitbit App
2026-05-02T00:18:20Z,HEART_RATE_ZONE_TYPE_UNSPECIFIED,1.13658,Fitbit App
2026-05-02T00:19:20Z,HEART_RATE_ZONE_TYPE_UNSPECIFIED,1.13658,Fitbit App
2026-05-02T00:20:20Z,HEART_RATE_ZONE_TYPE_UNSPECIFIED,1.13658,Fitbit App
2026-05-02T00:21:20Z,HEART_RATE_ZONE_TYPE_UNSPECIFIED,1.13658,Fitbit App
2026-05-02T00:22:20Z,HEART_RATE_ZONE_TYPE_UNSPECIFIED,1.13658,Fitbit App
2026-05-02T00:23:20Z,HEART_RATE_ZONE_TYPE_UNSPECIFIED,1.13658,Fitbit App
2026-05-02T00:24:20Z,HEART_RATE_ZONE_TYPE_UNSPECIFIED,1.13658,Fitbit App
2026-05-02T00:25:20Z,HEART_RATE_ZONE_TYPE_UNSPECIFIED,1.13658,Fitbit App
2026-05-02T00:26:20Z,HEART_RATE_ZONE_TYPE_UNSPECIFIED,1.13658,Fitbit App
2026-05-02T00:27:20Z,HEART_RATE_ZONE_TYPE_UNSPECIFIED,1.13658,Fitbit App
2026-05-02T00:28:20Z,HEART_RATE_ZONE_TYPE_UNSPECIFIED,1.13658,Fitbit App
2026-05-02T00:29:20Z,HEART_RATE_ZONE_TYPE_UNSPECIFIED,1.13658,Fitbit App
2026-05-02T00:30:20Z,HEART_RATE_ZONE_TYPE_UNSPECIFIED,1.13658,Fitbit App
2026-05-02T00:31:20Z,HEART_RATE_ZONE_TYPE_UNSPECIFIED,1.13658,Fitbit App
2026-05-02T00:32:20Z,HEART_RATE_ZONE_TYPE_UNSPECIFIED,1.13658,Fitbit App
2026-05-02T00:33:20Z,HEART_RATE_ZONE_TYPE_UNSPECIFIED,1.13658,Fitbit App
2026-05-02T00:34:20Z,HEART_RATE_ZONE_TYPE_UNSPECIFIED,1.13658,Fitbit App
2026-05-02T00:35:20Z,HEART_RATE_ZONE_TYPE_UNSPECIFIED,1.13658,Fitbit App
2026-05-02T00:36:20Z,HEART_RATE_ZONE_TYPE_UNSPECIFIED,1.13658,Fitbit App
2026-05-02T00:37:20Z,HEART_RATE_ZONE_TYPE_UNSPECIFIED,1.13658,Fitbit App
2026-05-02T00:38:20Z,HEART_RATE_ZONE_TYPE_UNSPECIFIED,1.13658,Fitbit App
2026-05-02T00:39:20Z,HEART_RATE_ZONE_TYPE_UNSPECIFIED,1.13658,Fitbit App
2026-05-02T00:40:20Z,HEART_RATE_ZONE_TYPE_UNSPECIFIED,1.13658,Fitbit App
2026-05-02T00:41:20Z,HEART_RATE_ZONE_TYPE_UNSPECIFIED,1.13658,Fitbit App
2026-05-02T00:42:20Z,HEART_RATE_ZONE_TYPE_UNSPECIFIED,1.13658,Fitbit App
2026-05-02T00:43:20Z,HEART_RATE_ZONE_TYPE_UNSPECIFIED,1.13658,Fitbit App
2026-05-02T00:44:20Z,HEART_RATE_ZONE_TYPE_UNSPECIFIED,1.13658,Fitbit App
2026-05-02T00:45:20Z,HEART_RATE_ZONE_TYPE_UNSPECIFIED,1.13658,Fitbit App
2026-05-02T00:46:20Z,HEART_RATE_ZONE_TYPE_UNSPECIFIED,1.13658,Fitbit App
2026-05-02T00:47:20Z,HEART_RATE_ZONE_TYPE_UNSPECIFIED,1.13658,Fitbit App
2026-05-02T00:48:20Z,HEART_RATE_ZONE_TYPE_UNSPECIFIED,1.13658,Fitbit App
2026-05-02T00:49:20Z,HEART_RATE_ZONE_TYPE_UNSPECIFIED,1.13658,Fitbit App
2026-05-02T00:50:20Z,HEART_RATE_ZONE_TYPE_UNSPECIFIED,1.13658,Fitbit App
2026-05-02T00:51:20Z,HEART_RATE_ZONE_TYPE_UNSPECIFIED,1.13658,Fitbit App
2026-05-02T00:52:20Z,HEART_RATE_ZONE_TYPE_UNSPECIFIED,1.13658,Fitbit App
2026-05-02T00:53:20Z,HEART_RATE_ZONE_TYPE_UNSPECIFIED,1.13658,Fitbit App
2026-05-02T00:54:20Z,HEART_RATE_ZONE_TYPE_UNSPECIFIED,1.13658,Fitbit App
2026-05-02T00:55:20Z,HEART_RATE_ZONE_TYPE_UNSPECIFIED,1.13658,Fitbit App
2026-05-02T00:56:20Z,HEART_RATE_ZONE_TYPE_UNSPECIFIED,1.13658,Fitbit App
2026-05-02T00:57:20Z,HEART_RATE_ZONE_TYPE_UNSPECIFIED,1.13658,Fitbit App
2026-05-02T00:58:20Z,HEART_RATE_ZONE_TYPE_UNSPECIFIED,1.13658,Fitbit App
2026-05-02T00:59:20Z,HEART_RATE_ZONE_TYPE_UNSPECIFIED,1.13658,Fitbit App
2026-05-02T01:00:20Z,HEART_RATE_ZONE_TYPE_UNSPECIFIED,1.13658,Fitbit App
2026-05-02T01:01:20Z,HEART_RATE_ZONE_TYPE_UNSPECIFIED,1.13658,Fitbit App
2026-05-02T01:02:20Z,HEART_RATE_ZONE_TYPE_UNSPECIFIED,1.13658,Fitbit App
2026-05-02T01:03:20Z,HEART_RATE_ZONE_TYPE_UNSPECIFIED,1.13658,Fitbit App
2026-05-02T01:04:20Z,HEART_RATE_ZONE_TYPE_UNSPECIFIED,1.13658,Fitbit App
2026-05-02T01:05:20Z,HEART_RATE_ZONE_TYPE_UNSPECIFIED,1.13658,Fitbit App
2026-05-02T01:06:20Z,HEART_RATE_ZONE_TYPE_UNSPECIFIED,1.13658,Fitbit App
2026-05-02T01:07:20Z,HEART_RATE_ZONE_TYPE_UNSPECIFIED,1.13658,Fitbit App
2026-05-02T01:08:20Z,HEART_RATE_ZONE_TYPE_UNSPECIFIED,1.13658,Fitbit App
2026-05-02T01:09:20Z,HEART_RATE_ZONE_TYPE_UNSPECIFIED,1.13658,Fitbit App
2026-05-02T01:10:20Z,HEART_RATE_ZONE_TYPE_UNSPECIFIED,1.13658,Fitbit App
2026-05-02T01:11:20Z,HEART_RATE_ZONE_TYPE_UNSPECIFIED,1.13658,Fitbit App
2026-05-02T01:12:20Z,HEART_RATE_ZONE_TYPE_UNSPECIFIED,1.13658,Fitbit App
2026-05-02T01:13:20Z,HEART_RATE_ZONE_TYPE_UNSPECIFIED,1.13658,Fitbit App
2026-05-02T01:14:20Z,HEART_RATE_ZONE_TYPE_UNSPECIFIED,1.13658,Fitbit App
2026-05-02T01:15:20Z,HEART_RATE_ZONE_TYPE_UNSPECIFIED,1.13658,Fitbit App
2026-05-02T01:16:20Z,HEART_RATE_ZONE_TYPE_UNSPECIFIED,1.13658,Fitbit App
2026-05-02T01:17:20Z,HEART_RATE_ZONE_TYPE_UNSPECIFIED,1.13658,Fitbit App
2026-05-02T01:18:20Z,HEART_RATE_ZONE_TYPE_UNSPECIFIED,1.13658,Fitbit App
2026-05-02T01:19:20Z,HEART_RATE_ZONE_TYPE_UNSPECIFIED,1.13658,Fitbit App
2026-05-02T01:20:20Z,HEART_RATE_ZONE_TYPE_UNSPECIFIED,1.13658,Fitbit App
2026-05-02T01:21:20Z,HEART_RATE_ZONE_TYPE_UNSPECIFIED,1.13658,Fitbit App
2026-05-02T01:22:20Z,HEART_RATE_ZONE_TYPE_UNSPECIFIED,1.13658,Fitbit App
2026-05-02T01:23:20Z,HEART_RATE_ZONE_TYPE_UNSPECIFIED,1.13659,Fitbit App
2026-05-02T01:24:20Z,HEART_RATE_ZONE_TYPE_UNSPECIFIED,1.13659,Fitbit App
2026-05-02T01:25:20Z,HEART_RATE_ZONE_TYPE_UNSPECIFIED,1.13659,Fitbit App
2026-05-02T01:26:20Z,HEART_RATE_ZONE_TYPE_UNSPECIFIED,1.13659,Fitbit App
2026-05-02T01:27:20Z,HEART_RATE_ZONE_TYPE_UNSPECIFIED,1.13659,Fitbit App
2026-05-02T01:28:20Z,HEART_RATE_ZONE_TYPE_UNSPECIFIED,1.13659,Fitbit App
2026-05-02T01:29:20Z,HEART_RATE_ZONE_TYPE_UNSPECIFIED,1.13659,Fitbit App
2026-05-02T01:30:20Z,HEART_RATE_ZONE_TYPE_UNSPECIFIED,1.13659,Fitbit App
2026-05-02T01:31:20Z,HEART_RATE_ZONE_TYPE_UNSPECIFIED,1.13659,Fitbit App
2026-05-02T01:32:20Z,HEART_RATE_ZONE_TYPE_UNSPECIFIED,1.13659,Fitbit App
2026-05-02T01:33:20Z,HEART_RATE_ZONE_TYPE_UNSPECIFIED,1.13659,Fitbit App
2026-05-02T01:34:20Z,HEART_RATE_ZONE_TYPE_UNSPECIFIED,1.13659,Fitbit App
2026-05-02T01:35:20Z,HEART_RATE_ZONE_TYPE_UNSPECIFIED,1.13659,Fitbit App
2026-05-02T01:36:20Z,HEART_RATE_ZONE_TYPE_UNSPECIFIED,1.13659,Fitbit App
2026-05-02T01:37:20Z,HEART_RATE_ZONE_TYPE_UNSPECIFIED,3.1824519999999996,Fitbit App
2026-05-02T01:38:20Z,HEART_RATE_ZONE_TYPE_UNSPECIFIED,2.955134,Fitbit App
2026-05-02T01:39:20Z,HEART_RATE_ZONE_TYPE_UNSPECIFIED,1.13659,Fitbit App
2026-05-02T01:40:20Z,HEART_RATE_ZONE_TYPE_UNSPECIFIED,1.13659,Fitbit App
2026-05-02T01:41:20Z,HEART_RATE_ZONE_TYPE_UNSPECIFIED,1.13659,Fitbit App
2026-05-02T01:42:20Z,HEART_RATE_ZONE_TYPE_UNSPECIFIED,1.13659,Fitbit App
2026-05-02T01:43:20Z,HEART_RATE_ZONE_TYPE_UNSPECIFIED,1.13659,Fitbit App
2026-05-02T01:44:20Z,HEART_RATE_ZONE_TYPE_UNSPECIFIED,1.13659,Fitbit App
2026-05-02T01:45:20Z,HEART_RATE_ZONE_TYPE_UNSPECIFIED,1.13659,Fitbit App
2026-05-02T01:46:20Z,HEART_RATE_ZONE_TYPE_UNSPECIFIED,1.13659,Fitbit App
2026-05-02T01:47:20Z,HEART_RATE_ZONE_TYPE_UNSPECIFIED,1.13659,Fitbit App
2026-05-02T01:48:20Z,HEART_RATE_ZONE_TYPE_UNSPECIFIED,1.13659,Fitbit App
2026-05-02T01:49:20Z,HEART_RATE_ZONE_TYPE_UNSPECIFIED,1.13659,Fitbit App
2026-05-02T01:50:20Z,HEART_RATE_ZONE_TYPE_UNSPECIFIED,1.13659,Fitbit App
2026-05-02T01:51:20Z,HEART_RATE_ZONE_TYPE_UNSPECIFIED,1.13659,Fitbit App
2026-05-02T01:52:20Z,HEART_RATE_ZONE_TYPE_UNSPECIFIED,1.13659,Fitbit App
2026-05-02T01:53:20Z,HEART_RATE_ZONE_TYPE_UNSPECIFIED,2.727816,Fitbit App
2026-05-02T01:54:20Z,HEART_RATE_ZONE_TYPE_UNSPECIFIED,3.40977,Fitbit App
2026-05-02T01:55:20Z,HEART_RATE_ZONE_TYPE_UNSPECIFIED,1.13659,Fitbit App
2026-05-02T01:56:20Z,HEART_RATE_ZONE_TYPE_UNSPECIFIED,1.13659,Fitbit App
2026-05-02T01:57:20Z,HEART_RATE_ZONE_TYPE_UNSPECIFIED,2.727816,Fitbit App
2026-05-02T01:58:20Z,HEART_RATE_ZONE_TYPE_UNSPECIFIED,2.955134,Fitbit App
2026-05-02T01:59:20Z,HEART_RATE_ZONE_TYPE_UNSPECIFIED,1.13659,Fitbit App
2026-05-02T02:00:20Z,HEART_RATE_ZONE_TYPE_UNSPECIFIED,1.13659,Fitbit App
2026-05-02T02:01:20Z,HEART_RATE_ZONE_TYPE_UNSPECIFIED,1.13659,Fitbit App
2026-05-02T02:02:20Z,HEART_RATE_ZONE_TYPE_UNSPECIFIED,2.955134,Fitbit App
2026-05-02T02:03:20Z,HEART_RATE_ZONE_TYPE_UNSPECIFIED,2.727816,Fitbit App
2026-05-02T02:04:20Z,HEART_RATE_ZONE_TYPE_UNSPECIFIED,1.13659,Fitbit App
2026-05-02T02:05:20Z,HEART_RATE_ZONE_TYPE_UNSPECIFIED,1.13659,Fitbit App
2026-05-02T02:06:20Z,HEART_RATE_ZONE_TYPE_UNSPECIFIED,1.13659,Fitbit App
2026-05-02T02:07:20Z,HEART_RATE_ZONE_TYPE_UNSPECIFIED,2.727816,Fitbit App
2026-05-02T02:08:20Z,HEART_RATE_ZONE_TYPE_UNSPECIFIED,2.727816,Fitbit App
2026-05-02T02:09:20Z,HEART_RATE_ZONE_TYPE_UNSPECIFIED,1.13659,Fitbit App
2026-05-02T02:10:20Z,HEART_RATE_ZONE_TYPE_UNSPECIFIED,1.13659,Fitbit App
2026-05-02T02:11:20Z,HEART_RATE_ZONE_TYPE_UNSPECIFIED,1.13659,Fitbit App
2026-05-02T02:12:20Z,HEART_RATE_ZONE_TYPE_UNSPECIFIED,1.13659,Fitbit App
2026-05-02T02:13:20Z,HEART_RATE_ZONE_TYPE_UNSPECIFIED,1.13659,Fitbit App
2026-05-02T02:14:20Z,HEART_RATE_ZONE_TYPE_UNSPECIFIED,1.13659,Fitbit App
2026-05-02T02:15:20Z,HEART_RATE_ZONE_TYPE_UNSPECIFIED,1.13659,Fitbit App
2026-05-02T02:16:20Z,HEART_RATE_ZONE_TYPE_UNSPECIFIED,1.13659,Fitbit App
2026-05-02T02:17:20Z,HEART_RATE_ZONE_TYPE_UNSPECIFIED,1.13659,Fitbit App
2026-05-02T02:18:20Z,HEART_RATE_ZONE_TYPE_UNSPECIFIED,1.13659,Fitbit App
2026-05-02T02:19:20Z,HEART_RATE_ZONE_TYPE_UNSPECIFIED,1.13659,Fitbit App
2026-05-02T02:20:20Z,HEART_RATE_ZONE_TYPE_UNSPECIFIED,1.13659,Fitbit App
2026-05-02T02:21:20Z,HEART_RATE_ZONE_TYPE_UNSPECIFIED,1.13659,Fitbit App
2026-05-02T02:22:20Z,HEART_RATE_ZONE_TYPE_UNSPECIFIED,1.13659,Fitbit App
2026-05-02T02:23:20Z,HEART_RATE_ZONE_TYPE_UNSPECIFIED,1.13659,Fitbit App
2026-05-02T02:24:20Z,HEART_RATE_ZONE_TYPE_UNSPECIFIED,1.13659,Fitbit App
2026-05-02T02:25:20Z,HEART_RATE_ZONE_TYPE_UNSPECIFIED,1.13659,Fitbit App
2026-05-02T02:26:20Z,HEART_RATE_ZONE_TYPE_UNSPECIFIED,1.13659,Fitbit App
2026-05-02T02:27:20Z,HEART_RATE_ZONE_TYPE_UNSPECIFIED,1.13659,Fitbit App
2026-05-02T02:28:20Z,HEART_RATE_ZONE_TYPE_UNSPECIFIED,1.13659,Fitbit App
2026-05-02T02:29:20Z,HEART_RATE_ZONE_TYPE_UNSPECIFIED,1.13659,Fitbit App
2026-05-02T02:30:20Z,HEART_RATE_ZONE_TYPE_UNSPECIFIED,1.13659,Fitbit App
2026-05-02T02:31:20Z,HEART_RATE_ZONE_TYPE_UNSPECIFIED,1.13659,Fitbit App
2026-05-02T02:32:20Z,HEART_RATE_ZONE_TYPE_UNSPECIFIED,1.13659,Fitbit App
2026-05-02T02:33:20Z,HEART_RATE_ZONE_TYPE_UNSPECIFIED,1.13659,Fitbit App
2026-05-02T02:34:20Z,HEART_RATE_ZONE_TYPE_UNSPECIFIED,1.13659,Fitbit App
2026-05-02T02:35:20Z,HEART_RATE_ZONE_TYPE_UNSPECIFIED,1.13659,Fitbit App
2026-05-02T02:36:20Z,HEART_RATE_ZONE_TYPE_UNSPECIFIED,1.13659,Fitbit App
2026-05-02T02:37:20Z,HEART_RATE_ZONE_TYPE_UNSPECIFIED,1.13659,Fitbit App
2026-05-02T02:38:20Z,HEART_RATE_ZONE_TYPE_UNSPECIFIED,1.13659,Fitbit App
2026-05-02T02:39:20Z,HEART_RATE_ZONE_TYPE_UNSPECIFIED,1.13659,Fitbit App
2026-05-02T02:40:20Z,HEART_RATE_ZONE_TYPE_UNSPECIFIED,1.13659,Fitbit App
2026-05-02T02:41:20Z,HEART_RATE_ZONE_TYPE_UNSPECIFIED,1.13659,Fitbit App
2026-05-02T02:42:20Z,HEART_RATE_ZONE_TYPE_UNSPECIFIED,1.13659,Fitbit App
2026-05-02T02:43:20Z,HEART_RATE_ZONE_TYPE_UNSPECIFIED,1.13659,Fitbit App
2026-05-02T02:44:20Z,HEART_RATE_ZONE_TYPE_UNSPECIFIED,1.13659,Fitbit App
2026-05-02T02:45:20Z,HEART_RATE_ZONE_TYPE_UNSPECIFIED,1.13659,Fitbit App
2026-05-02T02:46:20Z,HEART_RATE_ZONE_TYPE_UNSPECIFIED,1.13659,Fitbit App
2026-05-02T02:47:20Z,HEART_RATE_ZONE_TYPE_UNSPECIFIED,1.13659,Fitbit App
2026-05-02T02:48:20Z,HEART_RATE_ZONE_TYPE_UNSPECIFIED,1.13659,Fitbit App
2026-05-02T02:49:20Z,HEART_RATE_ZONE_TYPE_UNSPECIFIED,1.13659,Fitbit App
2026-05-02T02:50:20Z,HEART_RATE_ZONE_TYPE_UNSPECIFIED,1.13659,Fitbit App
2026-05-02T02:51:20Z,HEART_RATE_ZONE_TYPE_UNSPECIFIED,1.13659,Fitbit App
2026-05-02T02:52:20Z,HEART_RATE_ZONE_TYPE_UNSPECIFIED,1.13659,Fitbit App
2026-05-02T02:53:20Z,HEART_RATE_ZONE_TYPE_UNSPECIFIED,1.13659,Fitbit App
2026-05-02T02:54:20Z,HEART_RATE_ZONE_TYPE_UNSPECIFIED,1.13659,Fitbit App
2026-05-02T02:55:20Z,HEART_RATE_ZONE_TYPE_UNSPECIFIED,1.13659,Fitbit App
2026-05-02T02:56:20Z,HEART_RATE_ZONE_TYPE_UNSPECIFIED,1.13659,Fitbit App
2026-05-02T02:57:20Z,HEART_RATE_ZONE_TYPE_UNSPECIFIED,1.13659,Fitbit App
2026-05-02T02:58:20Z,HEART_RATE_ZONE_TYPE_UNSPECIFIED,1.13659,Fitbit App
2026-05-02T02:59:20Z,HEART_RATE_ZONE_TYPE_UNSPECIFIED,1.13659,Fitbit App
2026-05-02T03:00:20Z,HEART_RATE_ZONE_TYPE_UNSPECIFIED,1.13659,Fitbit App
2026-05-02T03:01:20Z,HEART_RATE_ZONE_TYPE_UNSPECIFIED,1.13659,Fitbit App
2026-05-02T03:02:20Z,HEART_RATE_ZONE_TYPE_UNSPECIFIED,1.13659,Fitbit App
2026-05-02T03:03:20Z,HEART_RATE_ZONE_TYPE_UNSPECIFIED,1.13659,Fitbit App
2026-05-02T03:04:20Z,HEART_RATE_ZONE_TYPE_UNSPECIFIED,1.13659,Fitbit App
2026-05-02T03:05:20Z,HEART_RATE_ZONE_TYPE_UNSPECIFIED,1.13659,Fitbit App
2026-05-02T03:06:20Z,HEART_RATE_ZONE_TYPE_UNSPECIFIED,1.13659,Fitbit App
2026-05-02T03:07:20Z,HEART_RATE_ZONE_TYPE_UNSPECIFIED,1.13659,Fitbit App
2026-05-02T03:08:20Z,HEART_RATE_ZONE_TYPE_UNSPECIFIED,1.13659,Fitbit App
2026-05-02T03:09:20Z,HEART_RATE_ZONE_TYPE_UNSPECIFIED,1.13659,Fitbit App
2026-05-02T03:10:20Z,HEART_RATE_ZONE_TYPE_UNSPECIFIED,1.13659,Fitbit App
2026-05-02T03:11:20Z,HEART_RATE_ZONE_TYPE_UNSPECIFIED,1.13659,Fitbit App
2026-05-02T03:12:20Z,HEART_RATE_ZONE_TYPE_UNSPECIFIED,1.13659,Fitbit App
2026-05-02T03:13:20Z,HEART_RATE_ZONE_TYPE_UNSPECIFIED,1.13659,Fitbit App
2026-05-02T03:14:20Z,HEART_RATE_ZONE_TYPE_UNSPECIFIED,1.13659,Fitbit App
2026-05-02T03:15:20Z,HEART_RATE_ZONE_TYPE_UNSPECIFIED,1.13659,Fitbit App
2026-05-02T03:16:20Z,HEART_RATE_ZONE_TYPE_UNSPECIFIED,1.13659,Fitbit App
2026-05-02T03:17:20Z,HEART_RATE_ZONE_TYPE_UNSPECIFIED,1.13659,Fitbit App
2026-05-02T03:18:20Z,HEART_RATE_ZONE_TYPE_UNSPECIFIED,1.13659,Fitbit App
2026-05-02T03:19:20Z,HEART_RATE_ZONE_TYPE_UNSPECIFIED,1.13659,Fitbit App
2026-05-02T03:20:20Z,HEART_RATE_ZONE_TYPE_UNSPECIFIED,1.13659,Fitbit App
2026-05-02T03:21:20Z,HEART_RATE_ZONE_TYPE_UNSPECIFIED,1.13659,Fitbit App
2026-05-02T03:22:20Z,HEART_RATE_ZONE_TYPE_UNSPECIFIED,1.13659,Fitbit App
2026-05-02T03:23:20Z,HEART_RATE_ZONE_TYPE_UNSPECIFIED,1.13659,Fitbit App
2026-05-02T03:24:20Z,HEART_RATE_ZONE_TYPE_UNSPECIFIED,1.13659,Fitbit App
2026-05-02T03:25:20Z,HEART_RATE_ZONE_TYPE_UNSPECIFIED,2.727816,Fitbit App
2026-05-02T03:26:20Z,HEART_RATE_ZONE_TYPE_UNSPECIFIED,3.1824519999999996,Fitbit App
2026-05-02T03:27:20Z,HEART_RATE_ZONE_TYPE_UNSPECIFIED,1.13659,Fitbit App
2026-05-02T03:28:20Z,HEART_RATE_ZONE_TYPE_UNSPECIFIED,1.13659,Fitbit App
2026-05-02T03:29:20Z,HEART_RATE_ZONE_TYPE_UNSPECIFIED,1.13659,Fitbit App
2026-05-02T03:30:20Z,HEART_RATE_ZONE_TYPE_UNSPECIFIED,1.13659,Fitbit App
2026-05-02T03:31:20Z,HEART_RATE_ZONE_TYPE_UNSPECIFIED,1.13659,Fitbit App
2026-05-02T03:32:20Z,HEART_RATE_ZONE_TYPE_UNSPECIFIED,1.13659,Fitbit App
2026-05-02T03:33:20Z,HEART_RATE_ZONE_TYPE_UNSPECIFIED,1.13659,Fitbit App
2026-05-02T03:34:20Z,HEART_RATE_ZONE_TYPE_UNSPECIFIED,1.13659,Fitbit App
2026-05-02T03:35:20Z,HEART_RATE_ZONE_TYPE_UNSPECIFIED,1.13659,Fitbit App
2026-05-02T03:36:20Z,HEART_RATE_ZONE_TYPE_UNSPECIFIED,1.13659,Fitbit App
2026-05-02T03:37:20Z,HEART_RATE_ZONE_TYPE_UNSPECIFIED,1.13659,Fitbit App
2026-05-02T03:38:20Z,HEART_RATE_ZONE_TYPE_UNSPECIFIED,1.13659,Fitbit App
2026-05-02T03:39:20Z,HEART_RATE_ZONE_TYPE_UNSPECIFIED,1.13659,Fitbit App
2026-05-02T03:40:20Z,HEART_RATE_ZONE_TYPE_UNSPECIFIED,1.13659,Fitbit App
2026-05-02T03:41:20Z,HEART_RATE_ZONE_TYPE_UNSPECIFIED,1.13659,Fitbit App
2026-05-02T03:42:20Z,HEART_RATE_ZONE_TYPE_UNSPECIFIED,1.13659,Fitbit App
2026-05-02T03:43:20Z,HEART_RATE_ZONE_TYPE_UNSPECIFIED,1.13659,Fitbit App
2026-05-02T03:44:20Z,HEART_RATE_ZONE_TYPE_UNSPECIFIED,1.13659,Fitbit App
2026-05-02T03:45:20Z,HEART_RATE_ZONE_TYPE_UNSPECIFIED,1.13659,Fitbit App
2026-05-02T03:46:20Z,HEART_RATE_ZONE_TYPE_UNSPECIFIED,1.13659,Fitbit App
2026-05-02T03:47:20Z,HEART_RATE_ZONE_TYPE_UNSPECIFIED,1.13659,Fitbit App
2026-05-02T03:48:20Z,HEART_RATE_ZONE_TYPE_UNSPECIFIED,1.13659,Fitbit App
2026-05-02T03:49:20Z,HEART_RATE_ZONE_TYPE_UNSPECIFIED,1.13659,Fitbit App
2026-05-02T03:50:20Z,HEART_RATE_ZONE_TYPE_UNSPECIFIED,1.13659,Fitbit App
2026-05-02T03:51:20Z,HEART_RATE_ZONE_TYPE_UNSPECIFIED,1.13659,Fitbit App
2026-05-02T03:52:20Z,HEART_RATE_ZONE_TYPE_UNSPECIFIED,1.13659,Fitbit App
2026-05-02T03:53:20Z,HEART_RATE_ZONE_TYPE_UNSPECIFIED,1.13659,Fitbit App
2026-05-02T03:54:20Z,HEART_RATE_ZONE_TYPE_UNSPECIFIED,1.13659,Fitbit App
2026-05-02T03:55:20Z,HEART_RATE_ZONE_TYPE_UNSPECIFIED,1.13659,Fitbit App
2026-05-02T03:56:20Z,HEART_RATE_ZONE_TYPE_UNSPECIFIED,1.13659,Fitbit App
2026-05-02T03:57:20Z,HEART_RATE_ZONE_TYPE_UNSPECIFIED,1.13659,Fitbit App
2026-05-02T03:58:20Z,HEART_RATE_ZONE_TYPE_UNSPECIFIED,1.13659,Fitbit App
2026-05-02T03:59:20Z,HEART_RATE_ZONE_TYPE_UNSPECIFIED,1.13659,Fitbit App
2026-05-02T04:00:20Z,HEART_RATE_ZONE_TYPE_UNSPECIFIED,1.13659,Fitbit App
2026-05-02T04:01:20Z,HEART_RATE_ZONE_TYPE_UNSPECIFIED,1.13659,Fitbit App
2026-05-02T04:02:20Z,HEART_RATE_ZONE_TYPE_UNSPECIFIED,1.13659,Fitbit App
2026-05-02T04:03:20Z,HEART_RATE_ZONE_TYPE_UNSPECIFIED,1.13659,Fitbit App
2026-05-02T04:04:20Z,HEART_RATE_ZONE_TYPE_UNSPECIFIED,1.13659,Fitbit App
2026-05-02T04:05:20Z,HEART_RATE_ZONE_TYPE_UNSPECIFIED,1.13659,Fitbit App
2026-05-02T04:06:20Z,HEART_RATE_ZONE_TYPE_UNSPECIFIED,1.13659,Fitbit App
2026-05-02T04:07:20Z,HEART_RATE_ZONE_TYPE_UNSPECIFIED,1.13659,Fitbit App
2026-05-02T04:08:20Z,HEART_RATE_ZONE_TYPE_UNSPECIFIED,1.13659,Fitbit App
2026-05-02T04:09:20Z,HEART_RATE_ZONE_TYPE_UNSPECIFIED,1.13659,Fitbit App
2026-05-02T04:10:20Z,HEART_RATE_ZONE_TYPE_UNSPECIFIED,1.13659,Fitbit App
2026-05-02T04:11:20Z,HEART_RATE_ZONE_TYPE_UNSPECIFIED,1.13659,Fitbit App
2026-05-02T04:12:20Z,HEART_RATE_ZONE_TYPE_UNSPECIFIED,1.13659,Fitbit App
2026-05-02T04:13:20Z,HEART_RATE_ZONE_TYPE_UNSPECIFIED,1.13659,Fitbit App
2026-05-02T04:14:20Z,HEART_RATE_ZONE_TYPE_UNSPECIFIED,1.13659,Fitbit App
2026-05-02T04:15:20Z,HEART_RATE_ZONE_TYPE_UNSPECIFIED,1.13659,Fitbit App
2026-05-02T04:16:20Z,HEART_RATE_ZONE_TYPE_UNSPECIFIED,1.13659,Fitbit App
2026-05-02T04:17:20Z,HEART_RATE_ZONE_TYPE_UNSPECIFIED,1.13659,Fitbit App
2026-05-02T04:18:20Z,HEART_RATE_ZONE_TYPE_UNSPECIFIED,1.13659,Fitbit App
2026-05-02T04:19:20Z,HEART_RATE_ZONE_TYPE_UNSPECIFIED,1.13659,Fitbit App
2026-05-02T04:20:20Z,HEART_RATE_ZONE_TYPE_UNSPECIFIED,2.727816,Fitbit App
2026-05-02T04:21:20Z,HEART_RATE_ZONE_TYPE_UNSPECIFIED,3.6370880000000003,Fitbit App
2026-05-02T04:22:20Z,HEART_RATE_ZONE_TYPE_UNSPECIFIED,3.40977,Fitbit App
2026-05-02T04:23:20Z,HEART_RATE_ZONE_TYPE_UNSPECIFIED,3.40977,Fitbit App
2026-05-02T04:24:20Z,HEART_RATE_ZONE_TYPE_UNSPECIFIED,9.206379,Fitbit App
2026-05-02T04:25:20Z,HEART_RATE_ZONE_TYPE_UNSPECIFIED,9.433697,Fitbit App
2026-05-02T04:26:20Z,HEART_RATE_ZONE_TYPE_UNSPECIFIED,8.069789,Fitbit App
2026-05-02T04:27:20Z,HEART_RATE_ZONE_TYPE_UNSPECIFIED,1.13659,Fitbit App
2026-05-02T04:28:20Z,HEART_RATE_ZONE_TYPE_UNSPECIFIED,2.727816,Fitbit App
2026-05-02T04:29:20Z,HEART_RATE_ZONE_TYPE_UNSPECIFIED,2.955134,Fitbit App
2026-05-02T04:30:20Z,HEART_RATE_ZONE_TYPE_UNSPECIFIED,1.13659,Fitbit App
2026-05-02T04:31:20Z,HEART_RATE_ZONE_TYPE_UNSPECIFIED,1.13659,Fitbit App
2026-05-02T04:32:20Z,HEART_RATE_ZONE_TYPE_UNSPECIFIED,1.13659,Fitbit App
2026-05-02T04:33:20Z,HEART_RATE_ZONE_TYPE_UNSPECIFIED,1.13659,Fitbit App
2026-05-02T04:34:20Z,HEART_RATE_ZONE_TYPE_UNSPECIFIED,1.13659,Fitbit App
2026-05-02T04:35:20Z,HEART_RATE_ZONE_TYPE_UNSPECIFIED,1.13659,Fitbit App
2026-05-02T04:36:20Z,HEART_RATE_ZONE_TYPE_UNSPECIFIED,1.13659,Fitbit App
2026-05-02T04:37:20Z,HEART_RATE_ZONE_TYPE_UNSPECIFIED,1.13659,Fitbit App
2026-05-02T04:38:20Z,HEART_RATE_ZONE_TYPE_UNSPECIFIED,1.13659,Fitbit App
2026-05-02T04:39:20Z,HEART_RATE_ZONE_TYPE_UNSPECIFIED,1.13659,Fitbit App
2026-05-02T04:40:20Z,HEART_RATE_ZONE_TYPE_UNSPECIFIED,3.1824519999999996,Fitbit App
2026-05-02T04:41:20Z,HEART_RATE_ZONE_TYPE_UNSPECIFIED,8.751743,Fitbit App
2026-05-02T04:42:20Z,HEART_RATE_ZONE_TYPE_UNSPECIFIED,9.888333,Fitbit App
2026-05-02T04:43:20Z,HEART_RATE_ZONE_TYPE_UNSPECIFIED,6.705881000000001,Fitbit App
2026-05-02T04:44:20Z,HEART_RATE_ZONE_TYPE_UNSPECIFIED,1.13659,Fitbit App
2026-05-02T04:45:20Z,HEART_RATE_ZONE_TYPE_UNSPECIFIED,2.727816,Fitbit App
2026-05-02T04:46:20Z,HEART_RATE_ZONE_TYPE_UNSPECIFIED,6.478563,Fitbit App
2026-05-02T04:47:20Z,HEART_RATE_ZONE_TYPE_UNSPECIFIED,8.297107,Fitbit App
2026-05-02T04:48:20Z,HEART_RATE_ZONE_TYPE_UNSPECIFIED,8.069789,Fitbit App
2026-05-02T04:49:20Z,HEART_RATE_ZONE_TYPE_UNSPECIFIED,9.206379,Fitbit App
2026-05-02T04:50:20Z,HEART_RATE_ZONE_TYPE_UNSPECIFIED,3.864406,Fitbit App
2026-05-02T04:51:20Z,HEART_RATE_ZONE_TYPE_UNSPECIFIED,2.955134,Fitbit App
2026-05-02T04:52:20Z,HEART_RATE_ZONE_TYPE_UNSPECIFIED,2.955134,Fitbit App
2026-05-02T04:53:20Z,HEART_RATE_ZONE_TYPE_UNSPECIFIED,1.13659,Fitbit App
2026-05-02T04:54:20Z,HEART_RATE_ZONE_TYPE_UNSPECIFIED,1.13659,Fitbit App
2026-05-02T04:55:20Z,HEART_RATE_ZONE_TYPE_UNSPECIFIED,1.13659,Fitbit App
2026-05-02T04:56:20Z,HEART_RATE_ZONE_TYPE_UNSPECIFIED,1.13659,Fitbit App
2026-05-02T04:57:20Z,HEART_RATE_ZONE_TYPE_UNSPECIFIED,1.13659,Fitbit App
2026-05-02T04:58:20Z,HEART_RATE_ZONE_TYPE_UNSPECIFIED,1.13659,Fitbit App
2026-05-02T04:59:20Z,HEART_RATE_ZONE_TYPE_UNSPECIFIED,1.13659,Fitbit App
2026-05-02T05:00:20Z,HEART_RATE_ZONE_TYPE_UNSPECIFIED,1.13659,Fitbit App
2026-05-02T05:01:20Z,HEART_RATE_ZONE_TYPE_UNSPECIFIED,1.13659,Fitbit App
2026-05-02T05:02:20Z,HEART_RATE_ZONE_TYPE_UNSPECIFIED,1.13659,Fitbit App
2026-05-02T05:03:20Z,HEART_RATE_ZONE_TYPE_UNSPECIFIED,1.13659,Fitbit App
2026-05-02T05:04:20Z,HEART_RATE_ZONE_TYPE_UNSPECIFIED,1.13659,Fitbit App
2026-05-02T05:05:20Z,HEART_RATE_ZONE_TYPE_UNSPECIFIED,1.1366,Fitbit App
2026-05-02T05:06:20Z,HEART_RATE_ZONE_TYPE_UNSPECIFIED,1.1366,Fitbit App
2026-05-02T05:07:20Z,HEART_RATE_ZONE_TYPE_UNSPECIFIED,1.1366,Fitbit App
2026-05-02T05:08:20Z,HEART_RATE_ZONE_TYPE_UNSPECIFIED,1.1366,Fitbit App
2026-05-02T05:09:20Z,HEART_RATE_ZONE_TYPE_UNSPECIFIED,1.1366,Fitbit App
2026-05-02T05:10:20Z,HEART_RATE_ZONE_TYPE_UNSPECIFIED,1.1366,Fitbit App
2026-05-02T05:11:20Z,HEART_RATE_ZONE_TYPE_UNSPECIFIED,1.1366,Fitbit App
2026-05-02T05:12:20Z,HEART_RATE_ZONE_TYPE_UNSPECIFIED,1.1366,Fitbit App
2026-05-02T05:13:20Z,HEART_RATE_ZONE_TYPE_UNSPECIFIED,1.1366,Fitbit App
2026-05-02T05:14:20Z,HEART_RATE_ZONE_TYPE_UNSPECIFIED,1.1366,Fitbit App
2026-05-02T05:15:20Z,HEART_RATE_ZONE_TYPE_UNSPECIFIED,1.1366,Fitbit App
2026-05-02T05:16:20Z,HEART_RATE_ZONE_TYPE_UNSPECIFIED,1.1366,Fitbit App
2026-05-02T05:17:20Z,HEART_RATE_ZONE_TYPE_UNSPECIFIED,1.1366,Fitbit App
2026-05-02T05:18:20Z,HEART_RATE_ZONE_TYPE_UNSPECIFIED,2.9551600000000002,Fitbit App
2026-05-02T05:19:20Z,HEART_RATE_ZONE_TYPE_UNSPECIFIED,4.773720000000001,Fitbit App
2026-05-02T05:20:20Z,HEART_RATE_ZONE_TYPE_UNSPECIFIED,9.661100000000001,Fitbit App
2026-05-02T05:21:20Z,HEART_RATE_ZONE_TYPE_UNSPECIFIED,8.06986,Fitbit App
2026-05-02T05:22:20Z,HEART_RATE_ZONE_TYPE_UNSPECIFIED,4.091760000000001,Fitbit App
2026-05-02T05:23:20Z,HEART_RATE_ZONE_TYPE_UNSPECIFIED,1.1366,Fitbit App
2026-05-02T05:24:20Z,HEART_RATE_ZONE_TYPE_UNSPECIFIED,1.1366,Fitbit App
2026-05-02T05:25:20Z,HEART_RATE_ZONE_TYPE_UNSPECIFIED,2.72784,Fitbit App
2026-05-02T05:26:20Z,HEART_RATE_ZONE_TYPE_UNSPECIFIED,3.4098,Fitbit App
2026-05-02T05:27:20Z,HEART_RATE_ZONE_TYPE_UNSPECIFIED,2.72784,Fitbit App
2026-05-02T05:28:20Z,HEART_RATE_ZONE_TYPE_UNSPECIFIED,2.9551600000000002,Fitbit App
2026-05-02T05:29:20Z,HEART_RATE_ZONE_TYPE_UNSPECIFIED,4.773720000000001,Fitbit App
2026-05-02T05:30:20Z,HEART_RATE_ZONE_TYPE_UNSPECIFIED,8.75182,Fitbit App
2026-05-02T05:31:20Z,HEART_RATE_ZONE_TYPE_UNSPECIFIED,9.661100000000001,Fitbit App
2026-05-02T05:32:20Z,HEART_RATE_ZONE_TYPE_UNSPECIFIED,6.47862,Fitbit App
2026-05-02T05:33:20Z,HEART_RATE_ZONE_TYPE_UNSPECIFIED,8.5245,Fitbit App
2026-05-02T05:34:20Z,HEART_RATE_ZONE_TYPE_UNSPECIFIED,6.705940000000001,Fitbit App
2026-05-02T05:35:20Z,HEART_RATE_ZONE_TYPE_UNSPECIFIED,8.5245,Fitbit App
2026-05-02T05:36:20Z,HEART_RATE_ZONE_TYPE_UNSPECIFIED,3.86444,Fitbit App
2026-05-02T05:37:20Z,HEART_RATE_ZONE_TYPE_UNSPECIFIED,1.1366,Fitbit App
2026-05-02T05:38:20Z,HEART_RATE_ZONE_TYPE_UNSPECIFIED,1.1366,Fitbit App
2026-05-02T05:39:20Z,HEART_RATE_ZONE_TYPE_UNSPECIFIED,1.1366,Fitbit App
2026-05-02T05:40:20Z,HEART_RATE_ZONE_TYPE_UNSPECIFIED,2.72784,Fitbit App
2026-05-02T05:41:20Z,HEART_RATE_ZONE_TYPE_UNSPECIFIED,3.18248,Fitbit App
2026-05-02T05:42:20Z,HEART_RATE_ZONE_TYPE_UNSPECIFIED,3.86444,Fitbit App
2026-05-02T05:43:20Z,HEART_RATE_ZONE_TYPE_UNSPECIFIED,2.9551600000000002,Fitbit App
2026-05-02T05:44:20Z,HEART_RATE_ZONE_TYPE_UNSPECIFIED,4.773720000000001,Fitbit App
2026-05-02T05:45:20Z,HEART_RATE_ZONE_TYPE_UNSPECIFIED,4.5464,Fitbit App
2026-05-02T05:46:20Z,HEART_RATE_ZONE_TYPE_UNSPECIFIED,9.88842,Fitbit App
2026-05-02T05:47:20Z,HEART_RATE_ZONE_TYPE_UNSPECIFIED,10.11574,Fitbit App
2026-05-02T05:48:20Z,HEART_RATE_ZONE_TYPE_UNSPECIFIED,10.11574,Fitbit App
2026-05-02T05:49:20Z,HEART_RATE_ZONE_TYPE_UNSPECIFIED,1.1366,Fitbit App
2026-05-02T05:49:40Z,HEART_RATE_ZONE_TYPE_UNSPECIFIED,6.2513000000000005,Fitbit App
2026-05-02T05:50:40Z,HEART_RATE_ZONE_TYPE_UNSPECIFIED,2.72784,Fitbit App
2026-05-02T05:51:40Z,HEART_RATE_ZONE_TYPE_UNSPECIFIED,3.18248,Fitbit App
2026-05-02T05:52:40Z,HEART_RATE_ZONE_TYPE_UNSPECIFIED,1.1366,Fitbit App
2026-05-02T05:53:40Z,HEART_RATE_ZONE_TYPE_UNSPECIFIED,1.1366,Fitbit App
2026-05-02T05:54:40Z,HEART_RATE_ZONE_TYPE_UNSPECIFIED,1.1366,Fitbit App
2026-05-02T05:55:40Z,HEART_RATE_ZONE_TYPE_UNSPECIFIED,1.1366,Fitbit App
2026-05-02T05:56:40Z,HEART_RATE_ZONE_TYPE_UNSPECIFIED,1.1366,Fitbit App
2026-05-02T05:57:40Z,HEART_RATE_ZONE_TYPE_UNSPECIFIED,2.9551600000000002,Fitbit App
2026-05-02T05:58:40Z,HEART_RATE_ZONE_TYPE_UNSPECIFIED,8.5245,Fitbit App
2026-05-02T05:59:40Z,HEART_RATE_ZONE_TYPE_UNSPECIFIED,3.6371200000000004,Fitbit App
2026-05-02T06:00:40Z,HEART_RATE_ZONE_TYPE_UNSPECIFIED,3.18248,Fitbit App
2026-05-02T06:01:40Z,HEART_RATE_ZONE_TYPE_UNSPECIFIED,1.1366,Fitbit App
2026-05-02T06:02:40Z,HEART_RATE_ZONE_TYPE_UNSPECIFIED,1.1366,Fitbit App
2026-05-02T06:03:40Z,HEART_RATE_ZONE_TYPE_UNSPECIFIED,1.1366,Fitbit App
2026-05-02T06:04:40Z,HEART_RATE_ZONE_TYPE_UNSPECIFIED,1.1366,Fitbit App
2026-05-02T06:05:40Z,HEART_RATE_ZONE_TYPE_UNSPECIFIED,1.1366,Fitbit App
2026-05-02T06:06:40Z,HEART_RATE_ZONE_TYPE_UNSPECIFIED,1.1366,Fitbit App
2026-05-02T06:07:40Z,HEART_RATE_ZONE_TYPE_UNSPECIFIED,1.1366,Fitbit App
2026-05-02T06:08:40Z,HEART_RATE_ZONE_TYPE_UNSPECIFIED,1.1366,Fitbit App
2026-05-02T06:09:40Z,HEART_RATE_ZONE_TYPE_UNSPECIFIED,2.72784,Fitbit App
2026-05-02T06:10:40Z,HEART_RATE_ZONE_TYPE_UNSPECIFIED,4.5464,Fitbit App
2026-05-02T06:11:40Z,HEART_RATE_ZONE_TYPE_UNSPECIFIED,10.11574,Fitbit App
2026-05-02T06:12:40Z,HEART_RATE_ZONE_TYPE_UNSPECIFIED,4.773720000000001,Fitbit App
2026-05-02T06:13:40Z,HEART_RATE_ZONE_TYPE_UNSPECIFIED,3.86444,Fitbit App
2026-05-02T06:14:40Z,HEART_RATE_ZONE_TYPE_UNSPECIFIED,1.1366,Fitbit App
2026-05-02T06:15:40Z,HEART_RATE_ZONE_TYPE_UNSPECIFIED,1.1366,Fitbit App
2026-05-02T06:16:40Z,HEART_RATE_ZONE_TYPE_UNSPECIFIED,1.1366,Fitbit App
2026-05-02T06:17:40Z,HEART_RATE_ZONE_TYPE_UNSPECIFIED,1.1366,Fitbit App
2026-05-02T06:18:40Z,HEART_RATE_ZONE_TYPE_UNSPECIFIED,1.1366,Fitbit App
2026-05-02T06:19:40Z,HEART_RATE_ZONE_TYPE_UNSPECIFIED,1.1366,Fitbit App
2026-05-02T06:20:40Z,HEART_RATE_ZONE_TYPE_UNSPECIFIED,1.1366,Fitbit App
2026-05-02T06:21:40Z,HEART_RATE_ZONE_TYPE_UNSPECIFIED,1.1366,Fitbit App
2026-05-02T06:22:40Z,HEART_RATE_ZONE_TYPE_UNSPECIFIED,1.1366,Fitbit App
2026-05-02T06:23:40Z,HEART_RATE_ZONE_TYPE_UNSPECIFIED,1.1366,Fitbit App
2026-05-02T06:24:40Z,HEART_RATE_ZONE_TYPE_UNSPECIFIED,1.1366,Fitbit App
2026-05-02T06:25:40Z,HEART_RATE_ZONE_TYPE_UNSPECIFIED,1.1366,Fitbit App
2026-05-02T06:26:40Z,HEART_RATE_ZONE_TYPE_UNSPECIFIED,1.1366,Fitbit App
2026-05-02T06:27:40Z,HEART_RATE_ZONE_TYPE_UNSPECIFIED,1.1366,Fitbit App
2026-05-02T06:28:40Z,HEART_RATE_ZONE_TYPE_UNSPECIFIED,1.1366,Fitbit App
2026-05-02T06:29:40Z,HEART_RATE_ZONE_TYPE_UNSPECIFIED,1.1366,Fitbit App
2026-05-02T06:30:40Z,HEART_RATE_ZONE_TYPE_UNSPECIFIED,1.1366,Fitbit App
2026-05-02T06:31:40Z,HEART_RATE_ZONE_TYPE_UNSPECIFIED,1.1366,Fitbit App
2026-05-02T06:32:40Z,HEART_RATE_ZONE_TYPE_UNSPECIFIED,1.1366,Fitbit App
2026-05-02T06:33:40Z,HEART_RATE_ZONE_TYPE_UNSPECIFIED,1.1366,Fitbit App
2026-05-02T06:34:40Z,HEART_RATE_ZONE_TYPE_UNSPECIFIED,1.1366,Fitbit App
2026-05-02T06:35:40Z,HEART_RATE_ZONE_TYPE_UNSPECIFIED,1.1366,Fitbit App
2026-05-02T06:36:40Z,HEART_RATE_ZONE_TYPE_UNSPECIFIED,1.1366,Fitbit App
2026-05-02T06:37:40Z,HEART_RATE_ZONE_TYPE_UNSPECIFIED,1.1366,Fitbit App
2026-05-02T06:38:40Z,HEART_RATE_ZONE_TYPE_UNSPECIFIED,1.1366,Fitbit App
2026-05-02T06:39:40Z,HEART_RATE_ZONE_TYPE_UNSPECIFIED,1.1366,Fitbit App
2026-05-02T06:40:40Z,HEART_RATE_ZONE_TYPE_UNSPECIFIED,1.1366,Fitbit App
2026-05-02T06:41:40Z,HEART_RATE_ZONE_TYPE_UNSPECIFIED,1.1366,Fitbit App
2026-05-02T06:42:40Z,HEART_RATE_ZONE_TYPE_UNSPECIFIED,1.1366,Fitbit App
2026-05-02T06:43:40Z,HEART_RATE_ZONE_TYPE_UNSPECIFIED,1.1366,Fitbit App
2026-05-02T06:44:40Z,HEART_RATE_ZONE_TYPE_UNSPECIFIED,1.1366,Fitbit App
2026-05-02T06:45:40Z,HEART_RATE_ZONE_TYPE_UNSPECIFIED,1.1366,Fitbit App
2026-05-02T06:46:40Z,HEART_RATE_ZONE_TYPE_UNSPECIFIED,1.1366,Fitbit App
2026-05-02T06:47:40Z,HEART_RATE_ZONE_TYPE_UNSPECIFIED,1.1366,Fitbit App
2026-05-02T06:48:40Z,HEART_RATE_ZONE_TYPE_UNSPECIFIED,1.1366,Fitbit App
2026-05-02T06:49:40Z,HEART_RATE_ZONE_TYPE_UNSPECIFIED,1.1366,Fitbit App
2026-05-02T06:50:40Z,HEART_RATE_ZONE_TYPE_UNSPECIFIED,1.1366,Fitbit App
2026-05-02T06:51:40Z,HEART_RATE_ZONE_TYPE_UNSPECIFIED,1.1366,Fitbit App
2026-05-02T06:52:40Z,HEART_RATE_ZONE_TYPE_UNSPECIFIED,1.1366,Fitbit App
2026-05-02T06:53:40Z,HEART_RATE_ZONE_TYPE_UNSPECIFIED,1.1366,Fitbit App
2026-05-02T06:54:40Z,HEART_RATE_ZONE_TYPE_UNSPECIFIED,1.1366,Fitbit App
2026-05-02T06:55:40Z,HEART_RATE_ZONE_TYPE_UNSPECIFIED,1.1366,Fitbit App
2026-05-02T06:56:40Z,HEART_RATE_ZONE_TYPE_UNSPECIFIED,1.1366,Fitbit App
2026-05-02T06:57:40Z,HEART_RATE_ZONE_TYPE_UNSPECIFIED,1.1366,Fitbit App
2026-05-02T06:58:40Z,HEART_RATE_ZONE_TYPE_UNSPECIFIED,1.1366,Fitbit App
2026-05-02T06:59:40Z,HEART_RATE_ZONE_TYPE_UNSPECIFIED,1.1366,Fitbit App
2026-05-02T07:00:40Z,HEART_RATE_ZONE_TYPE_UNSPECIFIED,1.1366,Fitbit App
2026-05-02T07:01:40Z,HEART_RATE_ZONE_TYPE_UNSPECIFIED,1.1366,Fitbit App
2026-05-02T07:02:40Z,HEART_RATE_ZONE_TYPE_UNSPECIFIED,1.1366,Fitbit App
2026-05-02T07:03:40Z,HEART_RATE_ZONE_TYPE_UNSPECIFIED,1.1366,Fitbit App
2026-05-02T07:04:40Z,HEART_RATE_ZONE_TYPE_UNSPECIFIED,1.1366,Fitbit App
2026-05-02T07:05:40Z,HEART_RATE_ZONE_TYPE_UNSPECIFIED,1.1366,Fitbit App
2026-05-02T07:06:40Z,HEART_RATE_ZONE_TYPE_UNSPECIFIED,1.1366,Fitbit App
2026-05-02T07:07:40Z,HEART_RATE_ZONE_TYPE_UNSPECIFIED,1.1366,Fitbit App
2026-05-02T07:08:40Z,HEART_RATE_ZONE_TYPE_UNSPECIFIED,1.1366,Fitbit App
2026-05-02T07:09:40Z,HEART_RATE_ZONE_TYPE_UNSPECIFIED,1.1366,Fitbit App
2026-05-02T07:10:40Z,HEART_RATE_ZONE_TYPE_UNSPECIFIED,1.1366,Fitbit App
2026-05-02T07:11:40Z,HEART_RATE_ZONE_TYPE_UNSPECIFIED,1.1366,Fitbit App
2026-05-02T07:12:40Z,HEART_RATE_ZONE_TYPE_UNSPECIFIED,1.1366,Fitbit App
2026-05-02T07:13:40Z,HEART_RATE_ZONE_TYPE_UNSPECIFIED,1.1366,Fitbit App
2026-05-02T07:14:40Z,HEART_RATE_ZONE_TYPE_UNSPECIFIED,1.1366,Fitbit App
2026-05-02T07:15:40Z,HEART_RATE_ZONE_TYPE_UNSPECIFIED,1.1366,Fitbit App
2026-05-02T07:16:40Z,HEART_RATE_ZONE_TYPE_UNSPECIFIED,1.1366,Fitbit App
2026-05-02T07:17:40Z,HEART_RATE_ZONE_TYPE_UNSPECIFIED,1.1366,Fitbit App
2026-05-02T07:18:40Z,HEART_RATE_ZONE_TYPE_UNSPECIFIED,1.1366,Fitbit App
2026-05-02T07:19:40Z,HEART_RATE_ZONE_TYPE_UNSPECIFIED,1.1366,Fitbit App
2026-05-02T07:20:40Z,HEART_RATE_ZONE_TYPE_UNSPECIFIED,1.1366,Fitbit App
2026-05-02T07:21:40Z,HEART_RATE_ZONE_TYPE_UNSPECIFIED,1.1366,Fitbit App
2026-05-02T07:22:40Z,HEART_RATE_ZONE_TYPE_UNSPECIFIED,1.1366,Fitbit App
2026-05-02T07:23:40Z,HEART_RATE_ZONE_TYPE_UNSPECIFIED,1.1366,Fitbit App
2026-05-02T07:24:40Z,HEART_RATE_ZONE_TYPE_UNSPECIFIED,1.1366,Fitbit App
2026-05-02T07:25:40Z,HEART_RATE_ZONE_TYPE_UNSPECIFIED,1.1366,Fitbit App
2026-05-02T07:26:40Z,HEART_RATE_ZONE_TYPE_UNSPECIFIED,1.1366,Fitbit App
2026-05-02T07:27:40Z,HEART_RATE_ZONE_TYPE_UNSPECIFIED,1.1366,Fitbit App
2026-05-02T07:28:40Z,HEART_RATE_ZONE_TYPE_UNSPECIFIED,1.1366,Fitbit App
2026-05-02T07:29:40Z,HEART_RATE_ZONE_TYPE_UNSPECIFIED,1.1366,Fitbit App
2026-05-02T07:30:40Z,HEART_RATE_ZONE_TYPE_UNSPECIFIED,1.1366,Fitbit App
2026-05-02T07:31:40Z,HEART_RATE_ZONE_TYPE_UNSPECIFIED,1.1366,Fitbit App
2026-05-02T07:32:40Z,HEART_RATE_ZONE_TYPE_UNSPECIFIED,1.1366,Fitbit App
2026-05-02T07:33:40Z,HEART_RATE_ZONE_TYPE_UNSPECIFIED,1.1366,Fitbit App
2026-05-02T07:34:40Z,HEART_RATE_ZONE_TYPE_UNSPECIFIED,2.72784,Fitbit App
2026-05-02T07:35:40Z,HEART_RATE_ZONE_TYPE_UNSPECIFIED,3.18248,Fitbit App
2026-05-02T07:36:40Z,HEART_RATE_ZONE_TYPE_UNSPECIFIED,1.1366,Fitbit App
2026-05-02T07:37:40Z,HEART_RATE_ZONE_TYPE_UNSPECIFIED,1.1366,Fitbit App
2026-05-02T07:38:40Z,HEART_RATE_ZONE_TYPE_UNSPECIFIED,1.1366,Fitbit App
2026-05-02T07:39:40Z,HEART_RATE_ZONE_TYPE_UNSPECIFIED,1.1366,Fitbit App
2026-05-02T07:40:40Z,HEART_RATE_ZONE_TYPE_UNSPECIFIED,1.1366,Fitbit App
2026-05-02T07:41:40Z,HEART_RATE_ZONE_TYPE_UNSPECIFIED,1.1366,Fitbit App
2026-05-02T07:42:40Z,HEART_RATE_ZONE_TYPE_UNSPECIFIED,1.1366,Fitbit App
2026-05-02T07:43:40Z,HEART_RATE_ZONE_TYPE_UNSPECIFIED,1.1366,Fitbit App
2026-05-02T07:44:40Z,HEART_RATE_ZONE_TYPE_UNSPECIFIED,1.1366,Fitbit App
2026-05-02T07:45:40Z,HEART_RATE_ZONE_TYPE_UNSPECIFIED,1.1366,Fitbit App
2026-05-02T07:46:40Z,HEART_RATE_ZONE_TYPE_UNSPECIFIED,1.1366,Fitbit App
2026-05-02T07:47:40Z,HEART_RATE_ZONE_TYPE_UNSPECIFIED,1.1366,Fitbit App
2026-05-02T07:48:40Z,HEART_RATE_ZONE_TYPE_UNSPECIFIED,1.1366,Fitbit App
2026-05-02T07:49:40Z,HEART_RATE_ZONE_TYPE_UNSPECIFIED,1.1366,Fitbit App
2026-05-02T07:50:40Z,HEART_RATE_ZONE_TYPE_UNSPECIFIED,1.1366,Fitbit App
2026-05-02T07:51:40Z,HEART_RATE_ZONE_TYPE_UNSPECIFIED,1.1366,Fitbit App
2026-05-02T07:52:40Z,HEART_RATE_ZONE_TYPE_UNSPECIFIED,1.1366,Fitbit App
2026-05-02T07:53:40Z,HEART_RATE_ZONE_TYPE_UNSPECIFIED,1.1366,Fitbit App
2026-05-02T07:54:40Z,HEART_RATE_ZONE_TYPE_UNSPECIFIED,1.1366,Fitbit App
2026-05-02T07:55:40Z,HEART_RATE_ZONE_TYPE_UNSPECIFIED,1.1366,Fitbit App
2026-05-02T07:56:40Z,HEART_RATE_ZONE_TYPE_UNSPECIFIED,1.1366,Fitbit App
2026-05-02T07:57:40Z,HEART_RATE_ZONE_TYPE_UNSPECIFIED,1.1366,Fitbit App
2026-05-02T07:58:40Z,HEART_RATE_ZONE_TYPE_UNSPECIFIED,1.1366,Fitbit App
2026-05-02T07:59:40Z,HEART_RATE_ZONE_TYPE_UNSPECIFIED,1.1366,Fitbit App
2026-05-02T08:00:40Z,HEART_RATE_ZONE_TYPE_UNSPECIFIED,1.1366,Fitbit App
2026-05-02T08:01:40Z,HEART_RATE_ZONE_TYPE_UNSPECIFIED,1.1366,Fitbit App
2026-05-02T08:02:40Z,HEART_RATE_ZONE_TYPE_UNSPECIFIED,1.1366,Fitbit App
2026-05-02T08:03:40Z,HEART_RATE_ZONE_TYPE_UNSPECIFIED,1.1366,Fitbit App
2026-05-02T08:04:40Z,HEART_RATE_ZONE_TYPE_UNSPECIFIED,1.1366,Fitbit App
2026-05-02T08:05:40Z,HEART_RATE_ZONE_TYPE_UNSPECIFIED,1.1366,Fitbit App
2026-05-02T08:06:40Z,HEART_RATE_ZONE_TYPE_UNSPECIFIED,1.1366,Fitbit App
2026-05-02T08:07:40Z,HEART_RATE_ZONE_TYPE_UNSPECIFIED,1.1366,Fitbit App
2026-05-02T08:08:40Z,HEART_RATE_ZONE_TYPE_UNSPECIFIED,1.1366,Fitbit App
2026-05-02T08:09:40Z,HEART_RATE_ZONE_TYPE_UNSPECIFIED,1.1366,Fitbit App
2026-05-02T08:10:40Z,HEART_RATE_ZONE_TYPE_UNSPECIFIED,1.1366,Fitbit App
2026-05-02T08:11:40Z,HEART_RATE_ZONE_TYPE_UNSPECIFIED,1.1366,Fitbit App
2026-05-02T08:12:40Z,HEART_RATE_ZONE_TYPE_UNSPECIFIED,1.1366,Fitbit App
2026-05-02T08:13:40Z,HEART_RATE_ZONE_TYPE_UNSPECIFIED,1.1366,Fitbit App
2026-05-02T08:14:40Z,HEART_RATE_ZONE_TYPE_UNSPECIFIED,1.1366,Fitbit App
2026-05-02T08:15:40Z,HEART_RATE_ZONE_TYPE_UNSPECIFIED,1.1366,Fitbit App
2026-05-02T08:16:40Z,HEART_RATE_ZONE_TYPE_UNSPECIFIED,1.1366,Fitbit App
2026-05-02T08:17:40Z,HEART_RATE_ZONE_TYPE_UNSPECIFIED,1.1366,Fitbit App
2026-05-02T08:18:40Z,HEART_RATE_ZONE_TYPE_UNSPECIFIED,1.1366,Fitbit App
2026-05-02T08:19:40Z,HEART_RATE_ZONE_TYPE_UNSPECIFIED,1.1366,Fitbit App
2026-05-02T08:20:40Z,HEART_RATE_ZONE_TYPE_UNSPECIFIED,1.1366,Fitbit App
2026-05-02T08:21:40Z,HEART_RATE_ZONE_TYPE_UNSPECIFIED,1.1366,Fitbit App
2026-05-02T08:22:40Z,HEART_RATE_ZONE_TYPE_UNSPECIFIED,1.1366,Fitbit App
2026-05-02T08:23:40Z,HEART_RATE_ZONE_TYPE_UNSPECIFIED,1.1366,Fitbit App
2026-05-02T08:24:40Z,HEART_RATE_ZONE_TYPE_UNSPECIFIED,1.1366,Fitbit App
2026-05-02T08:25:40Z,HEART_RATE_ZONE_TYPE_UNSPECIFIED,1.1366,Fitbit App
2026-05-02T08:26:40Z,HEART_RATE_ZONE_TYPE_UNSPECIFIED,1.1366,Fitbit App
2026-05-02T08:27:40Z,HEART_RATE_ZONE_TYPE_UNSPECIFIED,1.1366,Fitbit App
2026-05-02T08:28:40Z,HEART_RATE_ZONE_TYPE_UNSPECIFIED,1.1366,Fitbit App
2026-05-02T08:29:40Z,HEART_RATE_ZONE_TYPE_UNSPECIFIED,1.1366,Fitbit App
2026-05-02T08:30:40Z,HEART_RATE_ZONE_TYPE_UNSPECIFIED,1.1366,Fitbit App
2026-05-02T08:31:40Z,HEART_RATE_ZONE_TYPE_UNSPECIFIED,1.1366,Fitbit App
2026-05-02T08:32:40Z,HEART_RATE_ZONE_TYPE_UNSPECIFIED,1.1366,Fitbit App
2026-05-02T08:33:40Z,HEART_RATE_ZONE_TYPE_UNSPECIFIED,1.1366,Fitbit App
2026-05-02T08:34:40Z,HEART_RATE_ZONE_TYPE_UNSPECIFIED,1.1366,Fitbit App
2026-05-02T08:35:40Z,HEART_RATE_ZONE_TYPE_UNSPECIFIED,1.1366,Fitbit App
2026-05-02T08:36:40Z,HEART_RATE_ZONE_TYPE_UNSPECIFIED,1.1366,Fitbit App
2026-05-02T08:37:40Z,HEART_RATE_ZONE_TYPE_UNSPECIFIED,1.1366,Fitbit App
2026-05-02T08:38:40Z,HEART_RATE_ZONE_TYPE_UNSPECIFIED,1.1366,Fitbit App
2026-05-02T08:39:40Z,HEART_RATE_ZONE_TYPE_UNSPECIFIED,1.1366,Fitbit App
2026-05-02T08:40:40Z,HEART_RATE_ZONE_TYPE_UNSPECIFIED,1.1366,Fitbit App
2026-05-02T08:41:40Z,HEART_RATE_ZONE_TYPE_UNSPECIFIED,1.1366,Fitbit App
2026-05-02T08:42:40Z,HEART_RATE_ZONE_TYPE_UNSPECIFIED,1.1366,Fitbit App
2026-05-02T08:43:40Z,HEART_RATE_ZONE_TYPE_UNSPECIFIED,1.1366,Fitbit App
2026-05-02T08:44:40Z,HEART_RATE_ZONE_TYPE_UNSPECIFIED,1.1366,Fitbit App
2026-05-02T08:45:40Z,HEART_RATE_ZONE_TYPE_UNSPECIFIED,1.1366,Fitbit App
2026-05-02T08:46:40Z,HEART_RATE_ZONE_TYPE_UNSPECIFIED,1.1366,Fitbit App
2026-05-02T08:47:40Z,HEART_RATE_ZONE_TYPE_UNSPECIFIED,1.1366,Fitbit App
2026-05-02T08:48:40Z,HEART_RATE_ZONE_TYPE_UNSPECIFIED,1.1366,Fitbit App
2026-05-02T08:49:40Z,HEART_RATE_ZONE_TYPE_UNSPECIFIED,1.1366,Fitbit App
2026-05-02T08:50:40Z,HEART_RATE_ZONE_TYPE_UNSPECIFIED,1.1366,Fitbit App
2026-05-02T08:51:40Z,HEART_RATE_ZONE_TYPE_UNSPECIFIED,1.1366,Fitbit App
2026-05-02T08:52:40Z,HEART_RATE_ZONE_TYPE_UNSPECIFIED,1.1366,Fitbit App
2026-05-02T08:53:40Z,HEART_RATE_ZONE_TYPE_UNSPECIFIED,1.1366,Fitbit App
2026-05-02T08:54:40Z,HEART_RATE_ZONE_TYPE_UNSPECIFIED,1.1366,Fitbit App
2026-05-02T08:55:40Z,HEART_RATE_ZONE_TYPE_UNSPECIFIED,1.1366,Fitbit App
2026-05-02T08:56:40Z,HEART_RATE_ZONE_TYPE_UNSPECIFIED,1.1366,Fitbit App
2026-05-02T08:57:40Z,HEART_RATE_ZONE_TYPE_UNSPECIFIED,1.1366,Fitbit App
2026-05-02T08:58:40Z,HEART_RATE_ZONE_TYPE_UNSPECIFIED,1.1366,Fitbit App
2026-05-02T08:59:40Z,HEART_RATE_ZONE_TYPE_UNSPECIFIED,1.1366,Fitbit App
2026-05-02T09:00:40Z,HEART_RATE_ZONE_TYPE_UNSPECIFIED,1.1366,Fitbit App
2026-05-02T09:01:40Z,HEART_RATE_ZONE_TYPE_UNSPECIFIED,1.1366,Fitbit App
2026-05-02T09:02:40Z,HEART_RATE_ZONE_TYPE_UNSPECIFIED,1.1366,Fitbit App
2026-05-02T09:03:40Z,HEART_RATE_ZONE_TYPE_UNSPECIFIED,1.1366,Fitbit App
2026-05-02T09:04:40Z,HEART_RATE_ZONE_TYPE_UNSPECIFIED,1.1366,Fitbit App
2026-05-02T09:05:40Z,HEART_RATE_ZONE_TYPE_UNSPECIFIED,1.1366,Fitbit App
2026-05-02T09:06:40Z,HEART_RATE_ZONE_TYPE_UNSPECIFIED,1.1366,Fitbit App
2026-05-02T09:07:40Z,HEART_RATE_ZONE_TYPE_UNSPECIFIED,1.1366,Fitbit App
2026-05-02T09:08:40Z,HEART_RATE_ZONE_TYPE_UNSPECIFIED,1.1366,Fitbit App
2026-05-02T09:09:40Z,HEART_RATE_ZONE_TYPE_UNSPECIFIED,1.1366,Fitbit App
2026-05-02T09:10:40Z,HEART_RATE_ZONE_TYPE_UNSPECIFIED,1.1366,Fitbit App
2026-05-02T09:11:40Z,HEART_RATE_ZONE_TYPE_UNSPECIFIED,1.1366,Fitbit App
2026-05-02T09:12:40Z,HEART_RATE_ZONE_TYPE_UNSPECIFIED,1.1366,Fitbit App
2026-05-02T09:13:40Z,HEART_RATE_ZONE_TYPE_UNSPECIFIED,1.1366,Fitbit App
2026-05-02T09:14:40Z,HEART_RATE_ZONE_TYPE_UNSPECIFIED,1.1366,Fitbit App
2026-05-02T09:15:40Z,HEART_RATE_ZONE_TYPE_UNSPECIFIED,1.1366,Fitbit App
2026-05-02T09:16:40Z,HEART_RATE_ZONE_TYPE_UNSPECIFIED,1.1366,Fitbit App
2026-05-02T09:17:40Z,HEART_RATE_ZONE_TYPE_UNSPECIFIED,1.1366,Fitbit App
2026-05-02T09:18:40Z,HEART_RATE_ZONE_TYPE_UNSPECIFIED,1.1366,Fitbit App
2026-05-02T09:19:40Z,HEART_RATE_ZONE_TYPE_UNSPECIFIED,1.1366,Fitbit App
2026-05-02T09:20:40Z,HEART_RATE_ZONE_TYPE_UNSPECIFIED,1.1366,Fitbit App
2026-05-02T09:21:40Z,HEART_RATE_ZONE_TYPE_UNSPECIFIED,1.1366,Fitbit App
2026-05-02T09:22:40Z,HEART_RATE_ZONE_TYPE_UNSPECIFIED,1.1366,Fitbit App
2026-05-02T09:23:40Z,HEART_RATE_ZONE_TYPE_UNSPECIFIED,1.1366,Fitbit App
2026-05-02T09:24:40Z,HEART_RATE_ZONE_TYPE_UNSPECIFIED,1.1366,Fitbit App
2026-05-02T09:25:40Z,HEART_RATE_ZONE_TYPE_UNSPECIFIED,1.1366,Fitbit App
2026-05-02T09:26:40Z,HEART_RATE_ZONE_TYPE_UNSPECIFIED,1.1366,Fitbit App
2026-05-02T09:27:40Z,HEART_RATE_ZONE_TYPE_UNSPECIFIED,1.1366,Fitbit App
2026-05-02T09:28:40Z,HEART_RATE_ZONE_TYPE_UNSPECIFIED,1.1366,Fitbit App
2026-05-02T09:29:40Z,HEART_RATE_ZONE_TYPE_UNSPECIFIED,1.1366,Fitbit App
2026-05-02T09:30:40Z,HEART_RATE_ZONE_TYPE_UNSPECIFIED,1.1366,Fitbit App
2026-05-02T09:31:40Z,HEART_RATE_ZONE_TYPE_UNSPECIFIED,1.1366,Fitbit App
2026-05-02T09:32:40Z,HEART_RATE_ZONE_TYPE_UNSPECIFIED,1.1366,Fitbit App
2026-05-02T09:33:40Z,HEART_RATE_ZONE_TYPE_UNSPECIFIED,1.1366,Fitbit App
2026-05-02T09:34:40Z,HEART_RATE_ZONE_TYPE_UNSPECIFIED,1.1366,Fitbit App
2026-05-02T09:35:40Z,HEART_RATE_ZONE_TYPE_UNSPECIFIED,1.1366,Fitbit App
2026-05-02T09:36:40Z,HEART_RATE_ZONE_TYPE_UNSPECIFIED,1.1366,Fitbit App
2026-05-02T09:37:40Z,HEART_RATE_ZONE_TYPE_UNSPECIFIED,1.1366,Fitbit App
2026-05-02T09:38:40Z,HEART_RATE_ZONE_TYPE_UNSPECIFIED,1.1366,Fitbit App
2026-05-02T09:39:40Z,HEART_RATE_ZONE_TYPE_UNSPECIFIED,1.1366,Fitbit App
2026-05-02T09:40:40Z,HEART_RATE_ZONE_TYPE_UNSPECIFIED,1.1366,Fitbit App
2026-05-02T09:41:40Z,HEART_RATE_ZONE_TYPE_UNSPECIFIED,1.1366,Fitbit App
2026-05-02T09:42:40Z,HEART_RATE_ZONE_TYPE_UNSPECIFIED,1.1366,Fitbit App
2026-05-02T09:43:40Z,HEART_RATE_ZONE_TYPE_UNSPECIFIED,1.1366,Fitbit App
2026-05-02T09:44:40Z,HEART_RATE_ZONE_TYPE_UNSPECIFIED,1.1366,Fitbit App
2026-05-02T09:45:40Z,HEART_RATE_ZONE_TYPE_UNSPECIFIED,1.1366,Fitbit App
2026-05-02T09:46:40Z,HEART_RATE_ZONE_TYPE_UNSPECIFIED,1.1366,Fitbit App
2026-05-02T09:47:40Z,HEART_RATE_ZONE_TYPE_UNSPECIFIED,1.1366,Fitbit App
2026-05-02T09:48:40Z,HEART_RATE_ZONE_TYPE_UNSPECIFIED,1.1366,Fitbit App
2026-05-02T09:49:40Z,HEART_RATE_ZONE_TYPE_UNSPECIFIED,1.1366,Fitbit App
2026-05-02T09:50:40Z,HEART_RATE_ZONE_TYPE_UNSPECIFIED,1.1366,Fitbit App
2026-05-02T09:51:40Z,HEART_RATE_ZONE_TYPE_UNSPECIFIED,1.1366,Fitbit App
2026-05-02T09:52:40Z,HEART_RATE_ZONE_TYPE_UNSPECIFIED,1.1366,Fitbit App
2026-05-02T09:53:40Z,HEART_RATE_ZONE_TYPE_UNSPECIFIED,1.1366,Fitbit App
2026-05-02T09:54:40Z,HEART_RATE_ZONE_TYPE_UNSPECIFIED,2.72784,Fitbit App
2026-05-02T09:55:40Z,HEART_RATE_ZONE_TYPE_UNSPECIFIED,2.72784,Fitbit App
2026-05-02T09:56:40Z,HEART_RATE_ZONE_TYPE_UNSPECIFIED,1.1366,Fitbit App
2026-05-02T09:57:40Z,HEART_RATE_ZONE_TYPE_UNSPECIFIED,1.1366,Fitbit App
2026-05-02T09:58:40Z,HEART_RATE_ZONE_TYPE_UNSPECIFIED,1.1366,Fitbit App
2026-05-02T09:59:40Z,HEART_RATE_ZONE_TYPE_UNSPECIFIED,1.1366,Fitbit App
2026-05-02T10:00:40Z,HEART_RATE_ZONE_TYPE_UNSPECIFIED,1.1366,Fitbit App
2026-05-02T10:01:40Z,HEART_RATE_ZONE_TYPE_UNSPECIFIED,1.1366,Fitbit App
2026-05-02T10:02:40Z,HEART_RATE_ZONE_TYPE_UNSPECIFIED,1.1366,Fitbit App
2026-05-02T10:03:40Z,HEART_RATE_ZONE_TYPE_UNSPECIFIED,1.1366,Fitbit App
2026-05-02T10:04:40Z,HEART_RATE_ZONE_TYPE_UNSPECIFIED,1.1366,Fitbit App
2026-05-02T10:05:40Z,HEART_RATE_ZONE_TYPE_UNSPECIFIED,1.1366,Fitbit App
2026-05-02T10:06:40Z,HEART_RATE_ZONE_TYPE_UNSPECIFIED,1.1366,Fitbit App
2026-05-02T10:07:40Z,HEART_RATE_ZONE_TYPE_UNSPECIFIED,1.1366,Fitbit App
2026-05-02T10:08:40Z,HEART_RATE_ZONE_TYPE_UNSPECIFIED,1.1366,Fitbit App
2026-05-02T10:09:40Z,HEART_RATE_ZONE_TYPE_UNSPECIFIED,1.1366,Fitbit App
2026-05-02T10:10:40Z,HEART_RATE_ZONE_TYPE_UNSPECIFIED,1.1366,Fitbit App
2026-05-02T10:11:40Z,HEART_RATE_ZONE_TYPE_UNSPECIFIED,1.1366,Fitbit App
2026-05-02T10:12:40Z,HEART_RATE_ZONE_TYPE_UNSPECIFIED,1.1366,Fitbit App
2026-05-02T10:13:40Z,HEART_RATE_ZONE_TYPE_UNSPECIFIED,1.1366,Fitbit App
2026-05-02T10:14:40Z,HEART_RATE_ZONE_TYPE_UNSPECIFIED,1.1366,Fitbit App
2026-05-02T10:15:40Z,HEART_RATE_ZONE_TYPE_UNSPECIFIED,1.1366,Fitbit App
2026-05-02T10:16:40Z,HEART_RATE_ZONE_TYPE_UNSPECIFIED,1.1366,Fitbit App
2026-05-02T10:17:40Z,HEART_RATE_ZONE_TYPE_UNSPECIFIED,1.1366,Fitbit App
2026-05-02T10:18:40Z,HEART_RATE_ZONE_TYPE_UNSPECIFIED,1.1366,Fitbit App
2026-05-02T10:19:40Z,HEART_RATE_ZONE_TYPE_UNSPECIFIED,1.1366,Fitbit App
2026-05-02T10:20:40Z,HEART_RATE_ZONE_TYPE_UNSPECIFIED,1.1366,Fitbit App
2026-05-02T10:21:40Z,HEART_RATE_ZONE_TYPE_UNSPECIFIED,1.1366,Fitbit App
2026-05-02T10:22:40Z,HEART_RATE_ZONE_TYPE_UNSPECIFIED,1.1366,Fitbit App
2026-05-02T10:23:40Z,HEART_RATE_ZONE_TYPE_UNSPECIFIED,1.1366,Fitbit App
2026-05-02T10:24:40Z,HEART_RATE_ZONE_TYPE_UNSPECIFIED,1.1366,Fitbit App
2026-05-02T10:25:40Z,HEART_RATE_ZONE_TYPE_UNSPECIFIED,1.1366,Fitbit App
2026-05-02T10:26:40Z,HEART_RATE_ZONE_TYPE_UNSPECIFIED,1.1366,Fitbit App
2026-05-02T10:27:40Z,HEART_RATE_ZONE_TYPE_UNSPECIFIED,1.1366,Fitbit App
2026-05-02T10:28:40Z,HEART_RATE_ZONE_TYPE_UNSPECIFIED,1.1366,Fitbit App
2026-05-02T10:29:40Z,HEART_RATE_ZONE_TYPE_UNSPECIFIED,1.1366,Fitbit App
2026-05-02T10:30:40Z,HEART_RATE_ZONE_TYPE_UNSPECIFIED,1.1366,Fitbit App
2026-05-02T10:31:40Z,HEART_RATE_ZONE_TYPE_UNSPECIFIED,1.1366,Fitbit App
2026-05-02T10:32:40Z,HEART_RATE_ZONE_TYPE_UNSPECIFIED,1.1366,Fitbit App
2026-05-02T10:33:40Z,HEART_RATE_ZONE_TYPE_UNSPECIFIED,1.1366,Fitbit App
2026-05-02T10:34:40Z,HEART_RATE_ZONE_TYPE_UNSPECIFIED,1.1366,Fitbit App
2026-05-02T10:35:40Z,HEART_RATE_ZONE_TYPE_UNSPECIFIED,1.1366,Fitbit App
2026-05-02T10:36:40Z,HEART_RATE_ZONE_TYPE_UNSPECIFIED,1.1366,Fitbit App
2026-05-02T10:37:40Z,HEART_RATE_ZONE_TYPE_UNSPECIFIED,1.1366,Fitbit App
2026-05-02T10:38:40Z,HEART_RATE_ZONE_TYPE_UNSPECIFIED,1.1366,Fitbit App
2026-05-02T10:39:40Z,HEART_RATE_ZONE_TYPE_UNSPECIFIED,1.1366,Fitbit App
2026-05-02T10:40:40Z,HEART_RATE_ZONE_TYPE_UNSPECIFIED,1.1366,Fitbit App
2026-05-02T10:41:40Z,HEART_RATE_ZONE_TYPE_UNSPECIFIED,1.1366,Fitbit App
2026-05-02T10:42:40Z,HEART_RATE_ZONE_TYPE_UNSPECIFIED,1.1366,Fitbit App
2026-05-02T10:43:40Z,HEART_RATE_ZONE_TYPE_UNSPECIFIED,1.1366,Fitbit App
2026-05-02T10:44:40Z,HEART_RATE_ZONE_TYPE_UNSPECIFIED,1.1366,Fitbit App
2026-05-02T10:45:40Z,HEART_RATE_ZONE_TYPE_UNSPECIFIED,1.1366,Fitbit App
2026-05-02T10:46:40Z,HEART_RATE_ZONE_TYPE_UNSPECIFIED,1.1366,Fitbit App
2026-05-02T10:47:40Z,HEART_RATE_ZONE_TYPE_UNSPECIFIED,1.1366,Fitbit App
2026-05-02T10:48:40Z,HEART_RATE_ZONE_TYPE_UNSPECIFIED,1.1366,Fitbit App
2026-05-02T10:49:40Z,HEART_RATE_ZONE_TYPE_UNSPECIFIED,1.1366,Fitbit App
2026-05-02T10:50:40Z,HEART_RATE_ZONE_TYPE_UNSPECIFIED,1.1366,Fitbit App
2026-05-02T10:51:40Z,HEART_RATE_ZONE_TYPE_UNSPECIFIED,1.1366,Fitbit App
2026-05-02T10:52:40Z,HEART_RATE_ZONE_TYPE_UNSPECIFIED,1.1366,Fitbit App
2026-05-02T10:53:40Z,HEART_RATE_ZONE_TYPE_UNSPECIFIED,1.1366,Fitbit App
2026-05-02T10:54:40Z,HEART_RATE_ZONE_TYPE_UNSPECIFIED,1.1366,Fitbit App
2026-05-02T10:55:40Z,HEART_RATE_ZONE_TYPE_UNSPECIFIED,1.1366,Fitbit App
2026-05-02T10:56:40Z,HEART_RATE_ZONE_TYPE_UNSPECIFIED,1.1366,Fitbit App
2026-05-02T10:57:40Z,HEART_RATE_ZONE_TYPE_UNSPECIFIED,1.1366,Fitbit App
2026-05-02T10:58:40Z,HEART_RATE_ZONE_TYPE_UNSPECIFIED,1.1366,Fitbit App
2026-05-02T10:59:40Z,HEART_RATE_ZONE_TYPE_UNSPECIFIED,1.1366,Fitbit App
2026-05-02T11:00:40Z,HEART_RATE_ZONE_TYPE_UNSPECIFIED,1.1366,Fitbit App
2026-05-02T11:01:40Z,HEART_RATE_ZONE_TYPE_UNSPECIFIED,1.1366,Fitbit App
2026-05-02T11:02:40Z,HEART_RATE_ZONE_TYPE_UNSPECIFIED,1.1366,Fitbit App
2026-05-02T11:03:40Z,HEART_RATE_ZONE_TYPE_UNSPECIFIED,1.1366,Fitbit App
2026-05-02T11:04:40Z,HEART_RATE_ZONE_TYPE_UNSPECIFIED,1.1366,Fitbit App
2026-05-02T11:05:40Z,HEART_RATE_ZONE_TYPE_UNSPECIFIED,1.1366,Fitbit App
2026-05-02T11:06:40Z,HEART_RATE_ZONE_TYPE_UNSPECIFIED,1.1366,Fitbit App
2026-05-02T11:07:40Z,HEART_RATE_ZONE_TYPE_UNSPECIFIED,1.1366,Fitbit App
2026-05-02T11:08:40Z,HEART_RATE_ZONE_TYPE_UNSPECIFIED,1.1366,Fitbit App
2026-05-02T11:09:40Z,HEART_RATE_ZONE_TYPE_UNSPECIFIED,1.1366,Fitbit App
2026-05-02T11:10:40Z,HEART_RATE_ZONE_TYPE_UNSPECIFIED,1.1366,Fitbit App
2026-05-02T11:11:40Z,HEART_RATE_ZONE_TYPE_UNSPECIFIED,1.1366,Fitbit App
2026-05-02T11:12:40Z,HEART_RATE_ZONE_TYPE_UNSPECIFIED,1.1366,Fitbit App
2026-05-02T11:13:40Z,HEART_RATE_ZONE_TYPE_UNSPECIFIED,1.1366,Fitbit App
2026-05-02T11:14:40Z,HEART_RATE_ZONE_TYPE_UNSPECIFIED,1.1366,Fitbit App
2026-05-02T11:15:40Z,HEART_RATE_ZONE_TYPE_UNSPECIFIED,1.1366,Fitbit App
2026-05-02T11:16:40Z,HEART_RATE_ZONE_TYPE_UNSPECIFIED,1.1366,Fitbit App
2026-05-02T11:17:40Z,HEART_RATE_ZONE_TYPE_UNSPECIFIED,1.1366,Fitbit App
2026-05-02T11:18:40Z,HEART_RATE_ZONE_TYPE_UNSPECIFIED,1.1366,Fitbit App
2026-05-02T11:19:40Z,HEART_RATE_ZONE_TYPE_UNSPECIFIED,1.1366,Fitbit App
2026-05-02T11:20:40Z,HEART_RATE_ZONE_TYPE_UNSPECIFIED,1.1366,Fitbit App
2026-05-02T11:21:40Z,HEART_RATE_ZONE_TYPE_UNSPECIFIED,1.1366,Fitbit App
2026-05-02T11:22:40Z,HEART_RATE_ZONE_TYPE_UNSPECIFIED,1.1366,Fitbit App
2026-05-02T11:23:40Z,HEART_RATE_ZONE_TYPE_UNSPECIFIED,1.1366,Fitbit App
2026-05-02T11:24:40Z,HEART_RATE_ZONE_TYPE_UNSPECIFIED,1.1366,Fitbit App
2026-05-02T11:25:40Z,HEART_RATE_ZONE_TYPE_UNSPECIFIED,1.1366,Fitbit App
2026-05-02T11:26:40Z,HEART_RATE_ZONE_TYPE_UNSPECIFIED,1.1366,Fitbit App
2026-05-02T11:27:40Z,HEART_RATE_ZONE_TYPE_UNSPECIFIED,1.1366,Fitbit App
2026-05-02T11:28:40Z,HEART_RATE_ZONE_TYPE_UNSPECIFIED,1.1366,Fitbit App
2026-05-02T11:29:40Z,HEART_RATE_ZONE_TYPE_UNSPECIFIED,1.1366,Fitbit App
2026-05-02T11:30:40Z,HEART_RATE_ZONE_TYPE_UNSPECIFIED,1.1366,Fitbit App
2026-05-02T11:31:40Z,HEART_RATE_ZONE_TYPE_UNSPECIFIED,1.1366,Fitbit App
2026-05-02T11:32:40Z,HEART_RATE_ZONE_TYPE_UNSPECIFIED,1.1366,Fitbit App
2026-05-02T11:33:40Z,HEART_RATE_ZONE_TYPE_UNSPECIFIED,1.1366,Fitbit App
2026-05-02T11:34:40Z,HEART_RATE_ZONE_TYPE_UNSPECIFIED,1.1366,Fitbit App
2026-05-02T11:35:40Z,HEART_RATE_ZONE_TYPE_UNSPECIFIED,1.1366,Fitbit App
2026-05-02T11:36:40Z,HEART_RATE_ZONE_TYPE_UNSPECIFIED,1.1366,Fitbit App
2026-05-02T11:37:40Z,HEART_RATE_ZONE_TYPE_UNSPECIFIED,1.1366,Fitbit App
2026-05-02T11:38:40Z,HEART_RATE_ZONE_TYPE_UNSPECIFIED,1.1366,Fitbit App
2026-05-02T11:39:40Z,HEART_RATE_ZONE_TYPE_UNSPECIFIED,1.1366,Fitbit App
2026-05-02T11:40:40Z,HEART_RATE_ZONE_TYPE_UNSPECIFIED,1.1366,Fitbit App
2026-05-02T11:41:40Z,HEART_RATE_ZONE_TYPE_UNSPECIFIED,1.1366,Fitbit App
2026-05-02T11:42:40Z,HEART_RATE_ZONE_TYPE_UNSPECIFIED,1.1366,Fitbit App
2026-05-02T11:43:40Z,HEART_RATE_ZONE_TYPE_UNSPECIFIED,1.1366,Fitbit App
2026-05-02T11:44:40Z,HEART_RATE_ZONE_TYPE_UNSPECIFIED,1.1366,Fitbit App
2026-05-02T11:45:40Z,HEART_RATE_ZONE_TYPE_UNSPECIFIED,1.1366,Fitbit App
2026-05-02T11:46:40Z,HEART_RATE_ZONE_TYPE_UNSPECIFIED,1.1366,Fitbit App
2026-05-02T11:47:40Z,HEART_RATE_ZONE_TYPE_UNSPECIFIED,1.1366,Fitbit App
2026-05-02T11:48:40Z,HEART_RATE_ZONE_TYPE_UNSPECIFIED,1.1366,Fitbit App
2026-05-02T11:49:40Z,HEART_RATE_ZONE_TYPE_UNSPECIFIED,1.1366,Fitbit App
2026-05-02T11:50:40Z,HEART_RATE_ZONE_TYPE_UNSPECIFIED,1.1366,Fitbit App
2026-05-02T11:51:40Z,HEART_RATE_ZONE_TYPE_UNSPECIFIED,1.1366,Fitbit App
2026-05-02T11:52:40Z,HEART_RATE_ZONE_TYPE_UNSPECIFIED,1.1366,Fitbit App
2026-05-02T11:53:40Z,HEART_RATE_ZONE_TYPE_UNSPECIFIED,1.1366,Fitbit App
2026-05-02T11:54:40Z,HEART_RATE_ZONE_TYPE_UNSPECIFIED,1.1366,Fitbit App
2026-05-02T11:55:40Z,HEART_RATE_ZONE_TYPE_UNSPECIFIED,1.1366,Fitbit App
2026-05-02T11:56:40Z,HEART_RATE_ZONE_TYPE_UNSPECIFIED,1.1366,Fitbit App
2026-05-02T11:57:40Z,HEART_RATE_ZONE_TYPE_UNSPECIFIED,1.1366,Fitbit App
2026-05-02T11:58:40Z,HEART_RATE_ZONE_TYPE_UNSPECIFIED,1.1366,Fitbit App
2026-05-02T11:59:40Z,HEART_RATE_ZONE_TYPE_UNSPECIFIED,1.1366,Fitbit App
2026-05-02T12:00:40Z,HEART_RATE_ZONE_TYPE_UNSPECIFIED,1.1366,Fitbit App
2026-05-02T12:01:40Z,HEART_RATE_ZONE_TYPE_UNSPECIFIED,1.1366,Fitbit App
2026-05-02T12:02:40Z,HEART_RATE_ZONE_TYPE_UNSPECIFIED,1.1366,Fitbit App
2026-05-02T12:03:40Z,HEART_RATE_ZONE_TYPE_UNSPECIFIED,1.1366,Fitbit App
2026-05-02T12:04:40Z,HEART_RATE_ZONE_TYPE_UNSPECIFIED,1.1366,Fitbit App
2026-05-02T12:05:40Z,HEART_RATE_ZONE_TYPE_UNSPECIFIED,1.1366,Fitbit App
2026-05-02T12:06:40Z,HEART_RATE_ZONE_TYPE_UNSPECIFIED,1.1366,Fitbit App
2026-05-02T12:07:40Z,HEART_RATE_ZONE_TYPE_UNSPECIFIED,1.1366,Fitbit App
2026-05-02T12:08:40Z,HEART_RATE_ZONE_TYPE_UNSPECIFIED,1.1366,Fitbit App
2026-05-02T12:09:40Z,HEART_RATE_ZONE_TYPE_UNSPECIFIED,1.1366,Fitbit App
2026-05-02T12:10:40Z,HEART_RATE_ZONE_TYPE_UNSPECIFIED,1.1366,Fitbit App
2026-05-02T12:11:40Z,HEART_RATE_ZONE_TYPE_UNSPECIFIED,1.1366,Fitbit App
2026-05-02T12:12:40Z,HEART_RATE_ZONE_TYPE_UNSPECIFIED,1.1366,Fitbit App
2026-05-02T12:13:40Z,HEART_RATE_ZONE_TYPE_UNSPECIFIED,1.1366,Fitbit App
2026-05-02T12:14:40Z,HEART_RATE_ZONE_TYPE_UNSPECIFIED,1.1366,Fitbit App
2026-05-02T12:15:40Z,HEART_RATE_ZONE_TYPE_UNSPECIFIED,1.1366,Fitbit App
2026-05-02T12:16:40Z,HEART_RATE_ZONE_TYPE_UNSPECIFIED,1.1366,Fitbit App
2026-05-02T12:17:40Z,HEART_RATE_ZONE_TYPE_UNSPECIFIED,1.1366,Fitbit App
2026-05-02T12:18:40Z,HEART_RATE_ZONE_TYPE_UNSPECIFIED,1.1366,Fitbit App
2026-05-02T12:19:40Z,HEART_RATE_ZONE_TYPE_UNSPECIFIED,1.1366,Fitbit App
2026-05-02T12:20:40Z,HEART_RATE_ZONE_TYPE_UNSPECIFIED,2.72784,Fitbit App
2026-05-02T12:21:40Z,HEART_RATE_ZONE_TYPE_UNSPECIFIED,3.18248,Fitbit App
2026-05-02T12:22:40Z,HEART_RATE_ZONE_TYPE_UNSPECIFIED,4.091760000000001,Fitbit App
2026-05-02T12:23:40Z,HEART_RATE_ZONE_TYPE_UNSPECIFIED,3.86444,Fitbit App
2026-05-02T12:24:40Z,HEART_RATE_ZONE_TYPE_UNSPECIFIED,9.661100000000001,Fitbit App
2026-05-02T12:25:40Z,HEART_RATE_ZONE_TYPE_UNSPECIFIED,11.02502,Fitbit App
2026-05-02T12:26:40Z,HEART_RATE_ZONE_TYPE_UNSPECIFIED,11.02502,Fitbit App
2026-05-02T12:27:40Z,HEART_RATE_ZONE_TYPE_UNSPECIFIED,10.11574,Fitbit App
2026-05-02T12:28:40Z,HEART_RATE_ZONE_TYPE_UNSPECIFIED,10.11574,Fitbit App
2026-05-02T12:29:40Z,HEART_RATE_ZONE_TYPE_UNSPECIFIED,10.570473,Fitbit App
2026-05-02T12:30:40Z,HEART_RATE_ZONE_TYPE_UNSPECIFIED,9.433863,Fitbit App
2026-05-02T12:31:40Z,HEART_RATE_ZONE_TYPE_UNSPECIFIED,9.888506999999999,Fitbit App
2026-05-02T12:32:40Z,HEART_RATE_ZONE_TYPE_UNSPECIFIED,9.433863,Fitbit App
2026-05-02T12:33:40Z,HEART_RATE_ZONE_TYPE_UNSPECIFIED,9.433863,Fitbit App
2026-05-02T12:34:40Z,HEART_RATE_ZONE_TYPE_UNSPECIFIED,9.661185,Fitbit App
2026-05-02T12:35:40Z,HEART_RATE_ZONE_TYPE_UNSPECIFIED,9.888506999999999,Fitbit App
2026-05-02T12:36:40Z,HEART_RATE_ZONE_TYPE_UNSPECIFIED,9.661185,Fitbit App
2026-05-02T12:37:40Z,HEART_RATE_ZONE_TYPE_UNSPECIFIED,6.933320999999999,Fitbit App
2026-05-02T12:38:40Z,HEART_RATE_ZONE_TYPE_UNSPECIFIED,3.637152,Fitbit App
2026-05-02T12:39:40Z,HEART_RATE_ZONE_TYPE_UNSPECIFIED,2.955186,Fitbit App
2026-05-02T12:40:40Z,HEART_RATE_ZONE_TYPE_UNSPECIFIED,1.13661,Fitbit App
2026-05-02T12:41:40Z,HEART_RATE_ZONE_TYPE_UNSPECIFIED,1.13661,Fitbit App
2026-05-02T12:42:40Z,HEART_RATE_ZONE_TYPE_UNSPECIFIED,1.13661,Fitbit App
2026-05-02T12:43:40Z,HEART_RATE_ZONE_TYPE_UNSPECIFIED,1.13661,Fitbit App
2026-05-02T12:44:40Z,HEART_RATE_ZONE_TYPE_UNSPECIFIED,1.13661,Fitbit App
2026-05-02T12:45:40Z,HEART_RATE_ZONE_TYPE_UNSPECIFIED,1.13661,Fitbit App
2026-05-02T12:46:40Z,HEART_RATE_ZONE_TYPE_UNSPECIFIED,1.13661,Fitbit App
2026-05-02T12:47:40Z,HEART_RATE_ZONE_TYPE_UNSPECIFIED,1.13661,Fitbit App
2026-05-02T12:48:40Z,HEART_RATE_ZONE_TYPE_UNSPECIFIED,1.13661,Fitbit App
2026-05-02T12:49:40Z,HEART_RATE_ZONE_TYPE_UNSPECIFIED,1.13661,Fitbit App
2026-05-02T12:50:40Z,HEART_RATE_ZONE_TYPE_UNSPECIFIED,1.13661,Fitbit App
2026-05-02T12:51:40Z,HEART_RATE_ZONE_TYPE_UNSPECIFIED,1.13661,Fitbit App
2026-05-02T12:52:40Z,HEART_RATE_ZONE_TYPE_UNSPECIFIED,2.727864,Fitbit App
2026-05-02T12:53:40Z,HEART_RATE_ZONE_TYPE_UNSPECIFIED,3.4098299999999995,Fitbit App
2026-05-02T12:54:40Z,HEART_RATE_ZONE_TYPE_UNSPECIFIED,1.13661,Fitbit App
2026-05-02T12:55:40Z,HEART_RATE_ZONE_TYPE_UNSPECIFIED,1.13661,Fitbit App
2026-05-02T12:56:40Z,HEART_RATE_ZONE_TYPE_UNSPECIFIED,2.727864,Fitbit App
2026-05-02T12:57:40Z,HEART_RATE_ZONE_TYPE_UNSPECIFIED,2.727864,Fitbit App
2026-05-02T12:58:40Z,HEART_RATE_ZONE_TYPE_UNSPECIFIED,1.13661,Fitbit App
2026-05-02T12:59:40Z,HEART_RATE_ZONE_TYPE_UNSPECIFIED,1.13661,Fitbit App
2026-05-02T13:00:40Z,HEART_RATE_ZONE_TYPE_UNSPECIFIED,1.13661,Fitbit App
2026-05-02T13:01:40Z,HEART_RATE_ZONE_TYPE_UNSPECIFIED,1.13661,Fitbit App
2026-05-02T13:02:40Z,HEART_RATE_ZONE_TYPE_UNSPECIFIED,1.13661,Fitbit App
2026-05-02T13:03:40Z,HEART_RATE_ZONE_TYPE_UNSPECIFIED,1.13661,Fitbit App
2026-05-02T13:04:40Z,HEART_RATE_ZONE_TYPE_UNSPECIFIED,1.13661,Fitbit App
2026-05-02T13:05:40Z,HEART_RATE_ZONE_TYPE_UNSPECIFIED,1.13661,Fitbit App
2026-05-02T13:06:40Z,HEART_RATE_ZONE_TYPE_UNSPECIFIED,1.13661,Fitbit App
2026-05-02T13:07:40Z,HEART_RATE_ZONE_TYPE_UNSPECIFIED,1.13661,Fitbit App
2026-05-02T13:08:40Z,HEART_RATE_ZONE_TYPE_UNSPECIFIED,1.13661,Fitbit App
2026-05-02T13:09:40Z,HEART_RATE_ZONE_TYPE_UNSPECIFIED,1.13661,Fitbit App
2026-05-02T13:10:40Z,HEART_RATE_ZONE_TYPE_UNSPECIFIED,1.13661,Fitbit App
2026-05-02T13:11:40Z,HEART_RATE_ZONE_TYPE_UNSPECIFIED,1.13661,Fitbit App
2026-05-02T13:12:40Z,HEART_RATE_ZONE_TYPE_UNSPECIFIED,1.13661,Fitbit App
2026-05-02T13:13:40Z,HEART_RATE_ZONE_TYPE_UNSPECIFIED,1.13661,Fitbit App
2026-05-02T13:14:40Z,HEART_RATE_ZONE_TYPE_UNSPECIFIED,1.13661,Fitbit App
2026-05-02T13:15:40Z,HEART_RATE_ZONE_TYPE_UNSPECIFIED,1.13661,Fitbit App
2026-05-02T13:16:40Z,HEART_RATE_ZONE_TYPE_UNSPECIFIED,1.13661,Fitbit App
2026-05-02T13:17:40Z,HEART_RATE_ZONE_TYPE_UNSPECIFIED,1.13661,Fitbit App
2026-05-02T13:18:40Z,HEART_RATE_ZONE_TYPE_UNSPECIFIED,1.13661,Fitbit App
2026-05-02T13:19:40Z,HEART_RATE_ZONE_TYPE_UNSPECIFIED,1.13661,Fitbit App
2026-05-02T13:20:40Z,HEART_RATE_ZONE_TYPE_UNSPECIFIED,1.13661,Fitbit App
2026-05-02T13:21:40Z,HEART_RATE_ZONE_TYPE_UNSPECIFIED,1.13661,Fitbit App
2026-05-02T13:22:40Z,HEART_RATE_ZONE_TYPE_UNSPECIFIED,1.13661,Fitbit App
2026-05-02T13:23:40Z,HEART_RATE_ZONE_TYPE_UNSPECIFIED,1.13661,Fitbit App
2026-05-02T13:24:40Z,HEART_RATE_ZONE_TYPE_UNSPECIFIED,1.13661,Fitbit App
2026-05-02T13:25:40Z,HEART_RATE_ZONE_TYPE_UNSPECIFIED,1.13661,Fitbit App
2026-05-02T13:26:40Z,HEART_RATE_ZONE_TYPE_UNSPECIFIED,1.13661,Fitbit App
2026-05-02T13:27:40Z,HEART_RATE_ZONE_TYPE_UNSPECIFIED,1.13661,Fitbit App
2026-05-02T13:28:40Z,HEART_RATE_ZONE_TYPE_UNSPECIFIED,1.13661,Fitbit App
2026-05-02T13:29:40Z,HEART_RATE_ZONE_TYPE_UNSPECIFIED,1.13661,Fitbit App
2026-05-02T13:30:40Z,HEART_RATE_ZONE_TYPE_UNSPECIFIED,1.13661,Fitbit App
2026-05-02T13:31:40Z,HEART_RATE_ZONE_TYPE_UNSPECIFIED,1.13661,Fitbit App
2026-05-02T13:32:40Z,HEART_RATE_ZONE_TYPE_UNSPECIFIED,1.13661,Fitbit App
2026-05-02T13:33:40Z,HEART_RATE_ZONE_TYPE_UNSPECIFIED,1.13661,Fitbit App
2026-05-02T13:34:40Z,HEART_RATE_ZONE_TYPE_UNSPECIFIED,1.13661,Fitbit App
2026-05-02T13:35:40Z,HEART_RATE_ZONE_TYPE_UNSPECIFIED,1.13661,Fitbit App
2026-05-02T13:36:40Z,HEART_RATE_ZONE_TYPE_UNSPECIFIED,1.13661,Fitbit App
2026-05-02T13:37:40Z,HEART_RATE_ZONE_TYPE_UNSPECIFIED,2.727864,Fitbit App
2026-05-02T13:38:40Z,HEART_RATE_ZONE_TYPE_UNSPECIFIED,2.727864,Fitbit App
2026-05-02T13:39:40Z,HEART_RATE_ZONE_TYPE_UNSPECIFIED,1.13661,Fitbit App
2026-05-02T13:40:40Z,HEART_RATE_ZONE_TYPE_UNSPECIFIED,1.13661,Fitbit App
2026-05-02T13:41:40Z,HEART_RATE_ZONE_TYPE_UNSPECIFIED,1.13661,Fitbit App
2026-05-02T13:42:40Z,HEART_RATE_ZONE_TYPE_UNSPECIFIED,1.13661,Fitbit App
2026-05-02T13:43:40Z,HEART_RATE_ZONE_TYPE_UNSPECIFIED,1.13661,Fitbit App
2026-05-02T13:44:40Z,HEART_RATE_ZONE_TYPE_UNSPECIFIED,1.13661,Fitbit App
2026-05-02T13:45:40Z,HEART_RATE_ZONE_TYPE_UNSPECIFIED,1.13661,Fitbit App
2026-05-02T13:46:40Z,HEART_RATE_ZONE_TYPE_UNSPECIFIED,1.13661,Fitbit App
2026-05-02T13:47:40Z,HEART_RATE_ZONE_TYPE_UNSPECIFIED,1.13661,Fitbit App
2026-05-02T13:48:40Z,HEART_RATE_ZONE_TYPE_UNSPECIFIED,1.13661,Fitbit App
2026-05-02T13:49:40Z,HEART_RATE_ZONE_TYPE_UNSPECIFIED,1.13661,Fitbit App
2026-05-02T13:50:40Z,HEART_RATE_ZONE_TYPE_UNSPECIFIED,1.13661,Fitbit App
2026-05-02T13:51:40Z,HEART_RATE_ZONE_TYPE_UNSPECIFIED,1.13661,Fitbit App
2026-05-02T13:52:40Z,HEART_RATE_ZONE_TYPE_UNSPECIFIED,1.13661,Fitbit App
2026-05-02T13:53:40Z,HEART_RATE_ZONE_TYPE_UNSPECIFIED,1.13661,Fitbit App
2026-05-02T13:54:40Z,HEART_RATE_ZONE_TYPE_UNSPECIFIED,1.13661,Fitbit App
2026-05-02T13:55:40Z,HEART_RATE_ZONE_TYPE_UNSPECIFIED,1.13661,Fitbit App
2026-05-02T13:56:40Z,HEART_RATE_ZONE_TYPE_UNSPECIFIED,1.13661,Fitbit App
2026-05-02T13:57:40Z,HEART_RATE_ZONE_TYPE_UNSPECIFIED,1.13661,Fitbit App
2026-05-02T13:58:40Z,HEART_RATE_ZONE_TYPE_UNSPECIFIED,1.13661,Fitbit App
2026-05-02T13:59:40Z,HEART_RATE_ZONE_TYPE_UNSPECIFIED,1.13661,Fitbit App
2026-05-02T14:00:40Z,HEART_RATE_ZONE_TYPE_UNSPECIFIED,2.727864,Fitbit App
2026-05-02T14:01:40Z,HEART_RATE_ZONE_TYPE_UNSPECIFIED,3.1825079999999994,Fitbit App
2026-05-02T14:02:40Z,HEART_RATE_ZONE_TYPE_UNSPECIFIED,1.13661,Fitbit App
2026-05-02T14:03:40Z,HEART_RATE_ZONE_TYPE_UNSPECIFIED,2.727864,Fitbit App
2026-05-02T14:04:40Z,HEART_RATE_ZONE_TYPE_UNSPECIFIED,2.955186,Fitbit App
2026-05-02T14:05:40Z,HEART_RATE_ZONE_TYPE_UNSPECIFIED,1.13661,Fitbit App
2026-05-02T14:06:40Z,HEART_RATE_ZONE_TYPE_UNSPECIFIED,1.13661,Fitbit App
2026-05-02T14:07:40Z,HEART_RATE_ZONE_TYPE_UNSPECIFIED,1.13661,Fitbit App
2026-05-02T14:08:40Z,HEART_RATE_ZONE_TYPE_UNSPECIFIED,1.13661,Fitbit App
2026-05-02T14:09:40Z,HEART_RATE_ZONE_TYPE_UNSPECIFIED,1.13661,Fitbit App
2026-05-02T14:10:40Z,HEART_RATE_ZONE_TYPE_UNSPECIFIED,1.13661,Fitbit App
2026-05-02T14:11:40Z,HEART_RATE_ZONE_TYPE_UNSPECIFIED,1.13661,Fitbit App
2026-05-02T14:12:40Z,HEART_RATE_ZONE_TYPE_UNSPECIFIED,1.13661,Fitbit App
2026-05-02T14:13:40Z,HEART_RATE_ZONE_TYPE_UNSPECIFIED,1.13661,Fitbit App
2026-05-02T14:14:40Z,HEART_RATE_ZONE_TYPE_UNSPECIFIED,2.955186,Fitbit App
2026-05-02T14:15:40Z,HEART_RATE_ZONE_TYPE_UNSPECIFIED,2.955186,Fitbit App
2026-05-02T14:16:40Z,HEART_RATE_ZONE_TYPE_UNSPECIFIED,1.13661,Fitbit App
2026-05-02T14:17:40Z,HEART_RATE_ZONE_TYPE_UNSPECIFIED,1.13661,Fitbit App
2026-05-02T14:18:40Z,HEART_RATE_ZONE_TYPE_UNSPECIFIED,1.13661,Fitbit App
2026-05-02T14:19:40Z,HEART_RATE_ZONE_TYPE_UNSPECIFIED,1.13661,Fitbit App
2026-05-02T14:20:40Z,HEART_RATE_ZONE_TYPE_UNSPECIFIED,1.13661,Fitbit App
2026-05-02T14:21:40Z,HEART_RATE_ZONE_TYPE_UNSPECIFIED,1.13661,Fitbit App
2026-05-02T14:22:40Z,HEART_RATE_ZONE_TYPE_UNSPECIFIED,1.13661,Fitbit App
2026-05-02T14:23:40Z,HEART_RATE_ZONE_TYPE_UNSPECIFIED,1.13661,Fitbit App
2026-05-02T14:24:40Z,HEART_RATE_ZONE_TYPE_UNSPECIFIED,1.13661,Fitbit App
2026-05-02T14:25:40Z,HEART_RATE_ZONE_TYPE_UNSPECIFIED,1.13661,Fitbit App
2026-05-02T14:26:40Z,HEART_RATE_ZONE_TYPE_UNSPECIFIED,2.727864,Fitbit App
2026-05-02T14:27:40Z,HEART_RATE_ZONE_TYPE_UNSPECIFIED,2.727864,Fitbit App
2026-05-02T14:28:40Z,HEART_RATE_ZONE_TYPE_UNSPECIFIED,1.13661,Fitbit App
2026-05-02T14:29:40Z,HEART_RATE_ZONE_TYPE_UNSPECIFIED,1.13661,Fitbit App
2026-05-02T14:30:40Z,HEART_RATE_ZONE_TYPE_UNSPECIFIED,1.13661,Fitbit App
2026-05-02T14:31:40Z,HEART_RATE_ZONE_TYPE_UNSPECIFIED,1.13661,Fitbit App
2026-05-02T14:32:40Z,HEART_RATE_ZONE_TYPE_UNSPECIFIED,1.13661,Fitbit App
2026-05-02T14:33:40Z,HEART_RATE_ZONE_TYPE_UNSPECIFIED,1.13661,Fitbit App
2026-05-02T14:34:40Z,HEART_RATE_ZONE_TYPE_UNSPECIFIED,1.13661,Fitbit App
2026-05-02T14:35:40Z,HEART_RATE_ZONE_TYPE_UNSPECIFIED,1.13661,Fitbit App
2026-05-02T14:36:40Z,HEART_RATE_ZONE_TYPE_UNSPECIFIED,1.13661,Fitbit App
2026-05-02T14:37:40Z,HEART_RATE_ZONE_TYPE_UNSPECIFIED,1.13661,Fitbit App
2026-05-02T14:38:40Z,HEART_RATE_ZONE_TYPE_UNSPECIFIED,1.13661,Fitbit App
2026-05-02T14:39:40Z,HEART_RATE_ZONE_TYPE_UNSPECIFIED,1.13661,Fitbit App
2026-05-02T14:40:40Z,HEART_RATE_ZONE_TYPE_UNSPECIFIED,1.13661,Fitbit App
2026-05-02T14:41:40Z,HEART_RATE_ZONE_TYPE_UNSPECIFIED,1.13661,Fitbit App
2026-05-02T14:42:40Z,HEART_RATE_ZONE_TYPE_UNSPECIFIED,1.13661,Fitbit App
2026-05-02T14:43:40Z,HEART_RATE_ZONE_TYPE_UNSPECIFIED,1.13661,Fitbit App
2026-05-02T14:44:40Z,HEART_RATE_ZONE_TYPE_UNSPECIFIED,1.13661,Fitbit App
2026-05-02T14:45:40Z,HEART_RATE_ZONE_TYPE_UNSPECIFIED,1.13661,Fitbit App
2026-05-02T14:46:40Z,HEART_RATE_ZONE_TYPE_UNSPECIFIED,1.13661,Fitbit App
2026-05-02T14:47:40Z,HEART_RATE_ZONE_TYPE_UNSPECIFIED,1.13661,Fitbit App
2026-05-02T14:48:40Z,HEART_RATE_ZONE_TYPE_UNSPECIFIED,1.13661,Fitbit App
2026-05-02T14:49:40Z,HEART_RATE_ZONE_TYPE_UNSPECIFIED,1.13661,Fitbit App
2026-05-02T14:50:40Z,HEART_RATE_ZONE_TYPE_UNSPECIFIED,1.13661,Fitbit App
2026-05-02T14:51:40Z,HEART_RATE_ZONE_TYPE_UNSPECIFIED,1.13661,Fitbit App
2026-05-02T14:52:40Z,HEART_RATE_ZONE_TYPE_UNSPECIFIED,1.13661,Fitbit App
2026-05-02T14:53:40Z,HEART_RATE_ZONE_TYPE_UNSPECIFIED,1.13661,Fitbit App
2026-05-02T14:54:40Z,HEART_RATE_ZONE_TYPE_UNSPECIFIED,1.13661,Fitbit App
2026-05-02T14:55:40Z,HEART_RATE_ZONE_TYPE_UNSPECIFIED,1.13661,Fitbit App
2026-05-02T14:56:40Z,HEART_RATE_ZONE_TYPE_UNSPECIFIED,1.13661,Fitbit App
2026-05-02T14:57:40Z,HEART_RATE_ZONE_TYPE_UNSPECIFIED,1.13661,Fitbit App
2026-05-02T14:58:40Z,HEART_RATE_ZONE_TYPE_UNSPECIFIED,1.13661,Fitbit App
2026-05-02T14:59:40Z,HEART_RATE_ZONE_TYPE_UNSPECIFIED,1.13661,Fitbit App
2026-05-02T15:00:40Z,HEART_RATE_ZONE_TYPE_UNSPECIFIED,1.13661,Fitbit App
2026-05-02T15:01:40Z,HEART_RATE_ZONE_TYPE_UNSPECIFIED,1.13661,Fitbit App
2026-05-02T15:02:40Z,HEART_RATE_ZONE_TYPE_UNSPECIFIED,1.13661,Fitbit App
2026-05-02T15:03:40Z,HEART_RATE_ZONE_TYPE_UNSPECIFIED,1.13661,Fitbit App
2026-05-02T15:04:40Z,HEART_RATE_ZONE_TYPE_UNSPECIFIED,1.13661,Fitbit App
2026-05-02T15:05:40Z,HEART_RATE_ZONE_TYPE_UNSPECIFIED,1.13661,Fitbit App
2026-05-02T15:06:40Z,HEART_RATE_ZONE_TYPE_UNSPECIFIED,1.13661,Fitbit App
2026-05-02T15:07:40Z,HEART_RATE_ZONE_TYPE_UNSPECIFIED,1.13661,Fitbit App
2026-05-02T15:08:40Z,HEART_RATE_ZONE_TYPE_UNSPECIFIED,1.13661,Fitbit App
2026-05-02T15:09:40Z,HEART_RATE_ZONE_TYPE_UNSPECIFIED,1.13661,Fitbit App
2026-05-02T15:10:40Z,HEART_RATE_ZONE_TYPE_UNSPECIFIED,1.13661,Fitbit App
2026-05-02T15:11:40Z,HEART_RATE_ZONE_TYPE_UNSPECIFIED,1.13661,Fitbit App
2026-05-02T15:12:40Z,HEART_RATE_ZONE_TYPE_UNSPECIFIED,1.13661,Fitbit App
2026-05-02T15:13:40Z,HEART_RATE_ZONE_TYPE_UNSPECIFIED,1.13661,Fitbit App
2026-05-02T15:14:40Z,HEART_RATE_ZONE_TYPE_UNSPECIFIED,1.13661,Fitbit App
2026-05-02T15:15:40Z,HEART_RATE_ZONE_TYPE_UNSPECIFIED,1.13661,Fitbit App
2026-05-02T15:16:40Z,HEART_RATE_ZONE_TYPE_UNSPECIFIED,1.13661,Fitbit App
2026-05-02T15:17:40Z,HEART_RATE_ZONE_TYPE_UNSPECIFIED,1.13661,Fitbit App
2026-05-02T15:18:40Z,HEART_RATE_ZONE_TYPE_UNSPECIFIED,1.13661,Fitbit App
2026-05-02T15:19:40Z,HEART_RATE_ZONE_TYPE_UNSPECIFIED,1.13661,Fitbit App
2026-05-02T15:20:40Z,HEART_RATE_ZONE_TYPE_UNSPECIFIED,1.13661,Fitbit App
2026-05-02T15:21:40Z,HEART_RATE_ZONE_TYPE_UNSPECIFIED,1.13661,Fitbit App
2026-05-02T15:22:40Z,HEART_RATE_ZONE_TYPE_UNSPECIFIED,1.13661,Fitbit App
2026-05-02T15:23:40Z,HEART_RATE_ZONE_TYPE_UNSPECIFIED,1.13661,Fitbit App
2026-05-02T15:24:40Z,HEART_RATE_ZONE_TYPE_UNSPECIFIED,1.13661,Fitbit App
2026-05-02T15:25:40Z,HEART_RATE_ZONE_TYPE_UNSPECIFIED,1.13661,Fitbit App
2026-05-02T15:26:40Z,HEART_RATE_ZONE_TYPE_UNSPECIFIED,1.13661,Fitbit App
2026-05-02T15:27:40Z,HEART_RATE_ZONE_TYPE_UNSPECIFIED,1.13661,Fitbit App
2026-05-02T15:28:40Z,HEART_RATE_ZONE_TYPE_UNSPECIFIED,1.13661,Fitbit App
2026-05-02T15:29:40Z,HEART_RATE_ZONE_TYPE_UNSPECIFIED,1.13661,Fitbit App
2026-05-02T15:30:40Z,HEART_RATE_ZONE_TYPE_UNSPECIFIED,1.13661,Fitbit App
2026-05-02T15:31:40Z,HEART_RATE_ZONE_TYPE_UNSPECIFIED,1.13661,Fitbit App
2026-05-02T15:32:40Z,HEART_RATE_ZONE_TYPE_UNSPECIFIED,1.13661,Fitbit App
2026-05-02T15:33:40Z,HEART_RATE_ZONE_TYPE_UNSPECIFIED,1.13661,Fitbit App
2026-05-02T15:34:40Z,HEART_RATE_ZONE_TYPE_UNSPECIFIED,1.13661,Fitbit App
2026-05-02T15:35:40Z,HEART_RATE_ZONE_TYPE_UNSPECIFIED,1.13661,Fitbit App
2026-05-02T15:36:40Z,HEART_RATE_ZONE_TYPE_UNSPECIFIED,1.13661,Fitbit App
2026-05-02T15:37:40Z,HEART_RATE_ZONE_TYPE_UNSPECIFIED,1.13661,Fitbit App
2026-05-02T15:38:40Z,HEART_RATE_ZONE_TYPE_UNSPECIFIED,1.13661,Fitbit App
2026-05-02T15:39:40Z,HEART_RATE_ZONE_TYPE_UNSPECIFIED,1.13661,Fitbit App
2026-05-02T15:40:40Z,HEART_RATE_ZONE_TYPE_UNSPECIFIED,1.13661,Fitbit App
2026-05-02T15:41:40Z,HEART_RATE_ZONE_TYPE_UNSPECIFIED,1.13661,Fitbit App
2026-05-02T15:42:40Z,HEART_RATE_ZONE_TYPE_UNSPECIFIED,1.13661,Fitbit App
2026-05-02T15:43:40Z,HEART_RATE_ZONE_TYPE_UNSPECIFIED,1.13661,Fitbit App
2026-05-02T15:44:40Z,HEART_RATE_ZONE_TYPE_UNSPECIFIED,1.13661,Fitbit App
2026-05-02T15:45:40Z,HEART_RATE_ZONE_TYPE_UNSPECIFIED,1.13661,Fitbit App
2026-05-02T15:46:40Z,HEART_RATE_ZONE_TYPE_UNSPECIFIED,1.13661,Fitbit App
2026-05-02T15:47:40Z,HEART_RATE_ZONE_TYPE_UNSPECIFIED,1.13661,Fitbit App
2026-05-02T15:48:40Z,HEART_RATE_ZONE_TYPE_UNSPECIFIED,1.13661,Fitbit App
2026-05-02T15:49:40Z,HEART_RATE_ZONE_TYPE_UNSPECIFIED,1.13661,Fitbit App
2026-05-02T15:50:40Z,HEART_RATE_ZONE_TYPE_UNSPECIFIED,1.13661,Fitbit App
2026-05-02T15:51:40Z,HEART_RATE_ZONE_TYPE_UNSPECIFIED,1.13661,Fitbit App
2026-05-02T15:52:40Z,HEART_RATE_ZONE_TYPE_UNSPECIFIED,1.13661,Fitbit App
2026-05-02T15:53:40Z,HEART_RATE_ZONE_TYPE_UNSPECIFIED,1.13661,Fitbit App
2026-05-02T15:54:40Z,HEART_RATE_ZONE_TYPE_UNSPECIFIED,1.13661,Fitbit App
2026-05-02T15:55:40Z,HEART_RATE_ZONE_TYPE_UNSPECIFIED,1.13661,Fitbit App
2026-05-02T15:56:40Z,HEART_RATE_ZONE_TYPE_UNSPECIFIED,1.13661,Fitbit App
2026-05-02T15:57:40Z,HEART_RATE_ZONE_TYPE_UNSPECIFIED,1.13661,Fitbit App
2026-05-02T15:58:40Z,HEART_RATE_ZONE_TYPE_UNSPECIFIED,1.13661,Fitbit App
2026-05-02T15:59:40Z,HEART_RATE_ZONE_TYPE_UNSPECIFIED,1.13661,Fitbit App
2026-05-02T16:00:40Z,HEART_RATE_ZONE_TYPE_UNSPECIFIED,1.13661,Fitbit App
2026-05-02T16:01:40Z,HEART_RATE_ZONE_TYPE_UNSPECIFIED,1.13661,Fitbit App
2026-05-02T16:02:40Z,HEART_RATE_ZONE_TYPE_UNSPECIFIED,1.13661,Fitbit App
2026-05-02T16:03:40Z,HEART_RATE_ZONE_TYPE_UNSPECIFIED,1.13661,Fitbit App
2026-05-02T16:04:40Z,HEART_RATE_ZONE_TYPE_UNSPECIFIED,1.13661,Fitbit App
2026-05-02T16:05:40Z,HEART_RATE_ZONE_TYPE_UNSPECIFIED,1.13661,Fitbit App
2026-05-02T16:06:40Z,HEART_RATE_ZONE_TYPE_UNSPECIFIED,1.13661,Fitbit App
2026-05-02T16:07:40Z,HEART_RATE_ZONE_TYPE_UNSPECIFIED,1.13661,Fitbit App
2026-05-02T16:08:40Z,HEART_RATE_ZONE_TYPE_UNSPECIFIED,1.13661,Fitbit App
2026-05-02T16:09:40Z,HEART_RATE_ZONE_TYPE_UNSPECIFIED,1.13661,Fitbit App
2026-05-02T16:10:40Z,HEART_RATE_ZONE_TYPE_UNSPECIFIED,1.13661,Fitbit App
2026-05-02T16:11:40Z,HEART_RATE_ZONE_TYPE_UNSPECIFIED,1.13662,Fitbit App
2026-05-02T16:12:40Z,HEART_RATE_ZONE_TYPE_UNSPECIFIED,1.13662,Fitbit App
2026-05-02T16:13:40Z,HEART_RATE_ZONE_TYPE_UNSPECIFIED,1.13662,Fitbit App
2026-05-02T16:14:40Z,HEART_RATE_ZONE_TYPE_UNSPECIFIED,1.13662,Fitbit App
2026-05-02T16:15:40Z,HEART_RATE_ZONE_TYPE_UNSPECIFIED,1.13662,Fitbit App
2026-05-02T16:16:40Z,HEART_RATE_ZONE_TYPE_UNSPECIFIED,1.13662,Fitbit App
2026-05-02T16:17:40Z,HEART_RATE_ZONE_TYPE_UNSPECIFIED,1.13662,Fitbit App
2026-05-02T16:18:40Z,HEART_RATE_ZONE_TYPE_UNSPECIFIED,1.13662,Fitbit App
2026-05-02T16:19:40Z,HEART_RATE_ZONE_TYPE_UNSPECIFIED,1.13662,Fitbit App
2026-05-02T16:20:40Z,HEART_RATE_ZONE_TYPE_UNSPECIFIED,1.13662,Fitbit App
2026-05-02T16:21:40Z,HEART_RATE_ZONE_TYPE_UNSPECIFIED,1.13662,Fitbit App
2026-05-02T16:22:40Z,HEART_RATE_ZONE_TYPE_UNSPECIFIED,1.13662,Fitbit App
2026-05-02T16:23:40Z,HEART_RATE_ZONE_TYPE_UNSPECIFIED,1.13662,Fitbit App
2026-05-02T16:24:40Z,HEART_RATE_ZONE_TYPE_UNSPECIFIED,1.13662,Fitbit App
2026-05-02T16:25:40Z,HEART_RATE_ZONE_TYPE_UNSPECIFIED,1.13662,Fitbit App
2026-05-02T16:26:40Z,HEART_RATE_ZONE_TYPE_UNSPECIFIED,1.13662,Fitbit App
2026-05-02T16:27:40Z,HEART_RATE_ZONE_TYPE_UNSPECIFIED,1.13662,Fitbit App
2026-05-02T16:28:40Z,HEART_RATE_ZONE_TYPE_UNSPECIFIED,1.13662,Fitbit App
2026-05-02T16:29:40Z,HEART_RATE_ZONE_TYPE_UNSPECIFIED,1.13662,Fitbit App
2026-05-02T16:30:40Z,HEART_RATE_ZONE_TYPE_UNSPECIFIED,1.13662,Fitbit App
2026-05-02T16:31:40Z,HEART_RATE_ZONE_TYPE_UNSPECIFIED,1.13662,Fitbit App
2026-05-02T16:32:40Z,HEART_RATE_ZONE_TYPE_UNSPECIFIED,1.13662,Fitbit App
2026-05-02T16:33:40Z,HEART_RATE_ZONE_TYPE_UNSPECIFIED,1.13662,Fitbit App
2026-05-02T16:34:40Z,HEART_RATE_ZONE_TYPE_UNSPECIFIED,1.13662,Fitbit App
2026-05-02T16:35:40Z,HEART_RATE_ZONE_TYPE_UNSPECIFIED,1.13662,Fitbit App
2026-05-02T16:36:40Z,HEART_RATE_ZONE_TYPE_UNSPECIFIED,1.13662,Fitbit App
2026-05-02T16:37:40Z,HEART_RATE_ZONE_TYPE_UNSPECIFIED,1.13662,Fitbit App
2026-05-02T16:38:40Z,HEART_RATE_ZONE_TYPE_UNSPECIFIED,1.13662,Fitbit App
2026-05-02T16:39:40Z,HEART_RATE_ZONE_TYPE_UNSPECIFIED,1.13662,Fitbit App
2026-05-02T16:40:40Z,HEART_RATE_ZONE_TYPE_UNSPECIFIED,1.13662,Fitbit App
2026-05-02T16:41:40Z,HEART_RATE_ZONE_TYPE_UNSPECIFIED,1.13662,Fitbit App
2026-05-02T16:42:40Z,HEART_RATE_ZONE_TYPE_UNSPECIFIED,1.13662,Fitbit App
2026-05-02T16:43:40Z,HEART_RATE_ZONE_TYPE_UNSPECIFIED,1.13662,Fitbit App
2026-05-02T16:44:40Z,HEART_RATE_ZONE_TYPE_UNSPECIFIED,1.13662,Fitbit App
2026-05-02T16:45:40Z,HEART_RATE_ZONE_TYPE_UNSPECIFIED,1.13662,Fitbit App
2026-05-02T16:46:40Z,HEART_RATE_ZONE_TYPE_UNSPECIFIED,1.13662,Fitbit App
2026-05-02T16:47:40Z,HEART_RATE_ZONE_TYPE_UNSPECIFIED,1.13662,Fitbit App
2026-05-02T16:48:40Z,HEART_RATE_ZONE_TYPE_UNSPECIFIED,1.13662,Fitbit App
2026-05-02T16:49:40Z,HEART_RATE_ZONE_TYPE_UNSPECIFIED,1.13662,Fitbit App
2026-05-02T16:50:40Z,HEART_RATE_ZONE_TYPE_UNSPECIFIED,1.13662,Fitbit App
2026-05-02T16:51:40Z,HEART_RATE_ZONE_TYPE_UNSPECIFIED,1.13662,Fitbit App
2026-05-02T16:52:40Z,HEART_RATE_ZONE_TYPE_UNSPECIFIED,1.13662,Fitbit App
2026-05-02T16:53:40Z,HEART_RATE_ZONE_TYPE_UNSPECIFIED,1.13662,Fitbit App
2026-05-02T16:54:40Z,HEART_RATE_ZONE_TYPE_UNSPECIFIED,1.13662,Fitbit App
2026-05-02T16:55:40Z,HEART_RATE_ZONE_TYPE_UNSPECIFIED,1.13662,Fitbit App
2026-05-02T16:56:40Z,HEART_RATE_ZONE_TYPE_UNSPECIFIED,1.13662,Fitbit App
2026-05-02T16:57:40Z,HEART_RATE_ZONE_TYPE_UNSPECIFIED,1.13662,Fitbit App
2026-05-02T16:58:40Z,HEART_RATE_ZONE_TYPE_UNSPECIFIED,1.13662,Fitbit App
2026-05-02T16:59:40Z,HEART_RATE_ZONE_TYPE_UNSPECIFIED,1.13662,Fitbit App
2026-05-02T17:00:40Z,HEART_RATE_ZONE_TYPE_UNSPECIFIED,1.13662,Fitbit App
2026-05-02T17:01:40Z,HEART_RATE_ZONE_TYPE_UNSPECIFIED,1.13662,Fitbit App
2026-05-02T17:02:40Z,HEART_RATE_ZONE_TYPE_UNSPECIFIED,1.13662,Fitbit App
2026-05-02T17:03:40Z,HEART_RATE_ZONE_TYPE_UNSPECIFIED,1.13662,Fitbit App
2026-05-02T17:04:40Z,HEART_RATE_ZONE_TYPE_UNSPECIFIED,1.13662,Fitbit App
2026-05-02T17:05:40Z,HEART_RATE_ZONE_TYPE_UNSPECIFIED,1.13662,Fitbit App
2026-05-02T17:06:40Z,HEART_RATE_ZONE_TYPE_UNSPECIFIED,1.13662,Fitbit App
2026-05-02T17:07:40Z,HEART_RATE_ZONE_TYPE_UNSPECIFIED,1.13662,Fitbit App
2026-05-02T17:08:40Z,HEART_RATE_ZONE_TYPE_UNSPECIFIED,1.13662,Fitbit App
2026-05-02T17:09:40Z,HEART_RATE_ZONE_TYPE_UNSPECIFIED,1.13662,Fitbit App
2026-05-02T17:10:40Z,HEART_RATE_ZONE_TYPE_UNSPECIFIED,1.13662,Fitbit App
2026-05-02T17:11:40Z,HEART_RATE_ZONE_TYPE_UNSPECIFIED,1.13662,Fitbit App
2026-05-02T17:12:40Z,HEART_RATE_ZONE_TYPE_UNSPECIFIED,1.13662,Fitbit App
2026-05-02T17:13:40Z,HEART_RATE_ZONE_TYPE_UNSPECIFIED,1.13662,Fitbit App
2026-05-02T17:14:40Z,HEART_RATE_ZONE_TYPE_UNSPECIFIED,1.13662,Fitbit App
2026-05-02T17:15:40Z,HEART_RATE_ZONE_TYPE_UNSPECIFIED,1.13662,Fitbit App
2026-05-02T17:16:40Z,HEART_RATE_ZONE_TYPE_UNSPECIFIED,1.13662,Fitbit App
2026-05-02T17:17:40Z,HEART_RATE_ZONE_TYPE_UNSPECIFIED,1.13662,Fitbit App
2026-05-02T17:18:40Z,HEART_RATE_ZONE_TYPE_UNSPECIFIED,1.13662,Fitbit App
2026-05-02T17:19:40Z,HEART_RATE_ZONE_TYPE_UNSPECIFIED,1.13662,Fitbit App
2026-05-02T17:20:40Z,HEART_RATE_ZONE_TYPE_UNSPECIFIED,1.13662,Fitbit App
2026-05-02T17:21:40Z,HEART_RATE_ZONE_TYPE_UNSPECIFIED,1.13662,Fitbit App
2026-05-02T17:22:40Z,HEART_RATE_ZONE_TYPE_UNSPECIFIED,1.13662,Fitbit App
2026-05-02T17:23:40Z,HEART_RATE_ZONE_TYPE_UNSPECIFIED,1.13662,Fitbit App
2026-05-02T17:24:40Z,HEART_RATE_ZONE_TYPE_UNSPECIFIED,1.13662,Fitbit App
2026-05-02T17:25:40Z,HEART_RATE_ZONE_TYPE_UNSPECIFIED,1.13662,Fitbit App
2026-05-02T17:26:40Z,HEART_RATE_ZONE_TYPE_UNSPECIFIED,1.13662,Fitbit App
2026-05-02T17:27:40Z,HEART_RATE_ZONE_TYPE_UNSPECIFIED,1.13662,Fitbit App
2026-05-02T17:28:40Z,HEART_RATE_ZONE_TYPE_UNSPECIFIED,1.13662,Fitbit App
2026-05-02T17:29:40Z,HEART_RATE_ZONE_TYPE_UNSPECIFIED,1.13662,Fitbit App
2026-05-02T17:30:40Z,HEART_RATE_ZONE_TYPE_UNSPECIFIED,1.13662,Fitbit App
2026-05-02T17:31:40Z,HEART_RATE_ZONE_TYPE_UNSPECIFIED,1.13662,Fitbit App
2026-05-02T17:32:40Z,HEART_RATE_ZONE_TYPE_UNSPECIFIED,1.13662,Fitbit App
2026-05-02T17:33:40Z,HEART_RATE_ZONE_TYPE_UNSPECIFIED,1.13662,Fitbit App
2026-05-02T17:34:40Z,HEART_RATE_ZONE_TYPE_UNSPECIFIED,1.13662,Fitbit App
2026-05-02T17:35:40Z,HEART_RATE_ZONE_TYPE_UNSPECIFIED,1.13662,Fitbit App
2026-05-02T17:36:40Z,HEART_RATE_ZONE_TYPE_UNSPECIFIED,1.13662,Fitbit App
2026-05-02T17:37:40Z,HEART_RATE_ZONE_TYPE_UNSPECIFIED,1.13662,Fitbit App
2026-05-02T17:38:40Z,HEART_RATE_ZONE_TYPE_UNSPECIFIED,1.13662,Fitbit App
2026-05-02T17:39:40Z,HEART_RATE_ZONE_TYPE_UNSPECIFIED,1.13662,Fitbit App
2026-05-02T17:40:40Z,HEART_RATE_ZONE_TYPE_UNSPECIFIED,1.13662,Fitbit App
2026-05-02T17:41:40Z,HEART_RATE_ZONE_TYPE_UNSPECIFIED,1.13662,Fitbit App
2026-05-02T17:42:40Z,HEART_RATE_ZONE_TYPE_UNSPECIFIED,1.13662,Fitbit App
2026-05-02T17:43:40Z,HEART_RATE_ZONE_TYPE_UNSPECIFIED,1.13662,Fitbit App
2026-05-02T17:44:40Z,HEART_RATE_ZONE_TYPE_UNSPECIFIED,1.13662,Fitbit App
2026-05-02T17:45:40Z,HEART_RATE_ZONE_TYPE_UNSPECIFIED,1.13662,Fitbit App
2026-05-02T17:46:40Z,HEART_RATE_ZONE_TYPE_UNSPECIFIED,1.13662,Fitbit App
2026-05-02T17:47:40Z,HEART_RATE_ZONE_TYPE_UNSPECIFIED,1.13662,Fitbit App
2026-05-02T17:48:40Z,HEART_RATE_ZONE_TYPE_UNSPECIFIED,1.13662,Fitbit App
2026-05-02T17:49:40Z,HEART_RATE_ZONE_TYPE_UNSPECIFIED,1.13662,Fitbit App
2026-05-02T17:50:40Z,HEART_RATE_ZONE_TYPE_UNSPECIFIED,1.13662,Fitbit App
2026-05-02T17:51:40Z,HEART_RATE_ZONE_TYPE_UNSPECIFIED,1.13662,Fitbit App
2026-05-02T17:52:40Z,HEART_RATE_ZONE_TYPE_UNSPECIFIED,1.13662,Fitbit App
2026-05-02T17:53:40Z,HEART_RATE_ZONE_TYPE_UNSPECIFIED,1.13662,Fitbit App
2026-05-02T17:54:40Z,HEART_RATE_ZONE_TYPE_UNSPECIFIED,1.13662,Fitbit App
2026-05-02T17:55:40Z,HEART_RATE_ZONE_TYPE_UNSPECIFIED,1.13662,Fitbit App
2026-05-02T17:56:40Z,HEART_RATE_ZONE_TYPE_UNSPECIFIED,1.13662,Fitbit App
2026-05-02T17:57:40Z,HEART_RATE_ZONE_TYPE_UNSPECIFIED,1.13662,Fitbit App
2026-05-02T17:58:40Z,HEART_RATE_ZONE_TYPE_UNSPECIFIED,1.13662,Fitbit App
2026-05-02T17:59:40Z,HEART_RATE_ZONE_TYPE_UNSPECIFIED,1.13662,Fitbit App
2026-05-02T18:00:40Z,HEART_RATE_ZONE_TYPE_UNSPECIFIED,1.13662,Fitbit App
2026-05-02T18:01:40Z,HEART_RATE_ZONE_TYPE_UNSPECIFIED,1.13662,Fitbit App
2026-05-02T18:02:40Z,HEART_RATE_ZONE_TYPE_UNSPECIFIED,1.13662,Fitbit App
2026-05-02T18:03:40Z,HEART_RATE_ZONE_TYPE_UNSPECIFIED,1.13662,Fitbit App
2026-05-02T18:04:40Z,HEART_RATE_ZONE_TYPE_UNSPECIFIED,1.13662,Fitbit App
2026-05-02T18:05:40Z,HEART_RATE_ZONE_TYPE_UNSPECIFIED,1.13662,Fitbit App
2026-05-02T18:06:40Z,HEART_RATE_ZONE_TYPE_UNSPECIFIED,1.13662,Fitbit App
2026-05-02T18:07:40Z,HEART_RATE_ZONE_TYPE_UNSPECIFIED,1.13662,Fitbit App
2026-05-02T18:08:40Z,HEART_RATE_ZONE_TYPE_UNSPECIFIED,1.13662,Fitbit App
2026-05-02T18:09:40Z,HEART_RATE_ZONE_TYPE_UNSPECIFIED,1.13662,Fitbit App
2026-05-02T18:10:40Z,HEART_RATE_ZONE_TYPE_UNSPECIFIED,1.13662,Fitbit App
2026-05-02T18:11:40Z,HEART_RATE_ZONE_TYPE_UNSPECIFIED,1.13662,Fitbit App
2026-05-02T18:12:40Z,HEART_RATE_ZONE_TYPE_UNSPECIFIED,1.13662,Fitbit App
2026-05-02T18:13:40Z,HEART_RATE_ZONE_TYPE_UNSPECIFIED,1.13662,Fitbit App
2026-05-02T18:14:40Z,HEART_RATE_ZONE_TYPE_UNSPECIFIED,1.13662,Fitbit App
2026-05-02T18:15:40Z,HEART_RATE_ZONE_TYPE_UNSPECIFIED,1.13662,Fitbit App
2026-05-02T18:16:40Z,HEART_RATE_ZONE_TYPE_UNSPECIFIED,1.13662,Fitbit App
2026-05-02T18:17:40Z,HEART_RATE_ZONE_TYPE_UNSPECIFIED,1.13662,Fitbit App
2026-05-02T18:18:40Z,HEART_RATE_ZONE_TYPE_UNSPECIFIED,1.13662,Fitbit App
2026-05-02T18:19:40Z,HEART_RATE_ZONE_TYPE_UNSPECIFIED,1.13662,Fitbit App
2026-05-02T18:20:40Z,HEART_RATE_ZONE_TYPE_UNSPECIFIED,1.13662,Fitbit App
2026-05-02T18:21:40Z,HEART_RATE_ZONE_TYPE_UNSPECIFIED,1.13662,Fitbit App
2026-05-02T18:22:40Z,HEART_RATE_ZONE_TYPE_UNSPECIFIED,1.13662,Fitbit App
2026-05-02T18:23:40Z,HEART_RATE_ZONE_TYPE_UNSPECIFIED,1.13662,Fitbit App
2026-05-02T18:24:40Z,HEART_RATE_ZONE_TYPE_UNSPECIFIED,1.13662,Fitbit App
2026-05-02T18:25:40Z,HEART_RATE_ZONE_TYPE_UNSPECIFIED,1.13662,Fitbit App
2026-05-02T18:26:40Z,HEART_RATE_ZONE_TYPE_UNSPECIFIED,1.13662,Fitbit App
2026-05-02T18:27:40Z,HEART_RATE_ZONE_TYPE_UNSPECIFIED,1.13662,Fitbit App
2026-05-02T18:28:40Z,HEART_RATE_ZONE_TYPE_UNSPECIFIED,1.13662,Fitbit App
2026-05-02T18:29:40Z,HEART_RATE_ZONE_TYPE_UNSPECIFIED,1.13662,Fitbit App
2026-05-02T18:30:40Z,HEART_RATE_ZONE_TYPE_UNSPECIFIED,1.13662,Fitbit App
2026-05-02T18:31:40Z,HEART_RATE_ZONE_TYPE_UNSPECIFIED,1.13662,Fitbit App
2026-05-02T18:32:40Z,HEART_RATE_ZONE_TYPE_UNSPECIFIED,1.13662,Fitbit App
2026-05-02T18:33:40Z,HEART_RATE_ZONE_TYPE_UNSPECIFIED,1.13662,Fitbit App
2026-05-02T18:34:40Z,HEART_RATE_ZONE_TYPE_UNSPECIFIED,1.13662,Fitbit App
2026-05-02T18:35:40Z,HEART_RATE_ZONE_TYPE_UNSPECIFIED,1.13662,Fitbit App
2026-05-02T18:36:40Z,HEART_RATE_ZONE_TYPE_UNSPECIFIED,1.13662,Fitbit App
2026-05-02T18:37:40Z,HEART_RATE_ZONE_TYPE_UNSPECIFIED,1.13662,Fitbit App
2026-05-02T18:38:40Z,HEART_RATE_ZONE_TYPE_UNSPECIFIED,1.13662,Fitbit App
2026-05-02T18:39:40Z,HEART_RATE_ZONE_TYPE_UNSPECIFIED,1.13662,Fitbit App
2026-05-02T18:40:40Z,HEART_RATE_ZONE_TYPE_UNSPECIFIED,1.13662,Fitbit App
2026-05-02T18:41:40Z,HEART_RATE_ZONE_TYPE_UNSPECIFIED,1.13662,Fitbit App
2026-05-02T18:42:40Z,HEART_RATE_ZONE_TYPE_UNSPECIFIED,1.13662,Fitbit App
2026-05-02T18:43:40Z,HEART_RATE_ZONE_TYPE_UNSPECIFIED,1.13662,Fitbit App
2026-05-02T18:44:40Z,HEART_RATE_ZONE_TYPE_UNSPECIFIED,1.13662,Fitbit App
2026-05-02T18:45:40Z,HEART_RATE_ZONE_TYPE_UNSPECIFIED,1.13662,Fitbit App
2026-05-02T18:46:40Z,HEART_RATE_ZONE_TYPE_UNSPECIFIED,1.13662,Fitbit App
2026-05-02T18:47:40Z,HEART_RATE_ZONE_TYPE_UNSPECIFIED,1.13662,Fitbit App
2026-05-02T18:48:40Z,HEART_RATE_ZONE_TYPE_UNSPECIFIED,1.13662,Fitbit App
2026-05-02T18:49:40Z,HEART_RATE_ZONE_TYPE_UNSPECIFIED,1.13662,Fitbit App
2026-05-02T18:50:40Z,HEART_RATE_ZONE_TYPE_UNSPECIFIED,1.13662,Fitbit App
2026-05-02T18:51:40Z,HEART_RATE_ZONE_TYPE_UNSPECIFIED,1.13662,Fitbit App
2026-05-02T18:52:40Z,HEART_RATE_ZONE_TYPE_UNSPECIFIED,1.13662,Fitbit App
2026-05-02T18:53:40Z,HEART_RATE_ZONE_TYPE_UNSPECIFIED,1.13662,Fitbit App
2026-05-02T18:54:40Z,HEART_RATE_ZONE_TYPE_UNSPECIFIED,1.13662,Fitbit App
2026-05-02T18:55:40Z,HEART_RATE_ZONE_TYPE_UNSPECIFIED,1.13662,Fitbit App
2026-05-02T18:56:40Z,HEART_RATE_ZONE_TYPE_UNSPECIFIED,1.13662,Fitbit App
2026-05-02T18:57:40Z,HEART_RATE_ZONE_TYPE_UNSPECIFIED,1.13662,Fitbit App
2026-05-02T18:58:40Z,HEART_RATE_ZONE_TYPE_UNSPECIFIED,1.13662,Fitbit App
2026-05-02T18:59:40Z,HEART_RATE_ZONE_TYPE_UNSPECIFIED,1.13662,Fitbit App
2026-05-02T19:00:40Z,HEART_RATE_ZONE_TYPE_UNSPECIFIED,1.13662,Fitbit App
2026-05-02T19:01:40Z,HEART_RATE_ZONE_TYPE_UNSPECIFIED,1.13662,Fitbit App
2026-05-02T19:02:40Z,HEART_RATE_ZONE_TYPE_UNSPECIFIED,1.13662,Fitbit App
2026-05-02T19:03:40Z,HEART_RATE_ZONE_TYPE_UNSPECIFIED,1.13662,Fitbit App
2026-05-02T19:04:40Z,HEART_RATE_ZONE_TYPE_UNSPECIFIED,1.13662,Fitbit App
2026-05-02T19:05:40Z,HEART_RATE_ZONE_TYPE_UNSPECIFIED,1.13662,Fitbit App
2026-05-02T19:06:40Z,HEART_RATE_ZONE_TYPE_UNSPECIFIED,1.13662,Fitbit App
2026-05-02T19:07:40Z,HEART_RATE_ZONE_TYPE_UNSPECIFIED,1.13662,Fitbit App
2026-05-02T19:08:40Z,HEART_RATE_ZONE_TYPE_UNSPECIFIED,1.13662,Fitbit App
2026-05-02T19:09:40Z,HEART_RATE_ZONE_TYPE_UNSPECIFIED,1.13662,Fitbit App
2026-05-02T19:10:40Z,HEART_RATE_ZONE_TYPE_UNSPECIFIED,1.13662,Fitbit App
2026-05-02T19:11:40Z,HEART_RATE_ZONE_TYPE_UNSPECIFIED,1.13662,Fitbit App
2026-05-02T19:12:40Z,HEART_RATE_ZONE_TYPE_UNSPECIFIED,1.13662,Fitbit App
2026-05-02T19:13:40Z,HEART_RATE_ZONE_TYPE_UNSPECIFIED,1.13662,Fitbit App
2026-05-02T19:14:40Z,HEART_RATE_ZONE_TYPE_UNSPECIFIED,1.13662,Fitbit App
2026-05-02T19:15:40Z,HEART_RATE_ZONE_TYPE_UNSPECIFIED,1.13662,Fitbit App
2026-05-02T19:16:40Z,HEART_RATE_ZONE_TYPE_UNSPECIFIED,1.13662,Fitbit App
2026-05-02T19:17:40Z,HEART_RATE_ZONE_TYPE_UNSPECIFIED,1.13662,Fitbit App
2026-05-02T19:18:40Z,HEART_RATE_ZONE_TYPE_UNSPECIFIED,1.13662,Fitbit App
2026-05-02T19:19:40Z,HEART_RATE_ZONE_TYPE_UNSPECIFIED,1.13662,Fitbit App
2026-05-02T19:20:40Z,HEART_RATE_ZONE_TYPE_UNSPECIFIED,1.13662,Fitbit App
2026-05-02T19:21:40Z,HEART_RATE_ZONE_TYPE_UNSPECIFIED,1.13662,Fitbit App
2026-05-02T19:22:40Z,HEART_RATE_ZONE_TYPE_UNSPECIFIED,1.13662,Fitbit App
2026-05-02T19:23:40Z,HEART_RATE_ZONE_TYPE_UNSPECIFIED,1.13662,Fitbit App
2026-05-02T19:24:40Z,HEART_RATE_ZONE_TYPE_UNSPECIFIED,1.13662,Fitbit App
2026-05-02T19:25:40Z,HEART_RATE_ZONE_TYPE_UNSPECIFIED,1.13662,Fitbit App
2026-05-02T19:26:40Z,HEART_RATE_ZONE_TYPE_UNSPECIFIED,1.13662,Fitbit App
2026-05-02T19:27:40Z,HEART_RATE_ZONE_TYPE_UNSPECIFIED,1.13662,Fitbit App
2026-05-02T19:28:40Z,HEART_RATE_ZONE_TYPE_UNSPECIFIED,1.13662,Fitbit App
2026-05-02T19:29:40Z,HEART_RATE_ZONE_TYPE_UNSPECIFIED,1.13662,Fitbit App
2026-05-02T19:30:40Z,HEART_RATE_ZONE_TYPE_UNSPECIFIED,1.13662,Fitbit App
2026-05-02T19:31:40Z,HEART_RATE_ZONE_TYPE_UNSPECIFIED,1.13662,Fitbit App
2026-05-02T19:32:40Z,HEART_RATE_ZONE_TYPE_UNSPECIFIED,1.13662,Fitbit App
2026-05-02T19:33:40Z,HEART_RATE_ZONE_TYPE_UNSPECIFIED,1.13662,Fitbit App
2026-05-02T19:34:40Z,HEART_RATE_ZONE_TYPE_UNSPECIFIED,1.13662,Fitbit App
2026-05-02T19:35:40Z,HEART_RATE_ZONE_TYPE_UNSPECIFIED,1.13662,Fitbit App
2026-05-02T19:36:40Z,HEART_RATE_ZONE_TYPE_UNSPECIFIED,1.13662,Fitbit App
2026-05-02T19:37:40Z,HEART_RATE_ZONE_TYPE_UNSPECIFIED,1.13662,Fitbit App
2026-05-02T19:38:40Z,HEART_RATE_ZONE_TYPE_UNSPECIFIED,1.13662,Fitbit App
2026-05-02T19:39:40Z,HEART_RATE_ZONE_TYPE_UNSPECIFIED,1.13662,Fitbit App
2026-05-02T19:40:40Z,HEART_RATE_ZONE_TYPE_UNSPECIFIED,1.13662,Fitbit App
2026-05-02T19:41:40Z,HEART_RATE_ZONE_TYPE_UNSPECIFIED,1.13662,Fitbit App
2026-05-02T19:42:40Z,HEART_RATE_ZONE_TYPE_UNSPECIFIED,1.13662,Fitbit App
2026-05-02T19:43:40Z,HEART_RATE_ZONE_TYPE_UNSPECIFIED,1.13662,Fitbit App
2026-05-02T19:44:40Z,HEART_RATE_ZONE_TYPE_UNSPECIFIED,1.13662,Fitbit App
2026-05-02T19:45:40Z,HEART_RATE_ZONE_TYPE_UNSPECIFIED,1.13662,Fitbit App
2026-05-02T19:46:40Z,HEART_RATE_ZONE_TYPE_UNSPECIFIED,1.13662,Fitbit App
2026-05-02T19:47:40Z,HEART_RATE_ZONE_TYPE_UNSPECIFIED,1.13662,Fitbit App
2026-05-02T19:48:40Z,HEART_RATE_ZONE_TYPE_UNSPECIFIED,1.13662,Fitbit App
2026-05-02T19:49:40Z,HEART_RATE_ZONE_TYPE_UNSPECIFIED,1.13662,Fitbit App
2026-05-02T19:50:40Z,HEART_RATE_ZONE_TYPE_UNSPECIFIED,1.13662,Fitbit App
2026-05-02T19:51:40Z,HEART_RATE_ZONE_TYPE_UNSPECIFIED,1.13662,Fitbit App
2026-05-02T19:52:40Z,HEART_RATE_ZONE_TYPE_UNSPECIFIED,1.13662,Fitbit App
2026-05-02T19:53:40Z,HEART_RATE_ZONE_TYPE_UNSPECIFIED,1.13663,Fitbit App
2026-05-02T19:54:40Z,HEART_RATE_ZONE_TYPE_UNSPECIFIED,1.13663,Fitbit App
2026-05-02T19:55:40Z,HEART_RATE_ZONE_TYPE_UNSPECIFIED,1.13663,Fitbit App
2026-05-02T19:56:40Z,HEART_RATE_ZONE_TYPE_UNSPECIFIED,1.13663,Fitbit App
2026-05-02T19:57:40Z,HEART_RATE_ZONE_TYPE_UNSPECIFIED,1.13663,Fitbit App
2026-05-02T19:58:40Z,HEART_RATE_ZONE_TYPE_UNSPECIFIED,1.13663,Fitbit App
2026-05-02T19:59:40Z,HEART_RATE_ZONE_TYPE_UNSPECIFIED,1.13663,Fitbit App
2026-05-02T20:00:40Z,HEART_RATE_ZONE_TYPE_UNSPECIFIED,1.13663,Fitbit App
2026-05-02T20:01:40Z,HEART_RATE_ZONE_TYPE_UNSPECIFIED,1.13663,Fitbit App
2026-05-02T20:02:40Z,HEART_RATE_ZONE_TYPE_UNSPECIFIED,1.13663,Fitbit App
2026-05-02T20:03:40Z,HEART_RATE_ZONE_TYPE_UNSPECIFIED,1.13663,Fitbit App
2026-05-02T20:04:40Z,HEART_RATE_ZONE_TYPE_UNSPECIFIED,1.13663,Fitbit App
2026-05-02T20:05:40Z,HEART_RATE_ZONE_TYPE_UNSPECIFIED,1.13663,Fitbit App
2026-05-02T20:06:40Z,HEART_RATE_ZONE_TYPE_UNSPECIFIED,1.13663,Fitbit App
2026-05-02T20:07:40Z,HEART_RATE_ZONE_TYPE_UNSPECIFIED,1.13663,Fitbit App
2026-05-02T20:08:40Z,HEART_RATE_ZONE_TYPE_UNSPECIFIED,1.13663,Fitbit App
2026-05-02T20:09:40Z,HEART_RATE_ZONE_TYPE_UNSPECIFIED,1.13663,Fitbit App
2026-05-02T20:10:40Z,HEART_RATE_ZONE_TYPE_UNSPECIFIED,1.13663,Fitbit App
2026-05-02T20:11:40Z,HEART_RATE_ZONE_TYPE_UNSPECIFIED,1.13663,Fitbit App
2026-05-02T20:12:40Z,HEART_RATE_ZONE_TYPE_UNSPECIFIED,1.13663,Fitbit App
2026-05-02T20:13:40Z,HEART_RATE_ZONE_TYPE_UNSPECIFIED,1.13663,Fitbit App
2026-05-02T20:14:40Z,HEART_RATE_ZONE_TYPE_UNSPECIFIED,1.13663,Fitbit App
2026-05-02T20:15:40Z,HEART_RATE_ZONE_TYPE_UNSPECIFIED,1.13663,Fitbit App
2026-05-02T20:16:40Z,HEART_RATE_ZONE_TYPE_UNSPECIFIED,1.13663,Fitbit App
2026-05-02T20:17:40Z,HEART_RATE_ZONE_TYPE_UNSPECIFIED,1.13663,Fitbit App
2026-05-02T20:18:40Z,HEART_RATE_ZONE_TYPE_UNSPECIFIED,1.13663,Fitbit App
2026-05-02T20:19:40Z,HEART_RATE_ZONE_TYPE_UNSPECIFIED,1.13663,Fitbit App
2026-05-02T20:20:40Z,HEART_RATE_ZONE_TYPE_UNSPECIFIED,1.13663,Fitbit App
2026-05-02T20:21:40Z,HEART_RATE_ZONE_TYPE_UNSPECIFIED,1.13663,Fitbit App
2026-05-02T20:22:40Z,HEART_RATE_ZONE_TYPE_UNSPECIFIED,1.13663,Fitbit App
2026-05-02T20:23:40Z,HEART_RATE_ZONE_TYPE_UNSPECIFIED,1.13663,Fitbit App
2026-05-02T20:24:40Z,HEART_RATE_ZONE_TYPE_UNSPECIFIED,1.13663,Fitbit App
2026-05-02T20:25:40Z,HEART_RATE_ZONE_TYPE_UNSPECIFIED,1.13663,Fitbit App
2026-05-02T20:26:40Z,HEART_RATE_ZONE_TYPE_UNSPECIFIED,1.13663,Fitbit App
2026-05-02T20:27:40Z,HEART_RATE_ZONE_TYPE_UNSPECIFIED,1.13663,Fitbit App
2026-05-02T20:28:40Z,HEART_RATE_ZONE_TYPE_UNSPECIFIED,1.13663,Fitbit App
2026-05-02T20:29:40Z,HEART_RATE_ZONE_TYPE_UNSPECIFIED,1.13663,Fitbit App
2026-05-02T20:30:40Z,HEART_RATE_ZONE_TYPE_UNSPECIFIED,1.13663,Fitbit App
2026-05-02T20:31:40Z,HEART_RATE_ZONE_TYPE_UNSPECIFIED,1.13663,Fitbit App
2026-05-02T20:32:40Z,HEART_RATE_ZONE_TYPE_UNSPECIFIED,1.13663,Fitbit App
2026-05-02T20:33:40Z,HEART_RATE_ZONE_TYPE_UNSPECIFIED,1.13663,Fitbit App
2026-05-02T20:34:40Z,HEART_RATE_ZONE_TYPE_UNSPECIFIED,1.13663,Fitbit App
2026-05-02T20:35:40Z,HEART_RATE_ZONE_TYPE_UNSPECIFIED,1.13663,Fitbit App
2026-05-02T20:36:40Z,HEART_RATE_ZONE_TYPE_UNSPECIFIED,1.13663,Fitbit App
2026-05-02T20:37:40Z,HEART_RATE_ZONE_TYPE_UNSPECIFIED,1.13663,Fitbit App
2026-05-02T20:38:40Z,HEART_RATE_ZONE_TYPE_UNSPECIFIED,1.13663,Fitbit App
2026-05-02T20:39:40Z,HEART_RATE_ZONE_TYPE_UNSPECIFIED,1.13663,Fitbit App
2026-05-02T20:40:40Z,HEART_RATE_ZONE_TYPE_UNSPECIFIED,1.13663,Fitbit App
2026-05-02T20:41:40Z,HEART_RATE_ZONE_TYPE_UNSPECIFIED,1.13663,Fitbit App
2026-05-02T20:42:40Z,HEART_RATE_ZONE_TYPE_UNSPECIFIED,1.13663,Fitbit App
2026-05-02T20:43:40Z,HEART_RATE_ZONE_TYPE_UNSPECIFIED,1.13663,Fitbit App
2026-05-02T20:44:40Z,HEART_RATE_ZONE_TYPE_UNSPECIFIED,1.13663,Fitbit App
2026-05-02T20:45:40Z,HEART_RATE_ZONE_TYPE_UNSPECIFIED,1.13663,Fitbit App
2026-05-02T20:46:40Z,HEART_RATE_ZONE_TYPE_UNSPECIFIED,1.13663,Fitbit App
2026-05-02T20:47:40Z,HEART_RATE_ZONE_TYPE_UNSPECIFIED,1.13663,Fitbit App
2026-05-02T20:48:40Z,HEART_RATE_ZONE_TYPE_UNSPECIFIED,1.13663,Fitbit App
2026-05-02T20:49:40Z,HEART_RATE_ZONE_TYPE_UNSPECIFIED,1.13663,Fitbit App
2026-05-02T20:50:40Z,HEART_RATE_ZONE_TYPE_UNSPECIFIED,1.13663,Fitbit App
2026-05-02T20:51:40Z,HEART_RATE_ZONE_TYPE_UNSPECIFIED,1.13663,Fitbit App
2026-05-02T20:52:40Z,HEART_RATE_ZONE_TYPE_UNSPECIFIED,1.13663,Fitbit App
2026-05-02T20:53:40Z,HEART_RATE_ZONE_TYPE_UNSPECIFIED,1.13663,Fitbit App
2026-05-02T20:54:40Z,HEART_RATE_ZONE_TYPE_UNSPECIFIED,1.13663,Fitbit App
2026-05-02T20:55:40Z,HEART_RATE_ZONE_TYPE_UNSPECIFIED,1.13663,Fitbit App
2026-05-02T20:56:40Z,HEART_RATE_ZONE_TYPE_UNSPECIFIED,1.13663,Fitbit App
2026-05-02T20:57:40Z,HEART_RATE_ZONE_TYPE_UNSPECIFIED,1.13663,Fitbit App
2026-05-02T20:58:40Z,HEART_RATE_ZONE_TYPE_UNSPECIFIED,1.13663,Fitbit App
2026-05-02T20:59:40Z,HEART_RATE_ZONE_TYPE_UNSPECIFIED,1.13663,Fitbit App
2026-05-02T21:00:40Z,HEART_RATE_ZONE_TYPE_UNSPECIFIED,1.13663,Fitbit App
2026-05-02T21:01:40Z,HEART_RATE_ZONE_TYPE_UNSPECIFIED,1.13663,Fitbit App
2026-05-02T21:02:40Z,HEART_RATE_ZONE_TYPE_UNSPECIFIED,1.13663,Fitbit App
2026-05-02T21:03:40Z,HEART_RATE_ZONE_TYPE_UNSPECIFIED,1.13663,Fitbit App
2026-05-02T21:04:40Z,HEART_RATE_ZONE_TYPE_UNSPECIFIED,1.13663,Fitbit App
2026-05-02T21:05:40Z,HEART_RATE_ZONE_TYPE_UNSPECIFIED,1.13663,Fitbit App
2026-05-02T21:06:40Z,HEART_RATE_ZONE_TYPE_UNSPECIFIED,1.13663,Fitbit App
2026-05-02T21:07:40Z,HEART_RATE_ZONE_TYPE_UNSPECIFIED,1.13663,Fitbit App
2026-05-02T21:08:40Z,HEART_RATE_ZONE_TYPE_UNSPECIFIED,1.13663,Fitbit App
2026-05-02T21:09:40Z,HEART_RATE_ZONE_TYPE_UNSPECIFIED,1.13663,Fitbit App
2026-05-02T21:10:40Z,HEART_RATE_ZONE_TYPE_UNSPECIFIED,1.13663,Fitbit App
2026-05-02T21:11:40Z,HEART_RATE_ZONE_TYPE_UNSPECIFIED,1.13663,Fitbit App
2026-05-02T21:12:40Z,HEART_RATE_ZONE_TYPE_UNSPECIFIED,1.13663,Fitbit App
2026-05-02T21:13:40Z,HEART_RATE_ZONE_TYPE_UNSPECIFIED,1.13663,Fitbit App
2026-05-02T21:14:40Z,HEART_RATE_ZONE_TYPE_UNSPECIFIED,1.13663,Fitbit App
2026-05-02T21:15:40Z,HEART_RATE_ZONE_TYPE_UNSPECIFIED,1.13663,Fitbit App
2026-05-02T21:16:40Z,HEART_RATE_ZONE_TYPE_UNSPECIFIED,1.13663,Fitbit App
2026-05-02T21:17:40Z,HEART_RATE_ZONE_TYPE_UNSPECIFIED,1.13663,Fitbit App
2026-05-02T21:18:40Z,HEART_RATE_ZONE_TYPE_UNSPECIFIED,1.13663,Fitbit App
2026-05-02T21:19:40Z,HEART_RATE_ZONE_TYPE_UNSPECIFIED,1.13663,Fitbit App
2026-05-02T21:20:40Z,HEART_RATE_ZONE_TYPE_UNSPECIFIED,1.13663,Fitbit App
2026-05-02T21:21:40Z,HEART_RATE_ZONE_TYPE_UNSPECIFIED,1.13663,Fitbit App
2026-05-02T21:22:40Z,HEART_RATE_ZONE_TYPE_UNSPECIFIED,1.13663,Fitbit App
2026-05-02T21:23:40Z,HEART_RATE_ZONE_TYPE_UNSPECIFIED,1.13663,Fitbit App
2026-05-02T21:24:40Z,HEART_RATE_ZONE_TYPE_UNSPECIFIED,1.13663,Fitbit App
2026-05-02T21:25:40Z,HEART_RATE_ZONE_TYPE_UNSPECIFIED,1.13663,Fitbit App
2026-05-02T21:26:40Z,HEART_RATE_ZONE_TYPE_UNSPECIFIED,1.13663,Fitbit App
2026-05-02T21:27:40Z,HEART_RATE_ZONE_TYPE_UNSPECIFIED,1.13663,Fitbit App
2026-05-02T21:28:40Z,HEART_RATE_ZONE_TYPE_UNSPECIFIED,1.13663,Fitbit App
2026-05-02T21:29:40Z,HEART_RATE_ZONE_TYPE_UNSPECIFIED,1.13663,Fitbit App
2026-05-02T21:30:40Z,HEART_RATE_ZONE_TYPE_UNSPECIFIED,1.13663,Fitbit App
2026-05-02T21:31:40Z,HEART_RATE_ZONE_TYPE_UNSPECIFIED,1.13663,Fitbit App
2026-05-02T21:32:40Z,HEART_RATE_ZONE_TYPE_UNSPECIFIED,1.13663,Fitbit App
2026-05-02T21:33:40Z,HEART_RATE_ZONE_TYPE_UNSPECIFIED,1.13663,Fitbit App
2026-05-02T21:34:40Z,HEART_RATE_ZONE_TYPE_UNSPECIFIED,1.13663,Fitbit App
2026-05-02T21:35:40Z,HEART_RATE_ZONE_TYPE_UNSPECIFIED,1.13663,Fitbit App
2026-05-02T21:36:40Z,HEART_RATE_ZONE_TYPE_UNSPECIFIED,1.13663,Fitbit App
2026-05-02T21:37:40Z,HEART_RATE_ZONE_TYPE_UNSPECIFIED,1.13663,Fitbit App
2026-05-02T21:38:40Z,HEART_RATE_ZONE_TYPE_UNSPECIFIED,1.13663,Fitbit App
2026-05-02T21:39:40Z,HEART_RATE_ZONE_TYPE_UNSPECIFIED,1.13663,Fitbit App
2026-05-02T21:40:40Z,HEART_RATE_ZONE_TYPE_UNSPECIFIED,1.13663,Fitbit App
2026-05-02T21:41:40Z,HEART_RATE_ZONE_TYPE_UNSPECIFIED,1.13663,Fitbit App
2026-05-02T21:42:40Z,HEART_RATE_ZONE_TYPE_UNSPECIFIED,1.13663,Fitbit App
2026-05-02T21:43:40Z,HEART_RATE_ZONE_TYPE_UNSPECIFIED,1.13663,Fitbit App
2026-05-02T21:44:40Z,HEART_RATE_ZONE_TYPE_UNSPECIFIED,1.13663,Fitbit App
2026-05-02T21:45:40Z,HEART_RATE_ZONE_TYPE_UNSPECIFIED,1.13663,Fitbit App
2026-05-02T21:46:40Z,HEART_RATE_ZONE_TYPE_UNSPECIFIED,1.13663,Fitbit App
2026-05-02T21:47:40Z,HEART_RATE_ZONE_TYPE_UNSPECIFIED,1.13663,Fitbit App
2026-05-02T21:48:40Z,HEART_RATE_ZONE_TYPE_UNSPECIFIED,1.13663,Fitbit App
2026-05-02T21:49:40Z,HEART_RATE_ZONE_TYPE_UNSPECIFIED,1.13663,Fitbit App
2026-05-02T21:50:40Z,HEART_RATE_ZONE_TYPE_UNSPECIFIED,1.13663,Fitbit App
2026-05-02T21:51:40Z,HEART_RATE_ZONE_TYPE_UNSPECIFIED,1.13663,Fitbit App
2026-05-02T21:52:40Z,HEART_RATE_ZONE_TYPE_UNSPECIFIED,1.13663,Fitbit App
2026-05-02T21:53:40Z,HEART_RATE_ZONE_TYPE_UNSPECIFIED,1.13663,Fitbit App
2026-05-02T21:54:40Z,HEART_RATE_ZONE_TYPE_UNSPECIFIED,1.13663,Fitbit App
2026-05-02T21:55:40Z,HEART_RATE_ZONE_TYPE_UNSPECIFIED,1.13663,Fitbit App
2026-05-02T21:56:40Z,HEART_RATE_ZONE_TYPE_UNSPECIFIED,1.13663,Fitbit App
2026-05-02T21:57:40Z,HEART_RATE_ZONE_TYPE_UNSPECIFIED,1.13663,Fitbit App
2026-05-02T21:58:40Z,HEART_RATE_ZONE_TYPE_UNSPECIFIED,1.13663,Fitbit App
2026-05-02T21:59:40Z,HEART_RATE_ZONE_TYPE_UNSPECIFIED,1.13663,Fitbit App
2026-05-02T22:00:40Z,HEART_RATE_ZONE_TYPE_UNSPECIFIED,1.13663,Fitbit App
2026-05-02T22:01:40Z,HEART_RATE_ZONE_TYPE_UNSPECIFIED,1.13663,Fitbit App
2026-05-02T22:02:40Z,HEART_RATE_ZONE_TYPE_UNSPECIFIED,1.13663,Fitbit App
2026-05-02T22:03:40Z,HEART_RATE_ZONE_TYPE_UNSPECIFIED,1.13663,Fitbit App
2026-05-02T22:04:40Z,HEART_RATE_ZONE_TYPE_UNSPECIFIED,1.13663,Fitbit App
2026-05-02T22:05:40Z,HEART_RATE_ZONE_TYPE_UNSPECIFIED,1.13663,Fitbit App
2026-05-02T22:06:40Z,HEART_RATE_ZONE_TYPE_UNSPECIFIED,1.13663,Fitbit App
2026-05-02T22:07:40Z,HEART_RATE_ZONE_TYPE_UNSPECIFIED,1.13663,Fitbit App
2026-05-02T22:08:40Z,HEART_RATE_ZONE_TYPE_UNSPECIFIED,1.13663,Fitbit App
2026-05-02T22:09:40Z,HEART_RATE_ZONE_TYPE_UNSPECIFIED,1.13663,Fitbit App
2026-05-02T22:10:40Z,HEART_RATE_ZONE_TYPE_UNSPECIFIED,1.13663,Fitbit App
2026-05-02T22:11:40Z,HEART_RATE_ZONE_TYPE_UNSPECIFIED,1.13663,Fitbit App
2026-05-02T22:12:40Z,HEART_RATE_ZONE_TYPE_UNSPECIFIED,1.13663,Fitbit App
2026-05-02T22:13:40Z,HEART_RATE_ZONE_TYPE_UNSPECIFIED,1.13663,Fitbit App
2026-05-02T22:14:40Z,HEART_RATE_ZONE_TYPE_UNSPECIFIED,1.13663,Fitbit App
2026-05-02T22:15:40Z,HEART_RATE_ZONE_TYPE_UNSPECIFIED,1.13663,Fitbit App
2026-05-02T22:16:40Z,HEART_RATE_ZONE_TYPE_UNSPECIFIED,1.13663,Fitbit App
2026-05-02T22:17:40Z,HEART_RATE_ZONE_TYPE_UNSPECIFIED,1.13663,Fitbit App
2026-05-02T22:18:40Z,HEART_RATE_ZONE_TYPE_UNSPECIFIED,1.13663,Fitbit App
2026-05-02T22:19:40Z,HEART_RATE_ZONE_TYPE_UNSPECIFIED,1.13663,Fitbit App
2026-05-02T22:20:40Z,HEART_RATE_ZONE_TYPE_UNSPECIFIED,1.13663,Fitbit App
2026-05-02T22:21:40Z,HEART_RATE_ZONE_TYPE_UNSPECIFIED,1.13663,Fitbit App
2026-05-02T22:22:40Z,HEART_RATE_ZONE_TYPE_UNSPECIFIED,1.13663,Fitbit App
2026-05-02T22:23:40Z,HEART_RATE_ZONE_TYPE_UNSPECIFIED,1.13663,Fitbit App
2026-05-02T22:24:40Z,HEART_RATE_ZONE_TYPE_UNSPECIFIED,1.13663,Fitbit App
2026-05-02T22:25:40Z,HEART_RATE_ZONE_TYPE_UNSPECIFIED,1.13663,Fitbit App
2026-05-02T22:26:40Z,HEART_RATE_ZONE_TYPE_UNSPECIFIED,1.13663,Fitbit App
2026-05-02T22:27:40Z,HEART_RATE_ZONE_TYPE_UNSPECIFIED,1.13663,Fitbit App
2026-05-02T22:28:40Z,HEART_RATE_ZONE_TYPE_UNSPECIFIED,1.13663,Fitbit App
2026-05-02T22:29:40Z,HEART_RATE_ZONE_TYPE_UNSPECIFIED,1.13663,Fitbit App
2026-05-02T22:30:40Z,HEART_RATE_ZONE_TYPE_UNSPECIFIED,1.13663,Fitbit App
2026-05-02T22:31:40Z,HEART_RATE_ZONE_TYPE_UNSPECIFIED,1.13663,Fitbit App
2026-05-02T22:32:40Z,HEART_RATE_ZONE_TYPE_UNSPECIFIED,1.13663,Fitbit App
2026-05-02T22:33:40Z,HEART_RATE_ZONE_TYPE_UNSPECIFIED,1.13663,Fitbit App
2026-05-02T22:34:40Z,HEART_RATE_ZONE_TYPE_UNSPECIFIED,1.13663,Fitbit App
2026-05-02T22:35:40Z,HEART_RATE_ZONE_TYPE_UNSPECIFIED,1.13663,Fitbit App
2026-05-02T22:36:40Z,HEART_RATE_ZONE_TYPE_UNSPECIFIED,1.13663,Fitbit App
2026-05-02T22:37:40Z,HEART_RATE_ZONE_TYPE_UNSPECIFIED,1.13663,Fitbit App
2026-05-02T22:38:40Z,HEART_RATE_ZONE_TYPE_UNSPECIFIED,1.13663,Fitbit App
2026-05-02T22:39:40Z,HEART_RATE_ZONE_TYPE_UNSPECIFIED,1.13663,Fitbit App
2026-05-02T22:40:40Z,HEART_RATE_ZONE_TYPE_UNSPECIFIED,1.13663,Fitbit App
2026-05-02T22:41:40Z,HEART_RATE_ZONE_TYPE_UNSPECIFIED,1.13663,Fitbit App
2026-05-02T22:42:40Z,HEART_RATE_ZONE_TYPE_UNSPECIFIED,2.727912,Fitbit App
2026-05-02T22:43:40Z,HEART_RATE_ZONE_TYPE_UNSPECIFIED,3.6372160000000004,Fitbit App
2026-05-02T22:44:40Z,HEART_RATE_ZONE_TYPE_UNSPECIFIED,2.727912,Fitbit App
2026-05-02T22:45:40Z,HEART_RATE_ZONE_TYPE_UNSPECIFIED,1.13663,Fitbit App
2026-05-02T22:46:40Z,HEART_RATE_ZONE_TYPE_UNSPECIFIED,1.13663,Fitbit App
2026-05-02T22:47:40Z,HEART_RATE_ZONE_TYPE_UNSPECIFIED,1.13663,Fitbit App
2026-05-02T22:48:40Z,HEART_RATE_ZONE_TYPE_UNSPECIFIED,1.13663,Fitbit App
2026-05-02T22:49:40Z,HEART_RATE_ZONE_TYPE_UNSPECIFIED,1.13663,Fitbit App
2026-05-02T22:50:40Z,HEART_RATE_ZONE_TYPE_UNSPECIFIED,1.13663,Fitbit App
2026-05-02T22:51:40Z,HEART_RATE_ZONE_TYPE_UNSPECIFIED,1.13663,Fitbit App
2026-05-02T22:52:40Z,HEART_RATE_ZONE_TYPE_UNSPECIFIED,1.13663,Fitbit App
2026-05-02T22:53:40Z,HEART_RATE_ZONE_TYPE_UNSPECIFIED,1.13663,Fitbit App
2026-05-02T22:54:40Z,HEART_RATE_ZONE_TYPE_UNSPECIFIED,1.13663,Fitbit App
2026-05-02T22:55:40Z,HEART_RATE_ZONE_TYPE_UNSPECIFIED,1.13663,Fitbit App
2026-05-02T22:56:40Z,HEART_RATE_ZONE_TYPE_UNSPECIFIED,1.13663,Fitbit App
2026-05-02T22:57:40Z,HEART_RATE_ZONE_TYPE_UNSPECIFIED,1.13663,Fitbit App
2026-05-02T22:58:40Z,HEART_RATE_ZONE_TYPE_UNSPECIFIED,1.13663,Fitbit App
2026-05-02T22:59:40Z,HEART_RATE_ZONE_TYPE_UNSPECIFIED,2.727912,Fitbit App
2026-05-02T23:00:40Z,HEART_RATE_ZONE_TYPE_UNSPECIFIED,2.955238,Fitbit App
2026-05-02T23:01:40Z,HEART_RATE_ZONE_TYPE_UNSPECIFIED,3.1825639999999997,Fitbit App
2026-05-02T23:02:40Z,HEART_RATE_ZONE_TYPE_UNSPECIFIED,2.955238,Fitbit App
2026-05-02T23:03:40Z,HEART_RATE_ZONE_TYPE_UNSPECIFIED,9.434029,Fitbit App
2026-05-02T23:04:40Z,HEART_RATE_ZONE_TYPE_UNSPECIFIED,10.797985,Fitbit App
2026-05-02T23:05:40Z,HEART_RATE_ZONE_TYPE_UNSPECIFIED,11.025311,Fitbit App
2026-05-02T23:06:40Z,HEART_RATE_ZONE_TYPE_UNSPECIFIED,10.797985,Fitbit App
2026-05-02T23:07:40Z,HEART_RATE_ZONE_TYPE_UNSPECIFIED,10.797985,Fitbit App
2026-05-02T23:08:40Z,HEART_RATE_ZONE_TYPE_UNSPECIFIED,10.570659000000001,Fitbit App
2026-05-02T23:09:40Z,HEART_RATE_ZONE_TYPE_UNSPECIFIED,5.001172,Fitbit App
2026-05-02T23:10:40Z,HEART_RATE_ZONE_TYPE_UNSPECIFIED,1.13663,Fitbit App
2026-05-02T23:11:40Z,HEART_RATE_ZONE_TYPE_UNSPECIFIED,1.13663,Fitbit App
2026-05-02T23:12:40Z,HEART_RATE_ZONE_TYPE_UNSPECIFIED,1.13663,Fitbit App
2026-05-02T23:13:40Z,HEART_RATE_ZONE_TYPE_UNSPECIFIED,1.13663,Fitbit App
2026-05-02T23:14:40Z,HEART_RATE_ZONE_TYPE_UNSPECIFIED,1.13663,Fitbit App
2026-05-02T23:15:40Z,HEART_RATE_ZONE_TYPE_UNSPECIFIED,1.13663,Fitbit App
2026-05-02T23:16:40Z,HEART_RATE_ZONE_TYPE_UNSPECIFIED,1.13663,Fitbit App
2026-05-02T23:17:40Z,HEART_RATE_ZONE_TYPE_UNSPECIFIED,1.13663,Fitbit App
2026-05-02T23:18:40Z,HEART_RATE_ZONE_TYPE_UNSPECIFIED,1.13663,Fitbit App
2026-05-02T23:19:40Z,HEART_RATE_ZONE_TYPE_UNSPECIFIED,1.13663,Fitbit App
2026-05-02T23:20:40Z,HEART_RATE_ZONE_TYPE_UNSPECIFIED,1.13663,Fitbit App
2026-05-02T23:21:40Z,HEART_RATE_ZONE_TYPE_UNSPECIFIED,1.13663,Fitbit App
2026-05-02T23:22:40Z,HEART_RATE_ZONE_TYPE_UNSPECIFIED,1.13663,Fitbit App
2026-05-02T23:23:40Z,HEART_RATE_ZONE_TYPE_UNSPECIFIED,2.955238,Fitbit App
2026-05-02T23:24:40Z,HEART_RATE_ZONE_TYPE_UNSPECIFIED,4.091868,Fitbit App
2026-05-02T23:25:40Z,HEART_RATE_ZONE_TYPE_UNSPECIFIED,10.570659000000001,Fitbit App
2026-05-02T23:26:40Z,HEART_RATE_ZONE_TYPE_UNSPECIFIED,8.752051,Fitbit App
2026-05-02T23:27:40Z,HEART_RATE_ZONE_TYPE_UNSPECIFIED,3.6372160000000004,Fitbit App
2026-05-02T23:28:40Z,HEART_RATE_ZONE_TYPE_UNSPECIFIED,1.13663,Fitbit App
2026-05-02T23:29:40Z,HEART_RATE_ZONE_TYPE_UNSPECIFIED,1.13663,Fitbit App
2026-05-02T23:30:40Z,HEART_RATE_ZONE_TYPE_UNSPECIFIED,1.13663,Fitbit App
2026-05-02T23:31:40Z,HEART_RATE_ZONE_TYPE_UNSPECIFIED,1.13663,Fitbit App
2026-05-02T23:32:40Z,HEART_RATE_ZONE_TYPE_UNSPECIFIED,1.13663,Fitbit App
2026-05-02T23:33:40Z,HEART_RATE_ZONE_TYPE_UNSPECIFIED,1.13663,Fitbit App
2026-05-02T23:34:40Z,HEART_RATE_ZONE_TYPE_UNSPECIFIED,1.13663,Fitbit App
2026-05-02T23:35:40Z,HEART_RATE_ZONE_TYPE_UNSPECIFIED,1.13663,Fitbit App
2026-05-02T23:36:40Z,HEART_RATE_ZONE_TYPE_UNSPECIFIED,1.13663,Fitbit App
2026-05-02T23:37:40Z,HEART_RATE_ZONE_TYPE_UNSPECIFIED,1.13663,Fitbit App
2026-05-02T23:38:40Z,HEART_RATE_ZONE_TYPE_UNSPECIFIED,1.13663,Fitbit App
2026-05-02T23:39:40Z,HEART_RATE_ZONE_TYPE_UNSPECIFIED,1.13663,Fitbit App
2026-05-02T23:40:40Z,HEART_RATE_ZONE_TYPE_UNSPECIFIED,1.13663,Fitbit App
2026-05-02T23:41:40Z,HEART_RATE_ZONE_TYPE_UNSPECIFIED,1.13663,Fitbit App
2026-05-02T23:42:40Z,HEART_RATE_ZONE_TYPE_UNSPECIFIED,1.13663,Fitbit App
2026-05-02T23:43:40Z,HEART_RATE_ZONE_TYPE_UNSPECIFIED,1.13663,Fitbit App
2026-05-02T23:44:40Z,HEART_RATE_ZONE_TYPE_UNSPECIFIED,1.13663,Fitbit App
2026-05-02T23:45:40Z,HEART_RATE_ZONE_TYPE_UNSPECIFIED,1.13663,Fitbit App
2026-05-02T23:46:40Z,HEART_RATE_ZONE_TYPE_UNSPECIFIED,1.13663,Fitbit App
2026-05-02T23:47:40Z,HEART_RATE_ZONE_TYPE_UNSPECIFIED,1.13663,Fitbit App
2026-05-02T23:48:40Z,HEART_RATE_ZONE_TYPE_UNSPECIFIED,1.13663,Fitbit App
2026-05-02T23:49:40Z,HEART_RATE_ZONE_TYPE_UNSPECIFIED,1.13663,Fitbit App
2026-05-02T23:50:40Z,HEART_RATE_ZONE_TYPE_UNSPECIFIED,1.13663,Fitbit App
2026-05-02T23:51:40Z,HEART_RATE_ZONE_TYPE_UNSPECIFIED,1.13663,Fitbit App
2026-05-02T23:52:40Z,HEART_RATE_ZONE_TYPE_UNSPECIFIED,1.13663,Fitbit App
2026-05-02T23:53:40Z,HEART_RATE_ZONE_TYPE_UNSPECIFIED,1.13663,Fitbit App
2026-05-02T23:54:40Z,HEART_RATE_ZONE_TYPE_UNSPECIFIED,1.13663,Fitbit App
2026-05-02T23:55:40Z,HEART_RATE_ZONE_TYPE_UNSPECIFIED,1.13663,Fitbit App
2026-05-02T23:56:40Z,HEART_RATE_ZONE_TYPE_UNSPECIFIED,1.13663,Fitbit App
2026-05-02T23:57:40Z,HEART_RATE_ZONE_TYPE_UNSPECIFIED,1.13663,Fitbit App
2026-05-02T23:58:40Z,HEART_RATE_ZONE_TYPE_UNSPECIFIED,1.13663,Fitbit App
2026-05-02T23:59:40Z,HEART_RATE_ZONE_TYPE_UNSPECIFIED,1.13663,Fitbit App
2026-05-03T00:00:40Z,HEART_RATE_ZONE_TYPE_UNSPECIFIED,1.13663,Fitbit App
2026-05-03T00:01:40Z,HEART_RATE_ZONE_TYPE_UNSPECIFIED,1.13663,Fitbit App
2026-05-03T00:02:40Z,HEART_RATE_ZONE_TYPE_UNSPECIFIED,1.13663,Fitbit App
2026-05-03T00:03:40Z,HEART_RATE_ZONE_TYPE_UNSPECIFIED,1.13663,Fitbit App
2026-05-03T00:04:40Z,HEART_RATE_ZONE_TYPE_UNSPECIFIED,1.13663,Fitbit App
2026-05-03T00:05:40Z,HEART_RATE_ZONE_TYPE_UNSPECIFIED,1.13663,Fitbit App
2026-05-03T00:06:40Z,HEART_RATE_ZONE_TYPE_UNSPECIFIED,1.13663,Fitbit App
2026-05-03T00:07:40Z,HEART_RATE_ZONE_TYPE_UNSPECIFIED,1.13663,Fitbit App
2026-05-03T00:08:40Z,HEART_RATE_ZONE_TYPE_UNSPECIFIED,1.13663,Fitbit App
2026-05-03T00:09:40Z,HEART_RATE_ZONE_TYPE_UNSPECIFIED,1.13663,Fitbit App
2026-05-03T00:10:40Z,HEART_RATE_ZONE_TYPE_UNSPECIFIED,1.13663,Fitbit App
2026-05-03T00:11:40Z,HEART_RATE_ZONE_TYPE_UNSPECIFIED,1.13663,Fitbit App
2026-05-03T00:12:40Z,HEART_RATE_ZONE_TYPE_UNSPECIFIED,1.13663,Fitbit App
2026-05-03T00:13:40Z,HEART_RATE_ZONE_TYPE_UNSPECIFIED,1.13663,Fitbit App
2026-05-03T00:14:40Z,HEART_RATE_ZONE_TYPE_UNSPECIFIED,1.13663,Fitbit App
2026-05-03T00:15:40Z,HEART_RATE_ZONE_TYPE_UNSPECIFIED,1.13663,Fitbit App
2026-05-03T00:16:40Z,HEART_RATE_ZONE_TYPE_UNSPECIFIED,1.13663,Fitbit App
2026-05-03T00:17:40Z,HEART_RATE_ZONE_TYPE_UNSPECIFIED,1.13663,Fitbit App
2026-05-03T00:18:40Z,HEART_RATE_ZONE_TYPE_UNSPECIFIED,1.13663,Fitbit App
2026-05-03T00:19:40Z,HEART_RATE_ZONE_TYPE_UNSPECIFIED,1.13663,Fitbit App
2026-05-03T00:20:40Z,HEART_RATE_ZONE_TYPE_UNSPECIFIED,1.13663,Fitbit App
2026-05-03T00:21:40Z,HEART_RATE_ZONE_TYPE_UNSPECIFIED,1.13663,Fitbit App
2026-05-03T00:22:40Z,HEART_RATE_ZONE_TYPE_UNSPECIFIED,1.13663,Fitbit App
2026-05-03T00:23:40Z,HEART_RATE_ZONE_TYPE_UNSPECIFIED,1.13663,Fitbit App
2026-05-03T00:24:40Z,HEART_RATE_ZONE_TYPE_UNSPECIFIED,1.13663,Fitbit App
2026-05-03T00:25:40Z,HEART_RATE_ZONE_TYPE_UNSPECIFIED,1.13663,Fitbit App
2026-05-03T00:26:40Z,HEART_RATE_ZONE_TYPE_UNSPECIFIED,1.13663,Fitbit App
2026-05-03T00:27:40Z,HEART_RATE_ZONE_TYPE_UNSPECIFIED,1.13663,Fitbit App
2026-05-03T00:28:40Z,HEART_RATE_ZONE_TYPE_UNSPECIFIED,1.13663,Fitbit App
2026-05-03T00:29:40Z,HEART_RATE_ZONE_TYPE_UNSPECIFIED,1.13663,Fitbit App
2026-05-03T00:30:40Z,HEART_RATE_ZONE_TYPE_UNSPECIFIED,1.13663,Fitbit App
2026-05-03T00:31:40Z,HEART_RATE_ZONE_TYPE_UNSPECIFIED,1.13663,Fitbit App
2026-05-03T00:32:40Z,HEART_RATE_ZONE_TYPE_UNSPECIFIED,1.13663,Fitbit App
2026-05-03T00:33:40Z,HEART_RATE_ZONE_TYPE_UNSPECIFIED,1.13663,Fitbit App
2026-05-03T00:34:40Z,HEART_RATE_ZONE_TYPE_UNSPECIFIED,1.13663,Fitbit App
2026-05-03T00:35:40Z,HEART_RATE_ZONE_TYPE_UNSPECIFIED,1.13663,Fitbit App
2026-05-03T00:36:40Z,HEART_RATE_ZONE_TYPE_UNSPECIFIED,1.13663,Fitbit App
2026-05-03T00:37:40Z,HEART_RATE_ZONE_TYPE_UNSPECIFIED,1.13663,Fitbit App
2026-05-03T00:38:40Z,HEART_RATE_ZONE_TYPE_UNSPECIFIED,2.727912,Fitbit App
2026-05-03T00:39:40Z,HEART_RATE_ZONE_TYPE_UNSPECIFIED,3.1825639999999997,Fitbit App
2026-05-03T00:40:40Z,HEART_RATE_ZONE_TYPE_UNSPECIFIED,1.13663,Fitbit App
2026-05-03T00:41:40Z,HEART_RATE_ZONE_TYPE_UNSPECIFIED,1.13663,Fitbit App
2026-05-03T00:42:40Z,HEART_RATE_ZONE_TYPE_UNSPECIFIED,1.13663,Fitbit App
2026-05-03T00:43:40Z,HEART_RATE_ZONE_TYPE_UNSPECIFIED,1.13663,Fitbit App
2026-05-03T00:44:40Z,HEART_RATE_ZONE_TYPE_UNSPECIFIED,1.13663,Fitbit App
2026-05-03T00:45:40Z,HEART_RATE_ZONE_TYPE_UNSPECIFIED,1.13663,Fitbit App
2026-05-03T00:46:40Z,HEART_RATE_ZONE_TYPE_UNSPECIFIED,1.13663,Fitbit App
2026-05-03T00:47:40Z,HEART_RATE_ZONE_TYPE_UNSPECIFIED,1.13663,Fitbit App
2026-05-03T00:48:40Z,HEART_RATE_ZONE_TYPE_UNSPECIFIED,1.13663,Fitbit App
2026-05-03T00:49:40Z,HEART_RATE_ZONE_TYPE_UNSPECIFIED,1.13663,Fitbit App
2026-05-03T00:50:40Z,HEART_RATE_ZONE_TYPE_UNSPECIFIED,1.13663,Fitbit App
2026-05-03T00:51:40Z,HEART_RATE_ZONE_TYPE_UNSPECIFIED,2.727912,Fitbit App
2026-05-03T00:52:40Z,HEART_RATE_ZONE_TYPE_UNSPECIFIED,3.40989,Fitbit App
2026-05-03T00:53:40Z,HEART_RATE_ZONE_TYPE_UNSPECIFIED,4.091868,Fitbit App
2026-05-03T00:54:40Z,HEART_RATE_ZONE_TYPE_UNSPECIFIED,3.40989,Fitbit App
2026-05-03T00:55:40Z,HEART_RATE_ZONE_TYPE_UNSPECIFIED,1.13663,Fitbit App
2026-05-03T00:56:40Z,HEART_RATE_ZONE_TYPE_UNSPECIFIED,1.13663,Fitbit App
2026-05-03T00:57:40Z,HEART_RATE_ZONE_TYPE_UNSPECIFIED,1.13663,Fitbit App
2026-05-03T00:58:40Z,HEART_RATE_ZONE_TYPE_UNSPECIFIED,1.13663,Fitbit App
2026-05-03T00:59:40Z,HEART_RATE_ZONE_TYPE_UNSPECIFIED,1.13663,Fitbit App
2026-05-03T01:00:40Z,HEART_RATE_ZONE_TYPE_UNSPECIFIED,1.13663,Fitbit App
2026-05-03T01:01:40Z,HEART_RATE_ZONE_TYPE_UNSPECIFIED,1.13663,Fitbit App
2026-05-03T01:02:40Z,HEART_RATE_ZONE_TYPE_UNSPECIFIED,1.13663,Fitbit App
2026-05-03T01:03:40Z,HEART_RATE_ZONE_TYPE_UNSPECIFIED,1.13663,Fitbit App
2026-05-03T01:04:40Z,HEART_RATE_ZONE_TYPE_UNSPECIFIED,1.13663,Fitbit App
2026-05-03T01:05:40Z,HEART_RATE_ZONE_TYPE_UNSPECIFIED,1.13663,Fitbit App
2026-05-03T01:06:40Z,HEART_RATE_ZONE_TYPE_UNSPECIFIED,1.13663,Fitbit App
2026-05-03T01:07:40Z,HEART_RATE_ZONE_TYPE_UNSPECIFIED,1.13663,Fitbit App
2026-05-03T01:08:40Z,HEART_RATE_ZONE_TYPE_UNSPECIFIED,1.13663,Fitbit App
2026-05-03T01:09:40Z,HEART_RATE_ZONE_TYPE_UNSPECIFIED,1.13663,Fitbit App
2026-05-03T01:10:40Z,HEART_RATE_ZONE_TYPE_UNSPECIFIED,2.727912,Fitbit App
2026-05-03T01:11:40Z,HEART_RATE_ZONE_TYPE_UNSPECIFIED,2.727912,Fitbit App
2026-05-03T01:12:40Z,HEART_RATE_ZONE_TYPE_UNSPECIFIED,1.13663,Fitbit App
2026-05-03T01:13:40Z,HEART_RATE_ZONE_TYPE_UNSPECIFIED,1.13663,Fitbit App
2026-05-03T01:14:40Z,HEART_RATE_ZONE_TYPE_UNSPECIFIED,2.955238,Fitbit App
2026-05-03T01:15:40Z,HEART_RATE_ZONE_TYPE_UNSPECIFIED,3.6372160000000004,Fitbit App
2026-05-03T01:16:40Z,HEART_RATE_ZONE_TYPE_UNSPECIFIED,3.6372160000000004,Fitbit App
2026-05-03T01:17:40Z,HEART_RATE_ZONE_TYPE_UNSPECIFIED,1.13663,Fitbit App
2026-05-03T01:18:40Z,HEART_RATE_ZONE_TYPE_UNSPECIFIED,1.13663,Fitbit App
2026-05-03T01:19:40Z,HEART_RATE_ZONE_TYPE_UNSPECIFIED,2.727912,Fitbit App
2026-05-03T01:20:40Z,HEART_RATE_ZONE_TYPE_UNSPECIFIED,3.864542,Fitbit App
2026-05-03T01:21:40Z,HEART_RATE_ZONE_TYPE_UNSPECIFIED,2.955238,Fitbit App
2026-05-03T01:22:40Z,HEART_RATE_ZONE_TYPE_UNSPECIFIED,4.091868,Fitbit App
2026-05-03T01:23:40Z,HEART_RATE_ZONE_TYPE_UNSPECIFIED,8.070072999999999,Fitbit App
2026-05-03T01:24:40Z,HEART_RATE_ZONE_TYPE_UNSPECIFIED,8.524725,Fitbit App
2026-05-03T01:25:40Z,HEART_RATE_ZONE_TYPE_UNSPECIFIED,3.864542,Fitbit App
2026-05-03T01:26:40Z,HEART_RATE_ZONE_TYPE_UNSPECIFIED,1.13663,Fitbit App
2026-05-03T01:27:40Z,HEART_RATE_ZONE_TYPE_UNSPECIFIED,1.13663,Fitbit App
2026-05-03T01:28:40Z,HEART_RATE_ZONE_TYPE_UNSPECIFIED,1.13663,Fitbit App
2026-05-03T01:29:40Z,HEART_RATE_ZONE_TYPE_UNSPECIFIED,1.13663,Fitbit App
2026-05-03T01:30:40Z,HEART_RATE_ZONE_TYPE_UNSPECIFIED,1.13663,Fitbit App
2026-05-03T01:31:40Z,HEART_RATE_ZONE_TYPE_UNSPECIFIED,1.13663,Fitbit App
2026-05-03T01:32:40Z,HEART_RATE_ZONE_TYPE_UNSPECIFIED,1.13663,Fitbit App
2026-05-03T01:33:40Z,HEART_RATE_ZONE_TYPE_UNSPECIFIED,1.13663,Fitbit App
2026-05-03T01:34:40Z,HEART_RATE_ZONE_TYPE_UNSPECIFIED,2.727912,Fitbit App
2026-05-03T01:35:40Z,HEART_RATE_ZONE_TYPE_UNSPECIFIED,3.1825639999999997,Fitbit App
2026-05-03T01:36:40Z,HEART_RATE_ZONE_TYPE_UNSPECIFIED,3.1825639999999997,Fitbit App
2026-05-03T01:37:40Z,HEART_RATE_ZONE_TYPE_UNSPECIFIED,1.13663,Fitbit App
2026-05-03T01:38:40Z,HEART_RATE_ZONE_TYPE_UNSPECIFIED,1.13663,Fitbit App
2026-05-03T01:39:40Z,HEART_RATE_ZONE_TYPE_UNSPECIFIED,1.13663,Fitbit App
2026-05-03T01:40:40Z,HEART_RATE_ZONE_TYPE_UNSPECIFIED,1.13663,Fitbit App
2026-05-03T01:41:40Z,HEART_RATE_ZONE_TYPE_UNSPECIFIED,1.13663,Fitbit App
2026-05-03T01:42:40Z,HEART_RATE_ZONE_TYPE_UNSPECIFIED,1.13663,Fitbit App
2026-05-03T01:43:40Z,HEART_RATE_ZONE_TYPE_UNSPECIFIED,1.13663,Fitbit App
2026-05-03T01:44:40Z,HEART_RATE_ZONE_TYPE_UNSPECIFIED,1.13663,Fitbit App
2026-05-03T01:45:40Z,HEART_RATE_ZONE_TYPE_UNSPECIFIED,1.13663,Fitbit App
2026-05-03T01:46:40Z,HEART_RATE_ZONE_TYPE_UNSPECIFIED,1.13663,Fitbit App
2026-05-03T01:47:40Z,HEART_RATE_ZONE_TYPE_UNSPECIFIED,1.13663,Fitbit App
2026-05-03T01:48:40Z,HEART_RATE_ZONE_TYPE_UNSPECIFIED,1.13663,Fitbit App
2026-05-03T01:49:40Z,HEART_RATE_ZONE_TYPE_UNSPECIFIED,1.13663,Fitbit App
2026-05-03T01:50:40Z,HEART_RATE_ZONE_TYPE_UNSPECIFIED,1.13663,Fitbit App
2026-05-03T01:51:40Z,HEART_RATE_ZONE_TYPE_UNSPECIFIED,1.13663,Fitbit App
2026-05-03T01:52:40Z,HEART_RATE_ZONE_TYPE_UNSPECIFIED,1.13663,Fitbit App
2026-05-03T01:53:40Z,HEART_RATE_ZONE_TYPE_UNSPECIFIED,1.13663,Fitbit App
2026-05-03T01:54:40Z,HEART_RATE_ZONE_TYPE_UNSPECIFIED,1.13663,Fitbit App
2026-05-03T01:55:40Z,HEART_RATE_ZONE_TYPE_UNSPECIFIED,1.13663,Fitbit App
2026-05-03T01:56:40Z,HEART_RATE_ZONE_TYPE_UNSPECIFIED,1.13663,Fitbit App
2026-05-03T01:57:40Z,HEART_RATE_ZONE_TYPE_UNSPECIFIED,1.13663,Fitbit App
2026-05-03T01:58:40Z,HEART_RATE_ZONE_TYPE_UNSPECIFIED,1.13663,Fitbit App
2026-05-03T01:59:40Z,HEART_RATE_ZONE_TYPE_UNSPECIFIED,1.13663,Fitbit App
2026-05-03T02:00:40Z,HEART_RATE_ZONE_TYPE_UNSPECIFIED,1.13663,Fitbit App
2026-05-03T02:01:40Z,HEART_RATE_ZONE_TYPE_UNSPECIFIED,1.13663,Fitbit App
2026-05-03T02:02:40Z,HEART_RATE_ZONE_TYPE_UNSPECIFIED,1.13663,Fitbit App
2026-05-03T02:03:40Z,HEART_RATE_ZONE_TYPE_UNSPECIFIED,1.13663,Fitbit App
2026-05-03T02:04:40Z,HEART_RATE_ZONE_TYPE_UNSPECIFIED,1.13663,Fitbit App
2026-05-03T02:05:40Z,HEART_RATE_ZONE_TYPE_UNSPECIFIED,1.13663,Fitbit App
2026-05-03T02:06:40Z,HEART_RATE_ZONE_TYPE_UNSPECIFIED,1.13663,Fitbit App
2026-05-03T02:07:40Z,HEART_RATE_ZONE_TYPE_UNSPECIFIED,1.13663,Fitbit App
2026-05-03T02:08:40Z,HEART_RATE_ZONE_TYPE_UNSPECIFIED,1.13663,Fitbit App
2026-05-03T02:09:40Z,HEART_RATE_ZONE_TYPE_UNSPECIFIED,1.13663,Fitbit App
2026-05-03T02:10:40Z,HEART_RATE_ZONE_TYPE_UNSPECIFIED,1.13663,Fitbit App
2026-05-03T02:11:40Z,HEART_RATE_ZONE_TYPE_UNSPECIFIED,1.13663,Fitbit App
2026-05-03T02:12:40Z,HEART_RATE_ZONE_TYPE_UNSPECIFIED,1.13663,Fitbit App
2026-05-03T02:13:40Z,HEART_RATE_ZONE_TYPE_UNSPECIFIED,1.13663,Fitbit App
2026-05-03T02:14:40Z,HEART_RATE_ZONE_TYPE_UNSPECIFIED,1.13663,Fitbit App
2026-05-03T02:15:40Z,HEART_RATE_ZONE_TYPE_UNSPECIFIED,1.13663,Fitbit App
2026-05-03T02:16:40Z,HEART_RATE_ZONE_TYPE_UNSPECIFIED,1.13663,Fitbit App
2026-05-03T02:17:40Z,HEART_RATE_ZONE_TYPE_UNSPECIFIED,1.13663,Fitbit App
2026-05-03T02:18:40Z,HEART_RATE_ZONE_TYPE_UNSPECIFIED,1.13663,Fitbit App
2026-05-03T02:19:40Z,HEART_RATE_ZONE_TYPE_UNSPECIFIED,1.13663,Fitbit App
2026-05-03T02:20:40Z,HEART_RATE_ZONE_TYPE_UNSPECIFIED,1.13663,Fitbit App
2026-05-03T02:21:40Z,HEART_RATE_ZONE_TYPE_UNSPECIFIED,1.13663,Fitbit App
2026-05-03T02:22:40Z,HEART_RATE_ZONE_TYPE_UNSPECIFIED,1.13663,Fitbit App
2026-05-03T02:23:40Z,HEART_RATE_ZONE_TYPE_UNSPECIFIED,1.13663,Fitbit App
2026-05-03T02:24:40Z,HEART_RATE_ZONE_TYPE_UNSPECIFIED,1.13663,Fitbit App
2026-05-03T02:25:40Z,HEART_RATE_ZONE_TYPE_UNSPECIFIED,1.13663,Fitbit App
2026-05-03T02:26:40Z,HEART_RATE_ZONE_TYPE_UNSPECIFIED,1.13663,Fitbit App
2026-05-03T02:27:40Z,HEART_RATE_ZONE_TYPE_UNSPECIFIED,1.13663,Fitbit App
2026-05-03T02:28:40Z,HEART_RATE_ZONE_TYPE_UNSPECIFIED,1.13663,Fitbit App
2026-05-03T02:29:40Z,HEART_RATE_ZONE_TYPE_UNSPECIFIED,1.13663,Fitbit App
2026-05-03T02:30:40Z,HEART_RATE_ZONE_TYPE_UNSPECIFIED,1.13663,Fitbit App
2026-05-03T02:31:40Z,HEART_RATE_ZONE_TYPE_UNSPECIFIED,1.13663,Fitbit App
2026-05-03T02:32:40Z,HEART_RATE_ZONE_TYPE_UNSPECIFIED,1.13663,Fitbit App
2026-05-03T02:33:40Z,HEART_RATE_ZONE_TYPE_UNSPECIFIED,1.13663,Fitbit App
2026-05-03T02:34:40Z,HEART_RATE_ZONE_TYPE_UNSPECIFIED,1.13663,Fitbit App
2026-05-03T02:35:40Z,HEART_RATE_ZONE_TYPE_UNSPECIFIED,1.13663,Fitbit App
2026-05-03T02:36:40Z,HEART_RATE_ZONE_TYPE_UNSPECIFIED,1.13663,Fitbit App
2026-05-03T02:37:40Z,HEART_RATE_ZONE_TYPE_UNSPECIFIED,1.13663,Fitbit App
2026-05-03T02:38:40Z,HEART_RATE_ZONE_TYPE_UNSPECIFIED,1.13663,Fitbit App
2026-05-03T02:39:40Z,HEART_RATE_ZONE_TYPE_UNSPECIFIED,1.13663,Fitbit App
2026-05-03T02:40:40Z,HEART_RATE_ZONE_TYPE_UNSPECIFIED,1.13663,Fitbit App
2026-05-03T02:41:40Z,HEART_RATE_ZONE_TYPE_UNSPECIFIED,1.13663,Fitbit App
2026-05-03T02:42:40Z,HEART_RATE_ZONE_TYPE_UNSPECIFIED,1.13663,Fitbit App
2026-05-03T02:43:40Z,HEART_RATE_ZONE_TYPE_UNSPECIFIED,1.13663,Fitbit App
2026-05-03T02:44:40Z,HEART_RATE_ZONE_TYPE_UNSPECIFIED,1.13663,Fitbit App
2026-05-03T02:45:40Z,HEART_RATE_ZONE_TYPE_UNSPECIFIED,1.13663,Fitbit App
2026-05-03T02:46:40Z,HEART_RATE_ZONE_TYPE_UNSPECIFIED,1.13663,Fitbit App
2026-05-03T02:47:40Z,HEART_RATE_ZONE_TYPE_UNSPECIFIED,1.13663,Fitbit App
2026-05-03T02:48:40Z,HEART_RATE_ZONE_TYPE_UNSPECIFIED,1.13663,Fitbit App
2026-05-03T02:49:40Z,HEART_RATE_ZONE_TYPE_UNSPECIFIED,1.13663,Fitbit App
2026-05-03T02:50:40Z,HEART_RATE_ZONE_TYPE_UNSPECIFIED,1.13663,Fitbit App
2026-05-03T02:51:40Z,HEART_RATE_ZONE_TYPE_UNSPECIFIED,1.13663,Fitbit App
2026-05-03T02:52:40Z,HEART_RATE_ZONE_TYPE_UNSPECIFIED,1.13663,Fitbit App
2026-05-03T02:53:40Z,HEART_RATE_ZONE_TYPE_UNSPECIFIED,1.13663,Fitbit App
2026-05-03T02:54:40Z,HEART_RATE_ZONE_TYPE_UNSPECIFIED,1.13663,Fitbit App
2026-05-03T02:55:40Z,HEART_RATE_ZONE_TYPE_UNSPECIFIED,1.13663,Fitbit App
2026-05-03T02:56:40Z,HEART_RATE_ZONE_TYPE_UNSPECIFIED,2.727912,Fitbit App
2026-05-03T02:57:40Z,HEART_RATE_ZONE_TYPE_UNSPECIFIED,3.6372160000000004,Fitbit App
2026-05-03T02:58:40Z,HEART_RATE_ZONE_TYPE_UNSPECIFIED,9.888681,Fitbit App
2026-05-03T02:59:40Z,HEART_RATE_ZONE_TYPE_UNSPECIFIED,9.661355,Fitbit App
2026-05-03T03:00:40Z,HEART_RATE_ZONE_TYPE_UNSPECIFIED,10.116007000000002,Fitbit App
2026-05-03T03:01:40Z,HEART_RATE_ZONE_TYPE_UNSPECIFIED,10.116007000000002,Fitbit App
2026-05-03T03:02:40Z,HEART_RATE_ZONE_TYPE_UNSPECIFIED,10.116007000000002,Fitbit App
2026-05-03T03:03:40Z,HEART_RATE_ZONE_TYPE_UNSPECIFIED,10.343333,Fitbit App
2026-05-03T03:04:40Z,HEART_RATE_ZONE_TYPE_UNSPECIFIED,10.343333,Fitbit App
2026-05-03T03:05:40Z,HEART_RATE_ZONE_TYPE_UNSPECIFIED,3.1825639999999997,Fitbit App
2026-05-03T03:06:40Z,HEART_RATE_ZONE_TYPE_UNSPECIFIED,3.1825639999999997,Fitbit App
2026-05-03T03:07:40Z,HEART_RATE_ZONE_TYPE_UNSPECIFIED,2.727912,Fitbit App
2026-05-03T03:08:40Z,HEART_RATE_ZONE_TYPE_UNSPECIFIED,2.727912,Fitbit App
2026-05-03T03:09:40Z,HEART_RATE_ZONE_TYPE_UNSPECIFIED,1.13663,Fitbit App
2026-05-03T03:10:40Z,HEART_RATE_ZONE_TYPE_UNSPECIFIED,1.13663,Fitbit App
2026-05-03T03:11:40Z,HEART_RATE_ZONE_TYPE_UNSPECIFIED,1.13663,Fitbit App
2026-05-03T03:12:40Z,HEART_RATE_ZONE_TYPE_UNSPECIFIED,1.13663,Fitbit App
2026-05-03T03:13:40Z,HEART_RATE_ZONE_TYPE_UNSPECIFIED,1.13663,Fitbit App
2026-05-03T03:14:40Z,HEART_RATE_ZONE_TYPE_UNSPECIFIED,1.13663,Fitbit App
2026-05-03T03:15:40Z,HEART_RATE_ZONE_TYPE_UNSPECIFIED,1.13663,Fitbit App
2026-05-03T03:16:40Z,HEART_RATE_ZONE_TYPE_UNSPECIFIED,1.13663,Fitbit App
2026-05-03T03:17:40Z,HEART_RATE_ZONE_TYPE_UNSPECIFIED,1.13664,Fitbit App
2026-05-03T03:18:40Z,HEART_RATE_ZONE_TYPE_UNSPECIFIED,1.13664,Fitbit App
2026-05-03T03:19:40Z,HEART_RATE_ZONE_TYPE_UNSPECIFIED,1.13664,Fitbit App
2026-05-03T03:20:40Z,HEART_RATE_ZONE_TYPE_UNSPECIFIED,3.182592,Fitbit App
2026-05-03T03:21:40Z,HEART_RATE_ZONE_TYPE_UNSPECIFIED,3.864576,Fitbit App
2026-05-03T03:22:40Z,HEART_RATE_ZONE_TYPE_UNSPECIFIED,1.13664,Fitbit App
2026-05-03T03:23:40Z,HEART_RATE_ZONE_TYPE_UNSPECIFIED,3.182592,Fitbit App
2026-05-03T03:24:40Z,HEART_RATE_ZONE_TYPE_UNSPECIFIED,10.570752000000002,Fitbit App
2026-05-03T03:25:40Z,HEART_RATE_ZONE_TYPE_UNSPECIFIED,10.343424,Fitbit App
2026-05-03T03:26:40Z,HEART_RATE_ZONE_TYPE_UNSPECIFIED,7.388160000000001,Fitbit App
2026-05-03T03:27:40Z,HEART_RATE_ZONE_TYPE_UNSPECIFIED,7.842816000000001,Fitbit App
2026-05-03T03:28:40Z,HEART_RATE_ZONE_TYPE_UNSPECIFIED,10.116096,Fitbit App
2026-05-03T03:29:40Z,HEART_RATE_ZONE_TYPE_UNSPECIFIED,3.6372480000000005,Fitbit App
2026-05-03T03:30:40Z,HEART_RATE_ZONE_TYPE_UNSPECIFIED,1.13664,Fitbit App
2026-05-03T03:31:40Z,HEART_RATE_ZONE_TYPE_UNSPECIFIED,1.13664,Fitbit App
2026-05-03T03:32:40Z,HEART_RATE_ZONE_TYPE_UNSPECIFIED,1.13664,Fitbit App
2026-05-03T03:33:40Z,HEART_RATE_ZONE_TYPE_UNSPECIFIED,1.13664,Fitbit App
2026-05-03T03:34:40Z,HEART_RATE_ZONE_TYPE_UNSPECIFIED,1.13664,Fitbit App
2026-05-03T03:35:40Z,HEART_RATE_ZONE_TYPE_UNSPECIFIED,1.13664,Fitbit App
2026-05-03T03:36:40Z,HEART_RATE_ZONE_TYPE_UNSPECIFIED,1.13664,Fitbit App
2026-05-03T03:37:40Z,HEART_RATE_ZONE_TYPE_UNSPECIFIED,1.13664,Fitbit App
2026-05-03T03:38:40Z,HEART_RATE_ZONE_TYPE_UNSPECIFIED,1.13664,Fitbit App
2026-05-03T03:39:40Z,HEART_RATE_ZONE_TYPE_UNSPECIFIED,1.13664,Fitbit App
2026-05-03T03:40:40Z,HEART_RATE_ZONE_TYPE_UNSPECIFIED,1.13664,Fitbit App
2026-05-03T03:41:40Z,HEART_RATE_ZONE_TYPE_UNSPECIFIED,1.13664,Fitbit App
2026-05-03T03:42:40Z,HEART_RATE_ZONE_TYPE_UNSPECIFIED,1.13664,Fitbit App
2026-05-03T03:43:40Z,HEART_RATE_ZONE_TYPE_UNSPECIFIED,1.13664,Fitbit App
2026-05-03T03:44:40Z,HEART_RATE_ZONE_TYPE_UNSPECIFIED,1.13664,Fitbit App
2026-05-03T03:45:40Z,HEART_RATE_ZONE_TYPE_UNSPECIFIED,1.13664,Fitbit App
2026-05-03T03:46:40Z,HEART_RATE_ZONE_TYPE_UNSPECIFIED,1.13664,Fitbit App
2026-05-03T03:47:40Z,HEART_RATE_ZONE_TYPE_UNSPECIFIED,1.13664,Fitbit App
2026-05-03T03:48:40Z,HEART_RATE_ZONE_TYPE_UNSPECIFIED,1.13664,Fitbit App
2026-05-03T03:49:40Z,HEART_RATE_ZONE_TYPE_UNSPECIFIED,1.13664,Fitbit App
2026-05-03T03:50:40Z,HEART_RATE_ZONE_TYPE_UNSPECIFIED,1.13664,Fitbit App
2026-05-03T03:51:40Z,HEART_RATE_ZONE_TYPE_UNSPECIFIED,1.13664,Fitbit App
2026-05-03T03:52:40Z,HEART_RATE_ZONE_TYPE_UNSPECIFIED,1.13664,Fitbit App
2026-05-03T03:53:40Z,HEART_RATE_ZONE_TYPE_UNSPECIFIED,1.13664,Fitbit App
2026-05-03T03:54:40Z,HEART_RATE_ZONE_TYPE_UNSPECIFIED,1.13664,Fitbit App
2026-05-03T03:55:40Z,HEART_RATE_ZONE_TYPE_UNSPECIFIED,1.13664,Fitbit App
2026-05-03T03:56:40Z,HEART_RATE_ZONE_TYPE_UNSPECIFIED,1.13664,Fitbit App
2026-05-03T03:57:40Z,HEART_RATE_ZONE_TYPE_UNSPECIFIED,1.13664,Fitbit App
2026-05-03T03:58:40Z,HEART_RATE_ZONE_TYPE_UNSPECIFIED,1.13664,Fitbit App
2026-05-03T03:59:40Z,HEART_RATE_ZONE_TYPE_UNSPECIFIED,1.13664,Fitbit App
2026-05-03T04:00:40Z,HEART_RATE_ZONE_TYPE_UNSPECIFIED,1.13664,Fitbit App
2026-05-03T04:01:40Z,HEART_RATE_ZONE_TYPE_UNSPECIFIED,1.13664,Fitbit App
2026-05-03T04:02:40Z,HEART_RATE_ZONE_TYPE_UNSPECIFIED,1.13664,Fitbit App
2026-05-03T04:03:40Z,HEART_RATE_ZONE_TYPE_UNSPECIFIED,1.13664,Fitbit App
2026-05-03T04:04:40Z,HEART_RATE_ZONE_TYPE_UNSPECIFIED,1.13664,Fitbit App
2026-05-03T04:05:40Z,HEART_RATE_ZONE_TYPE_UNSPECIFIED,1.13664,Fitbit App
2026-05-03T04:06:40Z,HEART_RATE_ZONE_TYPE_UNSPECIFIED,1.13664,Fitbit App
2026-05-03T04:07:40Z,HEART_RATE_ZONE_TYPE_UNSPECIFIED,1.13664,Fitbit App
2026-05-03T04:08:40Z,HEART_RATE_ZONE_TYPE_UNSPECIFIED,1.13664,Fitbit App
2026-05-03T04:09:40Z,HEART_RATE_ZONE_TYPE_UNSPECIFIED,1.13664,Fitbit App
2026-05-03T04:10:40Z,HEART_RATE_ZONE_TYPE_UNSPECIFIED,1.13664,Fitbit App
2026-05-03T04:11:40Z,HEART_RATE_ZONE_TYPE_UNSPECIFIED,1.13664,Fitbit App
2026-05-03T04:12:40Z,HEART_RATE_ZONE_TYPE_UNSPECIFIED,1.13664,Fitbit App
2026-05-03T04:13:40Z,HEART_RATE_ZONE_TYPE_UNSPECIFIED,1.13664,Fitbit App
2026-05-03T04:14:40Z,HEART_RATE_ZONE_TYPE_UNSPECIFIED,1.13664,Fitbit App
2026-05-03T04:15:40Z,HEART_RATE_ZONE_TYPE_UNSPECIFIED,1.13664,Fitbit App
2026-05-03T04:16:40Z,HEART_RATE_ZONE_TYPE_UNSPECIFIED,1.13664,Fitbit App
2026-05-03T04:17:40Z,HEART_RATE_ZONE_TYPE_UNSPECIFIED,1.13664,Fitbit App
2026-05-03T04:18:40Z,HEART_RATE_ZONE_TYPE_UNSPECIFIED,1.13664,Fitbit App
2026-05-03T04:19:40Z,HEART_RATE_ZONE_TYPE_UNSPECIFIED,1.13664,Fitbit App
2026-05-03T04:20:40Z,HEART_RATE_ZONE_TYPE_UNSPECIFIED,1.13664,Fitbit App
2026-05-03T04:21:40Z,HEART_RATE_ZONE_TYPE_UNSPECIFIED,1.13664,Fitbit App
2026-05-03T04:22:40Z,HEART_RATE_ZONE_TYPE_UNSPECIFIED,1.13664,Fitbit App
2026-05-03T04:23:40Z,HEART_RATE_ZONE_TYPE_UNSPECIFIED,1.13664,Fitbit App
2026-05-03T04:24:40Z,HEART_RATE_ZONE_TYPE_UNSPECIFIED,1.13664,Fitbit App
2026-05-03T04:25:40Z,HEART_RATE_ZONE_TYPE_UNSPECIFIED,1.13664,Fitbit App
2026-05-03T04:26:40Z,HEART_RATE_ZONE_TYPE_UNSPECIFIED,1.13664,Fitbit App
2026-05-03T04:27:40Z,HEART_RATE_ZONE_TYPE_UNSPECIFIED,1.13664,Fitbit App
2026-05-03T04:28:40Z,HEART_RATE_ZONE_TYPE_UNSPECIFIED,1.13664,Fitbit App
2026-05-03T04:29:40Z,HEART_RATE_ZONE_TYPE_UNSPECIFIED,1.13664,Fitbit App
2026-05-03T04:30:40Z,HEART_RATE_ZONE_TYPE_UNSPECIFIED,1.13664,Fitbit App
2026-05-03T04:31:40Z,HEART_RATE_ZONE_TYPE_UNSPECIFIED,1.13664,Fitbit App
2026-05-03T04:32:40Z,HEART_RATE_ZONE_TYPE_UNSPECIFIED,1.13664,Fitbit App
2026-05-03T04:33:40Z,HEART_RATE_ZONE_TYPE_UNSPECIFIED,1.13664,Fitbit App
2026-05-03T04:34:40Z,HEART_RATE_ZONE_TYPE_UNSPECIFIED,1.13664,Fitbit App
2026-05-03T04:35:40Z,HEART_RATE_ZONE_TYPE_UNSPECIFIED,1.13664,Fitbit App
2026-05-03T04:36:40Z,HEART_RATE_ZONE_TYPE_UNSPECIFIED,1.13664,Fitbit App
2026-05-03T04:37:40Z,HEART_RATE_ZONE_TYPE_UNSPECIFIED,1.13664,Fitbit App
2026-05-03T04:38:40Z,HEART_RATE_ZONE_TYPE_UNSPECIFIED,1.13664,Fitbit App
2026-05-03T04:39:40Z,HEART_RATE_ZONE_TYPE_UNSPECIFIED,1.13664,Fitbit App
2026-05-03T04:40:40Z,HEART_RATE_ZONE_TYPE_UNSPECIFIED,1.13664,Fitbit App
2026-05-03T04:41:40Z,HEART_RATE_ZONE_TYPE_UNSPECIFIED,1.13664,Fitbit App
2026-05-03T04:42:40Z,HEART_RATE_ZONE_TYPE_UNSPECIFIED,1.13664,Fitbit App
2026-05-03T04:43:40Z,HEART_RATE_ZONE_TYPE_UNSPECIFIED,1.13664,Fitbit App
2026-05-03T04:44:40Z,HEART_RATE_ZONE_TYPE_UNSPECIFIED,1.13664,Fitbit App
2026-05-03T04:45:40Z,HEART_RATE_ZONE_TYPE_UNSPECIFIED,1.13664,Fitbit App
2026-05-03T04:46:40Z,HEART_RATE_ZONE_TYPE_UNSPECIFIED,1.13664,Fitbit App
2026-05-03T04:47:40Z,HEART_RATE_ZONE_TYPE_UNSPECIFIED,1.13664,Fitbit App
2026-05-03T04:48:40Z,HEART_RATE_ZONE_TYPE_UNSPECIFIED,1.13664,Fitbit App
2026-05-03T04:49:40Z,HEART_RATE_ZONE_TYPE_UNSPECIFIED,1.13664,Fitbit App
2026-05-03T04:50:40Z,HEART_RATE_ZONE_TYPE_UNSPECIFIED,1.13664,Fitbit App
2026-05-03T04:51:40Z,HEART_RATE_ZONE_TYPE_UNSPECIFIED,1.13664,Fitbit App
2026-05-03T04:52:40Z,HEART_RATE_ZONE_TYPE_UNSPECIFIED,1.13664,Fitbit App
2026-05-03T04:53:40Z,HEART_RATE_ZONE_TYPE_UNSPECIFIED,1.13664,Fitbit App
2026-05-03T04:54:40Z,HEART_RATE_ZONE_TYPE_UNSPECIFIED,1.13664,Fitbit App
2026-05-03T04:55:40Z,HEART_RATE_ZONE_TYPE_UNSPECIFIED,1.13664,Fitbit App
2026-05-03T04:56:40Z,HEART_RATE_ZONE_TYPE_UNSPECIFIED,1.13664,Fitbit App
2026-05-03T04:57:40Z,HEART_RATE_ZONE_TYPE_UNSPECIFIED,1.13664,Fitbit App
2026-05-03T04:58:40Z,HEART_RATE_ZONE_TYPE_UNSPECIFIED,1.13664,Fitbit App
2026-05-03T04:59:40Z,HEART_RATE_ZONE_TYPE_UNSPECIFIED,1.13664,Fitbit App
2026-05-03T05:00:40Z,HEART_RATE_ZONE_TYPE_UNSPECIFIED,1.13664,Fitbit App
2026-05-03T05:01:40Z,HEART_RATE_ZONE_TYPE_UNSPECIFIED,1.13664,Fitbit App
2026-05-03T05:02:40Z,HEART_RATE_ZONE_TYPE_UNSPECIFIED,1.13664,Fitbit App
2026-05-03T05:03:40Z,HEART_RATE_ZONE_TYPE_UNSPECIFIED,1.13664,Fitbit App
2026-05-03T05:04:40Z,HEART_RATE_ZONE_TYPE_UNSPECIFIED,1.13664,Fitbit App
2026-05-03T05:05:40Z,HEART_RATE_ZONE_TYPE_UNSPECIFIED,1.13664,Fitbit App
2026-05-03T05:06:40Z,HEART_RATE_ZONE_TYPE_UNSPECIFIED,1.13664,Fitbit App
2026-05-03T05:07:40Z,HEART_RATE_ZONE_TYPE_UNSPECIFIED,1.13664,Fitbit App
2026-05-03T05:08:40Z,HEART_RATE_ZONE_TYPE_UNSPECIFIED,1.13664,Fitbit App
2026-05-03T05:09:40Z,HEART_RATE_ZONE_TYPE_UNSPECIFIED,1.13664,Fitbit App
2026-05-03T05:10:40Z,HEART_RATE_ZONE_TYPE_UNSPECIFIED,1.13664,Fitbit App
2026-05-03T05:11:40Z,HEART_RATE_ZONE_TYPE_UNSPECIFIED,1.13664,Fitbit App
2026-05-03T05:12:40Z,HEART_RATE_ZONE_TYPE_UNSPECIFIED,1.13664,Fitbit App
2026-05-03T05:13:40Z,HEART_RATE_ZONE_TYPE_UNSPECIFIED,1.13664,Fitbit App
2026-05-03T05:14:40Z,HEART_RATE_ZONE_TYPE_UNSPECIFIED,1.13664,Fitbit App
2026-05-03T05:15:40Z,HEART_RATE_ZONE_TYPE_UNSPECIFIED,1.13664,Fitbit App
2026-05-03T05:16:40Z,HEART_RATE_ZONE_TYPE_UNSPECIFIED,1.13664,Fitbit App
2026-05-03T05:17:40Z,HEART_RATE_ZONE_TYPE_UNSPECIFIED,1.13664,Fitbit App
2026-05-03T05:18:40Z,HEART_RATE_ZONE_TYPE_UNSPECIFIED,1.13664,Fitbit App
2026-05-03T05:19:40Z,HEART_RATE_ZONE_TYPE_UNSPECIFIED,1.13664,Fitbit App
2026-05-03T05:20:40Z,HEART_RATE_ZONE_TYPE_UNSPECIFIED,1.13664,Fitbit App
2026-05-03T05:21:40Z,HEART_RATE_ZONE_TYPE_UNSPECIFIED,1.13664,Fitbit App
2026-05-03T05:22:40Z,HEART_RATE_ZONE_TYPE_UNSPECIFIED,1.13664,Fitbit App
2026-05-03T05:23:40Z,HEART_RATE_ZONE_TYPE_UNSPECIFIED,1.13664,Fitbit App
2026-05-03T05:24:40Z,HEART_RATE_ZONE_TYPE_UNSPECIFIED,1.13664,Fitbit App
2026-05-03T05:25:40Z,HEART_RATE_ZONE_TYPE_UNSPECIFIED,1.13664,Fitbit App
2026-05-03T05:26:40Z,HEART_RATE_ZONE_TYPE_UNSPECIFIED,1.13664,Fitbit App
2026-05-03T05:27:40Z,HEART_RATE_ZONE_TYPE_UNSPECIFIED,1.13664,Fitbit App
2026-05-03T05:28:40Z,HEART_RATE_ZONE_TYPE_UNSPECIFIED,1.13664,Fitbit App
2026-05-03T05:29:40Z,HEART_RATE_ZONE_TYPE_UNSPECIFIED,1.13664,Fitbit App
2026-05-03T05:30:40Z,HEART_RATE_ZONE_TYPE_UNSPECIFIED,1.13664,Fitbit App
2026-05-03T05:31:40Z,HEART_RATE_ZONE_TYPE_UNSPECIFIED,1.13664,Fitbit App
2026-05-03T05:32:40Z,HEART_RATE_ZONE_TYPE_UNSPECIFIED,1.13664,Fitbit App
2026-05-03T05:33:40Z,HEART_RATE_ZONE_TYPE_UNSPECIFIED,1.13664,Fitbit App
2026-05-03T05:34:40Z,HEART_RATE_ZONE_TYPE_UNSPECIFIED,1.13664,Fitbit App
2026-05-03T05:35:40Z,HEART_RATE_ZONE_TYPE_UNSPECIFIED,1.13664,Fitbit App
2026-05-03T05:36:40Z,HEART_RATE_ZONE_TYPE_UNSPECIFIED,1.13664,Fitbit App
2026-05-03T05:37:40Z,HEART_RATE_ZONE_TYPE_UNSPECIFIED,1.13664,Fitbit App
2026-05-03T05:38:40Z,HEART_RATE_ZONE_TYPE_UNSPECIFIED,1.13664,Fitbit App
2026-05-03T05:39:40Z,HEART_RATE_ZONE_TYPE_UNSPECIFIED,1.13664,Fitbit App
2026-05-03T05:40:40Z,HEART_RATE_ZONE_TYPE_UNSPECIFIED,1.13664,Fitbit App
2026-05-03T05:41:40Z,HEART_RATE_ZONE_TYPE_UNSPECIFIED,1.13664,Fitbit App
2026-05-03T05:42:40Z,HEART_RATE_ZONE_TYPE_UNSPECIFIED,1.13664,Fitbit App
2026-05-03T05:43:40Z,HEART_RATE_ZONE_TYPE_UNSPECIFIED,1.13664,Fitbit App
2026-05-03T05:44:40Z,HEART_RATE_ZONE_TYPE_UNSPECIFIED,1.13664,Fitbit App
2026-05-03T05:45:40Z,HEART_RATE_ZONE_TYPE_UNSPECIFIED,1.13664,Fitbit App
2026-05-03T05:46:40Z,HEART_RATE_ZONE_TYPE_UNSPECIFIED,1.13664,Fitbit App
2026-05-03T05:47:40Z,HEART_RATE_ZONE_TYPE_UNSPECIFIED,1.13664,Fitbit App
2026-05-03T05:48:40Z,HEART_RATE_ZONE_TYPE_UNSPECIFIED,1.13664,Fitbit App
2026-05-03T05:49:40Z,HEART_RATE_ZONE_TYPE_UNSPECIFIED,1.13664,Fitbit App
2026-05-03T05:50:40Z,HEART_RATE_ZONE_TYPE_UNSPECIFIED,1.13664,Fitbit App
2026-05-03T05:51:40Z,HEART_RATE_ZONE_TYPE_UNSPECIFIED,1.13664,Fitbit App
2026-05-03T05:52:40Z,HEART_RATE_ZONE_TYPE_UNSPECIFIED,1.13664,Fitbit App
2026-05-03T05:53:40Z,HEART_RATE_ZONE_TYPE_UNSPECIFIED,1.13664,Fitbit App
2026-05-03T05:54:40Z,HEART_RATE_ZONE_TYPE_UNSPECIFIED,1.13664,Fitbit App
2026-05-03T05:55:40Z,HEART_RATE_ZONE_TYPE_UNSPECIFIED,1.13664,Fitbit App
2026-05-03T05:56:40Z,HEART_RATE_ZONE_TYPE_UNSPECIFIED,1.13664,Fitbit App
2026-05-03T05:57:40Z,HEART_RATE_ZONE_TYPE_UNSPECIFIED,1.13664,Fitbit App
2026-05-03T05:58:40Z,HEART_RATE_ZONE_TYPE_UNSPECIFIED,1.13664,Fitbit App
2026-05-03T05:59:40Z,HEART_RATE_ZONE_TYPE_UNSPECIFIED,1.13664,Fitbit App
2026-05-03T06:00:40Z,HEART_RATE_ZONE_TYPE_UNSPECIFIED,1.13664,Fitbit App
2026-05-03T06:01:40Z,HEART_RATE_ZONE_TYPE_UNSPECIFIED,1.13664,Fitbit App
2026-05-03T06:02:40Z,HEART_RATE_ZONE_TYPE_UNSPECIFIED,1.13664,Fitbit App
2026-05-03T06:03:40Z,HEART_RATE_ZONE_TYPE_UNSPECIFIED,1.13664,Fitbit App
2026-05-03T06:04:40Z,HEART_RATE_ZONE_TYPE_UNSPECIFIED,1.13664,Fitbit App
2026-05-03T06:05:40Z,HEART_RATE_ZONE_TYPE_UNSPECIFIED,1.13664,Fitbit App
2026-05-03T06:06:40Z,HEART_RATE_ZONE_TYPE_UNSPECIFIED,1.13664,Fitbit App
2026-05-03T06:07:40Z,HEART_RATE_ZONE_TYPE_UNSPECIFIED,1.13664,Fitbit App
2026-05-03T06:08:40Z,HEART_RATE_ZONE_TYPE_UNSPECIFIED,1.13664,Fitbit App
2026-05-03T06:09:40Z,HEART_RATE_ZONE_TYPE_UNSPECIFIED,1.13664,Fitbit App
2026-05-03T06:10:40Z,HEART_RATE_ZONE_TYPE_UNSPECIFIED,1.13664,Fitbit App
2026-05-03T06:11:40Z,HEART_RATE_ZONE_TYPE_UNSPECIFIED,1.13664,Fitbit App
2026-05-03T06:12:40Z,HEART_RATE_ZONE_TYPE_UNSPECIFIED,1.13664,Fitbit App
2026-05-03T06:13:40Z,HEART_RATE_ZONE_TYPE_UNSPECIFIED,1.13664,Fitbit App
2026-05-03T06:14:40Z,HEART_RATE_ZONE_TYPE_UNSPECIFIED,1.13664,Fitbit App
2026-05-03T06:15:40Z,HEART_RATE_ZONE_TYPE_UNSPECIFIED,1.13664,Fitbit App
2026-05-03T06:16:40Z,HEART_RATE_ZONE_TYPE_UNSPECIFIED,1.13664,Fitbit App
2026-05-03T06:17:40Z,HEART_RATE_ZONE_TYPE_UNSPECIFIED,1.13664,Fitbit App
2026-05-03T06:18:40Z,HEART_RATE_ZONE_TYPE_UNSPECIFIED,1.13664,Fitbit App
2026-05-03T06:19:40Z,HEART_RATE_ZONE_TYPE_UNSPECIFIED,1.13664,Fitbit App
2026-05-03T06:20:40Z,HEART_RATE_ZONE_TYPE_UNSPECIFIED,1.13664,Fitbit App
2026-05-03T06:21:40Z,HEART_RATE_ZONE_TYPE_UNSPECIFIED,1.13664,Fitbit App
2026-05-03T06:22:40Z,HEART_RATE_ZONE_TYPE_UNSPECIFIED,1.13664,Fitbit App
2026-05-03T06:23:40Z,HEART_RATE_ZONE_TYPE_UNSPECIFIED,1.13664,Fitbit App
2026-05-03T06:24:40Z,HEART_RATE_ZONE_TYPE_UNSPECIFIED,1.13664,Fitbit App
2026-05-03T06:25:40Z,HEART_RATE_ZONE_TYPE_UNSPECIFIED,1.13664,Fitbit App
2026-05-03T06:26:40Z,HEART_RATE_ZONE_TYPE_UNSPECIFIED,1.13664,Fitbit App
2026-05-03T06:27:40Z,HEART_RATE_ZONE_TYPE_UNSPECIFIED,1.13664,Fitbit App
2026-05-03T06:28:40Z,HEART_RATE_ZONE_TYPE_UNSPECIFIED,1.13664,Fitbit App
2026-05-03T06:29:40Z,HEART_RATE_ZONE_TYPE_UNSPECIFIED,1.13664,Fitbit App
2026-05-03T06:30:40Z,HEART_RATE_ZONE_TYPE_UNSPECIFIED,1.13664,Fitbit App
2026-05-03T06:31:40Z,HEART_RATE_ZONE_TYPE_UNSPECIFIED,1.13664,Fitbit App
2026-05-03T06:32:40Z,HEART_RATE_ZONE_TYPE_UNSPECIFIED,1.13664,Fitbit App
2026-05-03T06:33:40Z,HEART_RATE_ZONE_TYPE_UNSPECIFIED,1.13664,Fitbit App
2026-05-03T06:34:40Z,HEART_RATE_ZONE_TYPE_UNSPECIFIED,1.13664,Fitbit App
2026-05-03T06:35:40Z,HEART_RATE_ZONE_TYPE_UNSPECIFIED,1.13664,Fitbit App
2026-05-03T06:36:40Z,HEART_RATE_ZONE_TYPE_UNSPECIFIED,1.13664,Fitbit App
2026-05-03T06:37:40Z,HEART_RATE_ZONE_TYPE_UNSPECIFIED,1.13664,Fitbit App
2026-05-03T06:38:40Z,HEART_RATE_ZONE_TYPE_UNSPECIFIED,1.13664,Fitbit App
2026-05-03T06:39:40Z,HEART_RATE_ZONE_TYPE_UNSPECIFIED,1.13664,Fitbit App
2026-05-03T06:40:40Z,HEART_RATE_ZONE_TYPE_UNSPECIFIED,1.13664,Fitbit App
2026-05-03T06:41:40Z,HEART_RATE_ZONE_TYPE_UNSPECIFIED,1.13664,Fitbit App
2026-05-03T06:42:40Z,HEART_RATE_ZONE_TYPE_UNSPECIFIED,1.13664,Fitbit App
2026-05-03T06:43:40Z,HEART_RATE_ZONE_TYPE_UNSPECIFIED,1.13664,Fitbit App
2026-05-03T06:44:40Z,HEART_RATE_ZONE_TYPE_UNSPECIFIED,1.13664,Fitbit App
2026-05-03T06:45:40Z,HEART_RATE_ZONE_TYPE_UNSPECIFIED,1.13664,Fitbit App
2026-05-03T06:46:40Z,HEART_RATE_ZONE_TYPE_UNSPECIFIED,1.13664,Fitbit App
2026-05-03T06:47:40Z,HEART_RATE_ZONE_TYPE_UNSPECIFIED,1.13664,Fitbit App
2026-05-03T06:48:40Z,HEART_RATE_ZONE_TYPE_UNSPECIFIED,1.13664,Fitbit App
2026-05-03T06:49:40Z,HEART_RATE_ZONE_TYPE_UNSPECIFIED,1.13664,Fitbit App
2026-05-03T06:50:40Z,HEART_RATE_ZONE_TYPE_UNSPECIFIED,1.13664,Fitbit App
2026-05-03T06:51:40Z,HEART_RATE_ZONE_TYPE_UNSPECIFIED,1.13664,Fitbit App
2026-05-03T06:52:40Z,HEART_RATE_ZONE_TYPE_UNSPECIFIED,1.13664,Fitbit App
2026-05-03T06:53:40Z,HEART_RATE_ZONE_TYPE_UNSPECIFIED,1.13664,Fitbit App
2026-05-03T06:54:40Z,HEART_RATE_ZONE_TYPE_UNSPECIFIED,1.13664,Fitbit App
2026-05-03T06:55:40Z,HEART_RATE_ZONE_TYPE_UNSPECIFIED,1.13664,Fitbit App
2026-05-03T06:56:40Z,HEART_RATE_ZONE_TYPE_UNSPECIFIED,1.13664,Fitbit App
2026-05-03T06:57:40Z,HEART_RATE_ZONE_TYPE_UNSPECIFIED,1.13664,Fitbit App
2026-05-03T06:58:40Z,HEART_RATE_ZONE_TYPE_UNSPECIFIED,1.13664,Fitbit App
2026-05-03T06:59:40Z,HEART_RATE_ZONE_TYPE_UNSPECIFIED,1.13665,Fitbit App
2026-05-03T07:00:40Z,HEART_RATE_ZONE_TYPE_UNSPECIFIED,1.13665,Fitbit App
2026-05-03T07:01:40Z,HEART_RATE_ZONE_TYPE_UNSPECIFIED,1.13665,Fitbit App
2026-05-03T07:02:40Z,HEART_RATE_ZONE_TYPE_UNSPECIFIED,1.13665,Fitbit App
2026-05-03T07:03:40Z,HEART_RATE_ZONE_TYPE_UNSPECIFIED,1.13665,Fitbit App
2026-05-03T07:04:40Z,HEART_RATE_ZONE_TYPE_UNSPECIFIED,1.13665,Fitbit App
2026-05-03T07:05:40Z,HEART_RATE_ZONE_TYPE_UNSPECIFIED,1.13665,Fitbit App
2026-05-03T07:06:40Z,HEART_RATE_ZONE_TYPE_UNSPECIFIED,1.13665,Fitbit App
2026-05-03T07:07:40Z,HEART_RATE_ZONE_TYPE_UNSPECIFIED,1.13665,Fitbit App
2026-05-03T07:08:40Z,HEART_RATE_ZONE_TYPE_UNSPECIFIED,1.13665,Fitbit App
2026-05-03T07:09:40Z,HEART_RATE_ZONE_TYPE_UNSPECIFIED,1.13665,Fitbit App
2026-05-03T07:10:40Z,HEART_RATE_ZONE_TYPE_UNSPECIFIED,1.13665,Fitbit App
2026-05-03T07:11:40Z,HEART_RATE_ZONE_TYPE_UNSPECIFIED,1.13665,Fitbit App
2026-05-03T07:12:40Z,HEART_RATE_ZONE_TYPE_UNSPECIFIED,1.13665,Fitbit App
2026-05-03T07:13:40Z,HEART_RATE_ZONE_TYPE_UNSPECIFIED,1.13665,Fitbit App
2026-05-03T07:14:40Z,HEART_RATE_ZONE_TYPE_UNSPECIFIED,1.13665,Fitbit App
2026-05-03T07:15:40Z,HEART_RATE_ZONE_TYPE_UNSPECIFIED,1.13665,Fitbit App
2026-05-03T07:16:40Z,HEART_RATE_ZONE_TYPE_UNSPECIFIED,1.13665,Fitbit App
2026-05-03T07:17:40Z,HEART_RATE_ZONE_TYPE_UNSPECIFIED,1.13665,Fitbit App
2026-05-03T07:18:40Z,HEART_RATE_ZONE_TYPE_UNSPECIFIED,1.13665,Fitbit App
2026-05-03T07:19:40Z,HEART_RATE_ZONE_TYPE_UNSPECIFIED,1.13665,Fitbit App
2026-05-03T07:20:40Z,HEART_RATE_ZONE_TYPE_UNSPECIFIED,1.13665,Fitbit App
2026-05-03T07:21:40Z,HEART_RATE_ZONE_TYPE_UNSPECIFIED,1.13665,Fitbit App
2026-05-03T07:22:40Z,HEART_RATE_ZONE_TYPE_UNSPECIFIED,1.13665,Fitbit App
2026-05-03T07:23:40Z,HEART_RATE_ZONE_TYPE_UNSPECIFIED,1.13665,Fitbit App
2026-05-03T07:24:40Z,HEART_RATE_ZONE_TYPE_UNSPECIFIED,1.13665,Fitbit App
2026-05-03T07:25:40Z,HEART_RATE_ZONE_TYPE_UNSPECIFIED,1.13665,Fitbit App
2026-05-03T07:26:40Z,HEART_RATE_ZONE_TYPE_UNSPECIFIED,1.13665,Fitbit App
2026-05-03T07:27:40Z,HEART_RATE_ZONE_TYPE_UNSPECIFIED,1.13665,Fitbit App
2026-05-03T07:28:40Z,HEART_RATE_ZONE_TYPE_UNSPECIFIED,1.13665,Fitbit App
2026-05-03T07:29:40Z,HEART_RATE_ZONE_TYPE_UNSPECIFIED,1.13665,Fitbit App
2026-05-03T07:30:40Z,HEART_RATE_ZONE_TYPE_UNSPECIFIED,1.13665,Fitbit App
2026-05-03T07:31:40Z,HEART_RATE_ZONE_TYPE_UNSPECIFIED,1.13665,Fitbit App
2026-05-03T07:32:40Z,HEART_RATE_ZONE_TYPE_UNSPECIFIED,1.13665,Fitbit App
2026-05-03T07:33:40Z,HEART_RATE_ZONE_TYPE_UNSPECIFIED,1.13665,Fitbit App
2026-05-03T07:34:40Z,HEART_RATE_ZONE_TYPE_UNSPECIFIED,1.13665,Fitbit App
2026-05-03T07:35:40Z,HEART_RATE_ZONE_TYPE_UNSPECIFIED,1.13665,Fitbit App
2026-05-03T07:36:40Z,HEART_RATE_ZONE_TYPE_UNSPECIFIED,1.13665,Fitbit App
2026-05-03T07:37:40Z,HEART_RATE_ZONE_TYPE_UNSPECIFIED,1.13665,Fitbit App
2026-05-03T07:38:40Z,HEART_RATE_ZONE_TYPE_UNSPECIFIED,1.13665,Fitbit App
2026-05-03T07:39:40Z,HEART_RATE_ZONE_TYPE_UNSPECIFIED,1.13665,Fitbit App
2026-05-03T07:40:40Z,HEART_RATE_ZONE_TYPE_UNSPECIFIED,1.13665,Fitbit App
2026-05-03T07:41:40Z,HEART_RATE_ZONE_TYPE_UNSPECIFIED,1.13665,Fitbit App
2026-05-03T07:42:40Z,HEART_RATE_ZONE_TYPE_UNSPECIFIED,1.13665,Fitbit App
2026-05-03T07:43:40Z,HEART_RATE_ZONE_TYPE_UNSPECIFIED,1.13665,Fitbit App
2026-05-03T07:44:40Z,HEART_RATE_ZONE_TYPE_UNSPECIFIED,1.13665,Fitbit App
2026-05-03T07:45:40Z,HEART_RATE_ZONE_TYPE_UNSPECIFIED,1.13665,Fitbit App
2026-05-03T07:46:40Z,HEART_RATE_ZONE_TYPE_UNSPECIFIED,1.13665,Fitbit App
2026-05-03T07:47:40Z,HEART_RATE_ZONE_TYPE_UNSPECIFIED,1.13665,Fitbit App
2026-05-03T07:48:40Z,HEART_RATE_ZONE_TYPE_UNSPECIFIED,1.13665,Fitbit App
2026-05-03T07:49:40Z,HEART_RATE_ZONE_TYPE_UNSPECIFIED,1.13665,Fitbit App
2026-05-03T07:50:40Z,HEART_RATE_ZONE_TYPE_UNSPECIFIED,1.13665,Fitbit App
2026-05-03T07:51:40Z,HEART_RATE_ZONE_TYPE_UNSPECIFIED,1.13665,Fitbit App
2026-05-03T07:52:40Z,HEART_RATE_ZONE_TYPE_UNSPECIFIED,1.13665,Fitbit App
2026-05-03T07:53:40Z,HEART_RATE_ZONE_TYPE_UNSPECIFIED,1.13665,Fitbit App
2026-05-03T07:54:40Z,HEART_RATE_ZONE_TYPE_UNSPECIFIED,1.13665,Fitbit App
2026-05-03T07:55:40Z,HEART_RATE_ZONE_TYPE_UNSPECIFIED,1.13665,Fitbit App
2026-05-03T07:56:40Z,HEART_RATE_ZONE_TYPE_UNSPECIFIED,1.13665,Fitbit App
2026-05-03T07:57:40Z,HEART_RATE_ZONE_TYPE_UNSPECIFIED,1.13665,Fitbit App
2026-05-03T07:58:40Z,HEART_RATE_ZONE_TYPE_UNSPECIFIED,1.13665,Fitbit App
2026-05-03T07:59:40Z,HEART_RATE_ZONE_TYPE_UNSPECIFIED,1.13665,Fitbit App
2026-05-03T08:00:40Z,HEART_RATE_ZONE_TYPE_UNSPECIFIED,1.13665,Fitbit App
2026-05-03T08:01:40Z,HEART_RATE_ZONE_TYPE_UNSPECIFIED,1.13665,Fitbit App
2026-05-03T08:02:40Z,HEART_RATE_ZONE_TYPE_UNSPECIFIED,1.13665,Fitbit App
2026-05-03T08:03:40Z,HEART_RATE_ZONE_TYPE_UNSPECIFIED,1.13665,Fitbit App
2026-05-03T08:04:40Z,HEART_RATE_ZONE_TYPE_UNSPECIFIED,1.13665,Fitbit App
2026-05-03T08:05:40Z,HEART_RATE_ZONE_TYPE_UNSPECIFIED,1.13665,Fitbit App
2026-05-03T08:06:40Z,HEART_RATE_ZONE_TYPE_UNSPECIFIED,1.13665,Fitbit App
2026-05-03T08:07:40Z,HEART_RATE_ZONE_TYPE_UNSPECIFIED,1.13665,Fitbit App
2026-05-03T08:08:40Z,HEART_RATE_ZONE_TYPE_UNSPECIFIED,1.13665,Fitbit App
2026-05-03T08:09:40Z,HEART_RATE_ZONE_TYPE_UNSPECIFIED,1.13665,Fitbit App
2026-05-03T08:10:40Z,HEART_RATE_ZONE_TYPE_UNSPECIFIED,1.13665,Fitbit App
2026-05-03T08:11:40Z,HEART_RATE_ZONE_TYPE_UNSPECIFIED,1.13665,Fitbit App
2026-05-03T08:12:40Z,HEART_RATE_ZONE_TYPE_UNSPECIFIED,1.13665,Fitbit App
2026-05-03T08:13:40Z,HEART_RATE_ZONE_TYPE_UNSPECIFIED,1.13665,Fitbit App
2026-05-03T08:14:40Z,HEART_RATE_ZONE_TYPE_UNSPECIFIED,1.13665,Fitbit App
2026-05-03T08:15:40Z,HEART_RATE_ZONE_TYPE_UNSPECIFIED,1.13665,Fitbit App
2026-05-03T08:16:40Z,HEART_RATE_ZONE_TYPE_UNSPECIFIED,1.13665,Fitbit App
2026-05-03T08:17:40Z,HEART_RATE_ZONE_TYPE_UNSPECIFIED,1.13665,Fitbit App
2026-05-03T08:18:40Z,HEART_RATE_ZONE_TYPE_UNSPECIFIED,1.13665,Fitbit App
2026-05-03T08:19:40Z,HEART_RATE_ZONE_TYPE_UNSPECIFIED,1.13665,Fitbit App
2026-05-03T08:20:40Z,HEART_RATE_ZONE_TYPE_UNSPECIFIED,1.13665,Fitbit App
2026-05-03T08:21:40Z,HEART_RATE_ZONE_TYPE_UNSPECIFIED,1.13665,Fitbit App
2026-05-03T08:22:40Z,HEART_RATE_ZONE_TYPE_UNSPECIFIED,1.13665,Fitbit App
2026-05-03T08:23:40Z,HEART_RATE_ZONE_TYPE_UNSPECIFIED,1.13665,Fitbit App
2026-05-03T08:24:40Z,HEART_RATE_ZONE_TYPE_UNSPECIFIED,1.13665,Fitbit App
2026-05-03T08:25:40Z,HEART_RATE_ZONE_TYPE_UNSPECIFIED,1.13665,Fitbit App
2026-05-03T08:26:40Z,HEART_RATE_ZONE_TYPE_UNSPECIFIED,1.13665,Fitbit App
2026-05-03T08:27:40Z,HEART_RATE_ZONE_TYPE_UNSPECIFIED,1.13665,Fitbit App
2026-05-03T08:28:40Z,HEART_RATE_ZONE_TYPE_UNSPECIFIED,1.13665,Fitbit App
2026-05-03T08:29:40Z,HEART_RATE_ZONE_TYPE_UNSPECIFIED,1.13665,Fitbit App
2026-05-03T08:30:40Z,HEART_RATE_ZONE_TYPE_UNSPECIFIED,1.13665,Fitbit App
2026-05-03T08:31:40Z,HEART_RATE_ZONE_TYPE_UNSPECIFIED,1.13665,Fitbit App
2026-05-03T08:32:40Z,HEART_RATE_ZONE_TYPE_UNSPECIFIED,1.13665,Fitbit App
2026-05-03T08:33:40Z,HEART_RATE_ZONE_TYPE_UNSPECIFIED,1.13665,Fitbit App
2026-05-03T08:34:40Z,HEART_RATE_ZONE_TYPE_UNSPECIFIED,1.13665,Fitbit App
2026-05-03T08:35:40Z,HEART_RATE_ZONE_TYPE_UNSPECIFIED,1.13665,Fitbit App
2026-05-03T08:36:40Z,HEART_RATE_ZONE_TYPE_UNSPECIFIED,1.13665,Fitbit App
2026-05-03T08:37:40Z,HEART_RATE_ZONE_TYPE_UNSPECIFIED,1.13665,Fitbit App
2026-05-03T08:38:40Z,HEART_RATE_ZONE_TYPE_UNSPECIFIED,1.13665,Fitbit App
2026-05-03T08:39:40Z,HEART_RATE_ZONE_TYPE_UNSPECIFIED,1.13665,Fitbit App
2026-05-03T08:40:40Z,HEART_RATE_ZONE_TYPE_UNSPECIFIED,1.13665,Fitbit App
2026-05-03T08:41:40Z,HEART_RATE_ZONE_TYPE_UNSPECIFIED,1.13665,Fitbit App
2026-05-03T08:42:40Z,HEART_RATE_ZONE_TYPE_UNSPECIFIED,1.13665,Fitbit App
2026-05-03T08:43:40Z,HEART_RATE_ZONE_TYPE_UNSPECIFIED,1.13665,Fitbit App
2026-05-03T08:44:40Z,HEART_RATE_ZONE_TYPE_UNSPECIFIED,1.13665,Fitbit App
2026-05-03T08:45:40Z,HEART_RATE_ZONE_TYPE_UNSPECIFIED,1.13665,Fitbit App
2026-05-03T08:46:40Z,HEART_RATE_ZONE_TYPE_UNSPECIFIED,1.13665,Fitbit App
2026-05-03T08:47:40Z,HEART_RATE_ZONE_TYPE_UNSPECIFIED,1.13665,Fitbit App
2026-05-03T08:48:40Z,HEART_RATE_ZONE_TYPE_UNSPECIFIED,1.13665,Fitbit App
2026-05-03T08:49:40Z,HEART_RATE_ZONE_TYPE_UNSPECIFIED,1.13665,Fitbit App
2026-05-03T08:50:40Z,HEART_RATE_ZONE_TYPE_UNSPECIFIED,1.13665,Fitbit App
2026-05-03T08:51:40Z,HEART_RATE_ZONE_TYPE_UNSPECIFIED,1.13665,Fitbit App
2026-05-03T08:52:40Z,HEART_RATE_ZONE_TYPE_UNSPECIFIED,1.13665,Fitbit App
2026-05-03T08:53:40Z,HEART_RATE_ZONE_TYPE_UNSPECIFIED,1.13665,Fitbit App
2026-05-03T08:54:40Z,HEART_RATE_ZONE_TYPE_UNSPECIFIED,1.13665,Fitbit App
2026-05-03T08:55:40Z,HEART_RATE_ZONE_TYPE_UNSPECIFIED,1.13665,Fitbit App
2026-05-03T08:56:40Z,HEART_RATE_ZONE_TYPE_UNSPECIFIED,1.13665,Fitbit App
2026-05-03T08:57:40Z,HEART_RATE_ZONE_TYPE_UNSPECIFIED,1.13665,Fitbit App
2026-05-03T08:58:40Z,HEART_RATE_ZONE_TYPE_UNSPECIFIED,1.13665,Fitbit App
2026-05-03T08:59:40Z,HEART_RATE_ZONE_TYPE_UNSPECIFIED,1.13665,Fitbit App
2026-05-03T09:00:40Z,HEART_RATE_ZONE_TYPE_UNSPECIFIED,1.13665,Fitbit App
2026-05-03T09:01:40Z,HEART_RATE_ZONE_TYPE_UNSPECIFIED,1.13665,Fitbit App
2026-05-03T09:02:40Z,HEART_RATE_ZONE_TYPE_UNSPECIFIED,1.13665,Fitbit App
2026-05-03T09:03:40Z,HEART_RATE_ZONE_TYPE_UNSPECIFIED,1.13665,Fitbit App
2026-05-03T09:04:40Z,HEART_RATE_ZONE_TYPE_UNSPECIFIED,1.13665,Fitbit App
2026-05-03T09:05:40Z,HEART_RATE_ZONE_TYPE_UNSPECIFIED,1.13665,Fitbit App
2026-05-03T09:06:40Z,HEART_RATE_ZONE_TYPE_UNSPECIFIED,1.13665,Fitbit App
2026-05-03T09:07:40Z,HEART_RATE_ZONE_TYPE_UNSPECIFIED,1.13665,Fitbit App
2026-05-03T09:08:40Z,HEART_RATE_ZONE_TYPE_UNSPECIFIED,1.13665,Fitbit App
2026-05-03T09:09:40Z,HEART_RATE_ZONE_TYPE_UNSPECIFIED,1.13665,Fitbit App
2026-05-03T09:10:40Z,HEART_RATE_ZONE_TYPE_UNSPECIFIED,1.13665,Fitbit App
2026-05-03T09:11:40Z,HEART_RATE_ZONE_TYPE_UNSPECIFIED,1.13665,Fitbit App
2026-05-03T09:12:40Z,HEART_RATE_ZONE_TYPE_UNSPECIFIED,1.13665,Fitbit App
2026-05-03T09:13:40Z,HEART_RATE_ZONE_TYPE_UNSPECIFIED,1.13665,Fitbit App
2026-05-03T09:14:40Z,HEART_RATE_ZONE_TYPE_UNSPECIFIED,1.13665,Fitbit App
2026-05-03T09:15:40Z,HEART_RATE_ZONE_TYPE_UNSPECIFIED,1.13665,Fitbit App
2026-05-03T09:16:40Z,HEART_RATE_ZONE_TYPE_UNSPECIFIED,1.13665,Fitbit App
2026-05-03T09:17:40Z,HEART_RATE_ZONE_TYPE_UNSPECIFIED,1.13665,Fitbit App
2026-05-03T09:18:40Z,HEART_RATE_ZONE_TYPE_UNSPECIFIED,1.13665,Fitbit App
2026-05-03T09:19:40Z,HEART_RATE_ZONE_TYPE_UNSPECIFIED,1.13665,Fitbit App
2026-05-03T09:20:40Z,HEART_RATE_ZONE_TYPE_UNSPECIFIED,1.13665,Fitbit App
2026-05-03T09:21:40Z,HEART_RATE_ZONE_TYPE_UNSPECIFIED,1.13665,Fitbit App
2026-05-03T09:22:40Z,HEART_RATE_ZONE_TYPE_UNSPECIFIED,1.13665,Fitbit App
2026-05-03T09:23:40Z,HEART_RATE_ZONE_TYPE_UNSPECIFIED,1.13665,Fitbit App
2026-05-03T09:24:40Z,HEART_RATE_ZONE_TYPE_UNSPECIFIED,1.13665,Fitbit App
2026-05-03T09:25:40Z,HEART_RATE_ZONE_TYPE_UNSPECIFIED,1.13665,Fitbit App
2026-05-03T09:26:40Z,HEART_RATE_ZONE_TYPE_UNSPECIFIED,1.13665,Fitbit App
2026-05-03T09:27:40Z,HEART_RATE_ZONE_TYPE_UNSPECIFIED,1.13665,Fitbit App
2026-05-03T09:28:40Z,HEART_RATE_ZONE_TYPE_UNSPECIFIED,1.13665,Fitbit App
