timestamp,distance,data source
2026-04-01T00:01:55Z,0.67,Fitbit App
2026-04-01T00:02:55Z,6.71,Fitbit App
2026-04-01T00:03:55Z,3.36,Fitbit App
2026-04-01T00:07:55Z,2.01,Fitbit App
2026-04-01T00:08:55Z,2.68,Fitbit App
2026-04-01T00:10:55Z,3.36,Fitbit App
2026-04-01T00:11:55Z,4.70,Fitbit App
2026-04-01T00:13:55Z,8.05,Fitbit App
2026-04-01T00:14:55Z,14.76,Fitbit App
2026-04-01T00:15:55Z,9.39,Fitbit App
2026-04-01T00:16:55Z,19.46,Fitbit App
2026-04-01T00:17:55Z,10.74,Fitbit App
2026-04-01T00:21:55Z,2.01,Fitbit App
2026-04-01T00:22:55Z,16.78,Fitbit App
2026-04-01T00:23:55Z,23.49,Fitbit App
2026-04-01T00:24:55Z,13.42,Fitbit App
2026-04-01T00:25:55Z,34.22,Fitbit App
2026-04-01T00:26:55Z,34.22,Fitbit App
2026-04-01T00:27:55Z,10.07,Fitbit App
2026-04-01T00:32:55Z,10.07,Fitbit App
2026-04-01T00:33:55Z,6.71,Fitbit App
2026-04-01T00:34:55Z,21.47,Fitbit App
2026-04-01T00:42:55Z,4.03,Fitbit App
2026-04-01T00:43:55Z,6.71,Fitbit App
2026-04-01T00:44:55Z,1.34,Fitbit App
2026-04-01T00:45:55Z,3.36,Fitbit App
2026-04-01T00:46:55Z,1.34,Fitbit App
2026-04-01T00:47:55Z,7.38,Fitbit App
2026-04-01T00:48:55Z,4.70,Fitbit App
2026-04-01T00:52:55Z,4.70,Fitbit App
2026-04-01T00:53:55Z,34.89,Fitbit App
2026-04-01T00:54:55Z,14.09,Fitbit App
2026-04-01T00:55:55Z,14.76,Fitbit App
2026-04-01T00:56:55Z,15.43,Fitbit App
2026-04-01T00:57:55Z,26.84,Fitbit App
2026-04-01T00:58:55Z,20.13,Fitbit App
2026-04-01T00:59:55Z,34.89,Fitbit App
2026-04-01T01:00:55Z,62.35,Fitbit App
2026-04-01T01:01:55Z,9.39,Fitbit App
2026-04-01T01:02:55Z,24.83,Fitbit App
2026-04-01T01:03:55Z,38.25,Fitbit App
2026-04-01T01:04:55Z,38.92,Fitbit App
2026-04-01T01:05:55Z,63.22,Fitbit App
2026-04-01T01:06:55Z,12.75,Fitbit App
2026-04-01T01:07:55Z,26.84,Fitbit App
2026-04-01T01:08:55Z,22.81,Fitbit App
2026-04-01T01:09:55Z,30.87,Fitbit App
2026-04-01T01:10:55Z,45.63,Fitbit App
2026-04-01T01:11:55Z,28.85,Fitbit App
2026-04-01T01:12:55Z,77.94,Fitbit App
2026-04-01T01:13:55Z,36.91,Fitbit App
2026-04-01T01:14:55Z,2.01,Fitbit App
2026-04-01T01:15:55Z,12.08,Fitbit App
2026-04-01T01:16:55Z,16.78,Fitbit App
2026-04-01T01:17:55Z,32.21,Fitbit App
2026-04-01T01:18:55Z,24.16,Fitbit App
2026-04-01T01:19:55Z,15.43,Fitbit App
2026-04-01T01:20:55Z,7.38,Fitbit App
2026-04-01T01:21:55Z,7.38,Fitbit App
2026-04-01T01:22:55Z,5.37,Fitbit App
2026-04-01T01:23:55Z,42.27,Fitbit App
2026-04-01T01:53:55Z,4.70,Fitbit App
2026-04-01T01:54:55Z,24.16,Fitbit App
2026-04-01T01:55:55Z,17.45,Fitbit App
2026-04-01T01:56:55Z,17.45,Fitbit App
2026-04-01T01:57:55Z,10.07,Fitbit App
2026-04-01T02:02:55Z,9.39,Fitbit App
2026-04-01T02:03:55Z,10.07,Fitbit App
2026-04-01T02:04:55Z,8.05,Fitbit App
2026-04-01T02:05:55Z,23.49,Fitbit App
2026-04-01T02:10:55Z,7.38,Fitbit App
2026-04-01T02:11:55Z,29.52,Fitbit App
2026-04-01T02:12:55Z,29.52,Fitbit App
2026-04-01T02:28:55Z,4.70,Fitbit App
2026-04-01T02:29:55Z,23.49,Fitbit App
2026-04-01T02:30:55Z,12.75,Fitbit App
2026-04-01T02:31:55Z,8.05,Fitbit App
2026-04-01T02:32:55Z,38.92,Fitbit App
2026-04-01T02:33:55Z,26.84,Fitbit App
2026-04-01T02:35:55Z,7.38,Fitbit App
2026-04-01T02:36:55Z,10.07,Fitbit App
2026-04-01T02:38:55Z,4.03,Fitbit App
2026-04-01T02:39:55Z,25.50,Fitbit App
2026-04-01T02:40:55Z,32.21,Fitbit App
2026-04-01T02:42:55Z,8.05,Fitbit App
2026-04-01T02:43:55Z,25.50,Fitbit App
2026-04-01T02:47:55Z,6.04,Fitbit App
2026-04-01T02:48:55Z,8.72,Fitbit App
2026-04-01T02:50:55Z,9.39,Fitbit App
2026-04-01T02:51:55Z,10.74,Fitbit App
2026-04-01T02:52:55Z,10.07,Fitbit App
2026-04-01T02:53:55Z,35.56,Fitbit App
2026-04-01T02:54:55Z,0.67,Fitbit App
2026-04-01T02:55:55Z,14.76,Fitbit App
2026-04-01T02:56:55Z,40.26,Fitbit App
2026-04-01T02:57:55Z,16.78,Fitbit App
2026-04-01T02:58:55Z,6.04,Fitbit App
2026-04-01T02:59:55Z,6.04,Fitbit App
2026-04-01T03:02:55Z,5.37,Fitbit App
2026-04-01T03:03:55Z,22.81,Fitbit App
2026-04-01T03:04:55Z,29.52,Fitbit App
2026-04-01T03:05:55Z,79.67,Fitbit App
2026-04-01T03:06:55Z,62.35,Fitbit App
2026-04-01T03:07:55Z,14.76,Fitbit App
2026-04-01T03:08:55Z,2.68,Fitbit App
2026-04-01T03:09:55Z,12.75,Fitbit App
2026-04-01T03:14:55Z,3.36,Fitbit App
2026-04-01T03:15:55Z,39.59,Fitbit App
2026-04-01T03:21:55Z,2.01,Fitbit App
2026-04-01T03:22:55Z,20.80,Fitbit App
2026-04-01T03:23:55Z,14.76,Fitbit App
2026-04-01T03:25:55Z,9.39,Fitbit App
2026-04-01T03:26:55Z,40.26,Fitbit App
2026-04-01T03:27:55Z,39.59,Fitbit App
2026-04-01T03:28:55Z,59.75,Fitbit App
2026-04-01T03:29:55Z,9.39,Fitbit App
2026-04-01T03:31:55Z,6.04,Fitbit App
2026-04-01T03:32:55Z,25.50,Fitbit App
2026-04-01T03:33:55Z,17.45,Fitbit App
2026-04-01T03:34:55Z,31.54,Fitbit App
2026-04-01T03:35:55Z,4.03,Fitbit App
2026-04-01T03:36:55Z,20.13,Fitbit App
2026-04-01T03:37:55Z,24.83,Fitbit App
2026-04-01T03:38:55Z,12.75,Fitbit App
2026-04-01T03:39:55Z,109.98,Fitbit App
2026-04-01T03:40:55Z,111.71,Fitbit App
2026-04-01T03:41:55Z,109.98,Fitbit App
2026-04-01T03:42:55Z,93.53,Fitbit App
2026-04-01T03:43:55Z,10.07,Fitbit App
2026-04-01T03:44:55Z,3.36,Fitbit App
2026-04-01T04:09:55Z,6.71,Fitbit App
2026-04-01T04:10:55Z,81.40,Fitbit App
2026-04-01T04:11:55Z,99.59,Fitbit App
2026-04-01T04:12:55Z,85.73,Fitbit App
2026-04-01T04:13:55Z,90.93,Fitbit App
2026-04-01T04:14:55Z,37.58,Fitbit App
2026-04-01T04:15:55Z,5.37,Fitbit App
2026-04-01T04:16:55Z,15.43,Fitbit App
2026-04-01T04:23:55Z,2.68,Fitbit App
2026-04-01T04:24:55Z,26.84,Fitbit App
2026-04-01T04:25:55Z,108.25,Fitbit App
2026-04-01T04:26:55Z,44.96,Fitbit App
2026-04-01T04:27:55Z,20.80,Fitbit App
2026-04-01T05:28:55Z,2.01,Fitbit App
2026-04-01T05:29:55Z,4.70,Fitbit App
2026-04-01T06:23:55Z,3.36,Fitbit App
2026-04-01T06:24:55Z,1.34,Fitbit App
2026-04-01T08:10:55Z,7.38,Fitbit App
2026-04-01T08:11:55Z,29.52,Fitbit App
2026-04-01T08:13:55Z,5.37,Fitbit App
2026-04-01T08:14:55Z,87.47,Fitbit App
2026-04-01T08:15:55Z,68.41,Fitbit App
2026-04-01T08:57:55Z,6.71,Fitbit App
2026-04-01T08:58:55Z,7.38,Fitbit App
2026-04-01T08:59:55Z,10.07,Fitbit App
2026-04-01T09:00:55Z,85.73,Fitbit App
2026-04-01T09:01:55Z,95.26,Fitbit App
2026-04-01T09:02:55Z,44.96,Fitbit App
2026-04-01T09:03:55Z,6.04,Fitbit App
2026-04-01T09:04:55Z,6.71,Fitbit App
2026-04-01T10:59:55Z,10.07,Fitbit App
2026-04-01T11:00:55Z,14.09,Fitbit App
2026-04-01T18:55:55Z,6.71,Fitbit App
2026-04-01T19:00:55Z,1.34,Fitbit App
2026-04-01T19:01:55Z,13.42,Fitbit App
2026-04-01T19:02:55Z,31.54,Fitbit App
2026-04-01T19:03:55Z,64.08,Fitbit App
2026-04-01T19:04:55Z,110.85,Fitbit App
2026-04-01T19:05:55Z,42.94,Fitbit App
2026-04-01T19:28:55Z,8.72,Fitbit App
2026-04-01T19:29:55Z,96.13,Fitbit App
2026-04-01T19:30:55Z,103.05,Fitbit App
2026-04-01T19:31:55Z,91.80,Fitbit App
2026-04-01T19:33:55Z,2.01,Fitbit App
2026-04-01T19:34:55Z,29.52,Fitbit App
2026-04-01T19:35:55Z,81.40,Fitbit App
2026-04-01T19:36:55Z,4.03,Fitbit App
2026-04-01T19:37:55Z,14.76,Fitbit App
2026-04-01T19:38:55Z,22.81,Fitbit App
2026-04-01T19:39:55Z,20.80,Fitbit App
2026-04-01T19:40:55Z,1.34,Fitbit App
2026-04-01T19:41:55Z,4.03,Fitbit App
2026-04-01T19:43:55Z,4.70,Fitbit App
2026-04-01T19:44:55Z,14.76,Fitbit App
2026-04-01T19:45:55Z,2.68,Fitbit App
2026-04-01T19:46:55Z,14.09,Fitbit App
2026-04-01T19:47:55Z,6.04,Fitbit App
2026-04-01T19:51:55Z,5.37,Fitbit App
2026-04-01T19:56:55Z,8.05,Fitbit App
2026-04-01T19:57:55Z,12.75,Fitbit App
2026-04-01T19:58:55Z,6.04,Fitbit App
2026-04-01T20:06:55Z,6.04,Fitbit App
2026-04-01T20:07:55Z,7.38,Fitbit App
2026-04-01T20:08:55Z,18.79,Fitbit App
2026-04-01T20:09:55Z,9.39,Fitbit App
2026-04-01T20:10:55Z,12.08,Fitbit App
2026-04-01T20:11:55Z,22.14,Fitbit App
2026-04-01T20:12:55Z,14.09,Fitbit App
2026-04-01T20:13:55Z,23.49,Fitbit App
2026-04-01T20:14:55Z,22.81,Fitbit App
2026-04-01T20:15:55Z,16.10,Fitbit App
2026-04-01T20:16:55Z,11.41,Fitbit App
2026-04-01T20:17:55Z,10.07,Fitbit App
2026-04-01T20:18:55Z,23.49,Fitbit App
2026-04-01T20:19:55Z,18.79,Fitbit App
2026-04-01T20:20:55Z,11.41,Fitbit App
2026-04-01T20:21:55Z,35.56,Fitbit App
2026-04-01T20:22:55Z,18.79,Fitbit App
2026-04-01T20:23:55Z,22.81,Fitbit App
2026-04-01T20:24:55Z,10.07,Fitbit App
2026-04-01T20:25:55Z,24.83,Fitbit App
2026-04-01T20:26:55Z,4.70,Fitbit App
2026-04-01T20:27:55Z,20.13,Fitbit App
2026-04-01T20:28:55Z,13.42,Fitbit App
2026-04-01T20:29:55Z,84.00,Fitbit App
2026-04-01T20:31:55Z,10.74,Fitbit App
2026-04-01T20:32:55Z,6.71,Fitbit App
2026-04-01T20:35:55Z,3.36,Fitbit App
2026-04-01T20:36:55Z,14.76,Fitbit App
2026-04-01T20:37:55Z,14.09,Fitbit App
2026-04-01T20:38:55Z,43.62,Fitbit App
2026-04-01T20:39:55Z,21.47,Fitbit App
2026-04-01T20:40:55Z,71.88,Fitbit App
2026-04-01T20:41:55Z,17.45,Fitbit App
2026-04-01T20:42:55Z,29.52,Fitbit App
2026-04-01T20:43:55Z,21.47,Fitbit App
2026-04-01T20:44:55Z,23.49,Fitbit App
2026-04-01T20:45:55Z,33.55,Fitbit App
2026-04-01T20:46:55Z,102.19,Fitbit App
2026-04-01T20:47:55Z,22.81,Fitbit App
2026-04-01T20:48:55Z,4.03,Fitbit App
2026-04-01T20:49:55Z,19.46,Fitbit App
2026-04-01T20:50:55Z,6.71,Fitbit App
2026-04-01T20:51:55Z,14.09,Fitbit App
2026-04-01T20:52:55Z,14.76,Fitbit App
2026-04-01T20:53:55Z,17.45,Fitbit App
2026-04-01T20:54:55Z,18.79,Fitbit App
2026-04-01T20:55:55Z,69.28,Fitbit App
2026-04-01T20:56:55Z,101.32,Fitbit App
2026-04-01T20:57:55Z,19.46,Fitbit App
2026-04-01T20:58:55Z,24.83,Fitbit App
2026-04-01T20:59:55Z,16.78,Fitbit App
2026-04-01T21:00:55Z,32.88,Fitbit App
2026-04-01T21:04:55Z,6.71,Fitbit App
2026-04-01T21:05:55Z,36.23,Fitbit App
2026-04-01T21:06:55Z,85.73,Fitbit App
2026-04-01T21:07:55Z,63.22,Fitbit App
2026-04-01T21:08:55Z,26.17,Fitbit App
2026-04-01T21:09:55Z,8.05,Fitbit App
2026-04-01T21:10:55Z,24.83,Fitbit App
2026-04-01T21:13:55Z,7.38,Fitbit App
2026-04-01T21:14:55Z,13.42,Fitbit App
2026-04-01T21:15:55Z,4.70,Fitbit App
2026-04-01T21:16:55Z,1.34,Fitbit App
2026-04-01T21:18:55Z,1.34,Fitbit App
2026-04-01T21:19:55Z,8.05,Fitbit App
2026-04-01T21:20:55Z,2.01,Fitbit App
2026-04-01T21:21:55Z,8.05,Fitbit App
2026-04-01T21:22:55Z,11.41,Fitbit App
2026-04-01T21:25:55Z,3.36,Fitbit App
2026-04-01T21:26:55Z,14.09,Fitbit App
2026-04-01T21:27:55Z,17.45,Fitbit App
2026-04-01T21:28:55Z,11.41,Fitbit App
2026-04-01T21:29:55Z,30.20,Fitbit App
2026-04-01T21:33:55Z,3.36,Fitbit App
2026-04-01T21:34:55Z,8.72,Fitbit App
2026-04-01T21:36:55Z,1.34,Fitbit App
2026-04-01T21:37:55Z,4.03,Fitbit App
2026-04-01T21:38:55Z,3.36,Fitbit App
2026-04-01T21:39:55Z,8.05,Fitbit App
2026-04-01T21:40:55Z,30.87,Fitbit App
2026-04-01T21:41:55Z,64.08,Fitbit App
2026-04-01T21:42:55Z,4.70,Fitbit App
2026-04-01T21:43:55Z,1.34,Fitbit App
2026-04-01T21:46:55Z,4.03,Fitbit App
2026-04-01T21:47:55Z,75.34,Fitbit App
2026-04-01T21:48:55Z,21.47,Fitbit App
2026-04-01T21:49:55Z,14.09,Fitbit App
2026-04-01T21:50:55Z,8.72,Fitbit App
2026-04-01T21:51:55Z,19.46,Fitbit App
2026-04-01T21:53:55Z,2.01,Fitbit App
2026-04-01T21:54:55Z,16.78,Fitbit App
2026-04-01T21:55:55Z,24.83,Fitbit App
2026-04-01T21:58:55Z,3.36,Fitbit App
2026-04-01T21:59:55Z,8.72,Fitbit App
2026-04-01T22:00:55Z,10.07,Fitbit App
2026-04-01T22:04:55Z,3.36,Fitbit App
2026-04-01T22:05:55Z,15.43,Fitbit App
2026-04-01T22:06:55Z,26.84,Fitbit App
2026-04-01T22:07:55Z,36.91,Fitbit App
2026-04-01T22:08:55Z,26.84,Fitbit App
2026-04-01T22:09:55Z,7.38,Fitbit App
2026-04-01T22:17:55Z,9.39,Fitbit App
2026-04-01T22:18:55Z,14.09,Fitbit App
2026-04-01T22:23:55Z,3.36,Fitbit App
2026-04-01T22:24:55Z,3.36,Fitbit App
2026-04-01T22:26:55Z,2.01,Fitbit App
2026-04-01T22:27:55Z,4.03,Fitbit App
2026-04-01T22:28:55Z,5.37,Fitbit App
2026-04-01T22:29:55Z,16.78,Fitbit App
2026-04-01T22:31:55Z,2.68,Fitbit App
2026-04-01T22:32:55Z,7.38,Fitbit App
2026-04-01T22:33:55Z,11.41,Fitbit App
2026-04-01T22:34:55Z,9.39,Fitbit App
2026-04-01T22:35:55Z,10.74,Fitbit App
2026-04-01T22:36:55Z,8.05,Fitbit App
2026-04-01T22:37:55Z,12.75,Fitbit App
2026-04-01T22:39:55Z,6.71,Fitbit App
2026-04-01T22:40:55Z,13.42,Fitbit App
2026-04-01T22:41:55Z,6.04,Fitbit App
2026-04-01T22:42:55Z,10.07,Fitbit App
2026-04-01T22:45:55Z,2.01,Fitbit App
2026-04-01T22:46:55Z,21.47,Fitbit App
2026-04-01T22:47:55Z,11.41,Fitbit App
2026-04-01T22:48:55Z,2.01,Fitbit App
2026-04-01T22:51:55Z,2.68,Fitbit App
2026-04-01T22:52:55Z,13.42,Fitbit App
2026-04-01T22:53:55Z,4.03,Fitbit App
2026-04-01T22:54:55Z,26.17,Fitbit App
2026-04-01T22:55:55Z,3.36,Fitbit App
2026-04-01T22:56:55Z,15.43,Fitbit App
2026-04-01T22:57:55Z,40.26,Fitbit App
2026-04-01T22:58:55Z,10.74,Fitbit App
2026-04-01T23:01:55Z,2.68,Fitbit App
2026-04-01T23:02:55Z,10.07,Fitbit App
2026-04-01T23:04:55Z,3.36,Fitbit App
2026-04-01T23:05:55Z,22.81,Fitbit App
2026-04-01T23:06:55Z,4.03,Fitbit App
2026-04-01T23:07:55Z,18.12,Fitbit App
2026-04-01T23:10:55Z,3.36,Fitbit App
2026-04-01T23:11:55Z,15.43,Fitbit App
2026-04-01T23:12:55Z,2.68,Fitbit App
2026-04-01T23:13:55Z,2.68,Fitbit App
2026-04-01T23:14:55Z,16.10,Fitbit App
2026-04-01T23:15:55Z,2.68,Fitbit App
2026-04-01T23:20:55Z,5.37,Fitbit App
2026-04-01T23:21:55Z,4.70,Fitbit App
2026-04-01T23:26:55Z,10.74,Fitbit App
2026-04-01T23:27:55Z,18.12,Fitbit App
2026-04-01T23:28:55Z,6.71,Fitbit App
2026-04-01T23:36:55Z,8.72,Fitbit App
2026-04-01T23:37:55Z,3.36,Fitbit App
2026-04-01T23:38:55Z,18.12,Fitbit App
2026-04-01T23:39:55Z,4.03,Fitbit App
2026-04-01T23:42:55Z,0.67,Fitbit App
2026-04-01T23:43:55Z,9.39,Fitbit App
2026-04-01T23:44:55Z,40.93,Fitbit App
2026-04-01T23:45:55Z,16.10,Fitbit App
2026-04-01T23:49:55Z,0.67,Fitbit App
2026-04-01T23:50:55Z,13.42,Fitbit App
2026-04-01T23:51:55Z,5.37,Fitbit App
2026-04-01T23:52:55Z,28.85,Fitbit App
2026-04-01T23:53:55Z,12.08,Fitbit App
2026-04-01T23:54:55Z,5.37,Fitbit App
2026-04-01T23:55:55Z,14.76,Fitbit App
2026-04-01T23:57:55Z,5.37,Fitbit App
2026-04-01T23:58:55Z,8.72,Fitbit App
2026-04-02T00:01:55Z,4.03,Fitbit App
2026-04-02T00:02:55Z,21.47,Fitbit App
2026-04-02T00:03:55Z,0.67,Fitbit App
2026-04-02T00:04:55Z,2.01,Fitbit App
2026-04-02T00:05:55Z,14.09,Fitbit App
2026-04-02T00:06:55Z,15.43,Fitbit App
2026-04-02T00:07:55Z,20.80,Fitbit App
2026-04-02T00:08:55Z,3.36,Fitbit App
2026-04-02T00:09:55Z,7.38,Fitbit App
2026-04-02T00:10:55Z,2.68,Fitbit App
2026-04-02T00:11:55Z,8.05,Fitbit App
2026-04-02T00:12:55Z,0.67,Fitbit App
2026-04-02T00:13:55Z,6.71,Fitbit App
2026-04-02T00:14:55Z,29.52,Fitbit App
2026-04-02T00:17:55Z,8.05,Fitbit App
2026-04-02T00:18:55Z,2.68,Fitbit App
2026-04-02T00:19:55Z,4.70,Fitbit App
2026-04-02T00:20:55Z,14.09,Fitbit App
2026-04-02T00:21:55Z,2.01,Fitbit App
2026-04-02T00:22:55Z,19.46,Fitbit App
2026-04-02T00:23:55Z,31.54,Fitbit App
2026-04-02T00:24:55Z,12.75,Fitbit App
2026-04-02T00:25:55Z,12.75,Fitbit App
2026-04-02T00:26:55Z,42.94,Fitbit App
2026-04-02T00:27:55Z,16.78,Fitbit App
2026-04-02T00:33:55Z,5.37,Fitbit App
2026-04-02T00:34:55Z,4.70,Fitbit App
2026-04-02T00:35:55Z,7.38,Fitbit App
2026-04-02T00:36:55Z,32.88,Fitbit App
2026-04-02T00:37:55Z,16.78,Fitbit App
2026-04-02T00:43:55Z,11.41,Fitbit App
2026-04-02T00:44:55Z,4.70,Fitbit App
2026-04-02T00:46:13Z,2.01,Fitbit App
2026-04-02T00:47:13Z,20.13,Fitbit App
2026-04-02T00:48:13Z,24.16,Fitbit App
2026-04-02T00:49:13Z,15.43,Fitbit App
2026-04-02T00:50:13Z,16.78,Fitbit App
2026-04-02T00:51:13Z,66.68,Fitbit App
2026-04-02T00:52:13Z,28.85,Fitbit App
2026-04-02T00:53:13Z,32.88,Fitbit App
2026-04-02T00:54:13Z,4.70,Fitbit App
2026-04-02T00:55:13Z,10.07,Fitbit App
2026-04-02T00:56:13Z,24.16,Fitbit App
2026-04-02T00:57:13Z,23.49,Fitbit App
2026-04-02T00:58:13Z,10.07,Fitbit App
2026-04-02T00:59:13Z,30.87,Fitbit App
2026-04-02T01:00:13Z,21.47,Fitbit App
2026-04-02T01:01:13Z,22.81,Fitbit App
2026-04-02T01:02:13Z,42.27,Fitbit App
2026-04-02T01:03:13Z,11.41,Fitbit App
2026-04-02T01:04:13Z,32.21,Fitbit App
2026-04-02T01:05:13Z,0.67,Fitbit App
2026-04-02T01:06:13Z,12.75,Fitbit App
2026-04-02T01:07:13Z,31.54,Fitbit App
2026-04-02T01:08:13Z,41.60,Fitbit App
2026-04-02T01:09:13Z,35.56,Fitbit App
2026-04-02T01:10:13Z,8.72,Fitbit App
2026-04-02T01:11:13Z,22.81,Fitbit App
2026-04-02T01:12:13Z,12.75,Fitbit App
2026-04-02T01:13:13Z,32.88,Fitbit App
2026-04-02T01:14:13Z,33.55,Fitbit App
2026-04-02T01:15:13Z,9.39,Fitbit App
2026-04-02T01:20:13Z,6.71,Fitbit App
2026-04-02T01:21:13Z,19.46,Fitbit App
2026-04-02T01:22:13Z,12.75,Fitbit App
2026-04-02T01:23:13Z,32.88,Fitbit App
2026-04-02T01:50:13Z,4.70,Fitbit App
2026-04-02T01:51:13Z,25.50,Fitbit App
2026-04-02T01:52:13Z,26.84,Fitbit App
2026-04-02T01:53:13Z,5.37,Fitbit App
2026-04-02T01:54:13Z,37.58,Fitbit App
2026-04-02T01:55:13Z,40.93,Fitbit App
2026-04-02T01:56:13Z,22.81,Fitbit App
2026-04-02T02:00:13Z,10.07,Fitbit App
2026-04-02T02:01:13Z,10.07,Fitbit App
2026-04-02T02:05:13Z,4.03,Fitbit App
2026-04-02T02:06:13Z,14.09,Fitbit App
2026-04-02T02:07:13Z,5.37,Fitbit App
2026-04-02T02:08:13Z,32.88,Fitbit App
2026-04-02T02:09:13Z,30.87,Fitbit App
2026-04-02T02:10:13Z,9.39,Fitbit App
2026-04-02T02:11:13Z,4.70,Fitbit App
2026-04-02T02:12:13Z,20.13,Fitbit App
2026-04-02T02:13:13Z,21.47,Fitbit App
2026-04-02T02:14:13Z,36.91,Fitbit App
2026-04-02T02:15:13Z,62.35,Fitbit App
2026-04-02T02:16:13Z,20.80,Fitbit App
2026-04-02T02:17:13Z,34.22,Fitbit App
2026-04-02T02:18:13Z,13.42,Fitbit App
2026-04-02T02:19:13Z,30.87,Fitbit App
2026-04-02T02:20:13Z,36.23,Fitbit App
2026-04-02T02:21:13Z,24.83,Fitbit App
2026-04-02T02:22:13Z,37.58,Fitbit App
2026-04-02T02:23:13Z,7.38,Fitbit App
2026-04-02T02:27:13Z,1.34,Fitbit App
2026-04-02T02:28:13Z,16.10,Fitbit App
2026-04-02T02:29:13Z,40.26,Fitbit App
2026-04-02T02:30:13Z,11.41,Fitbit App
2026-04-02T02:32:13Z,2.01,Fitbit App
2026-04-02T02:33:13Z,29.52,Fitbit App
2026-04-02T02:34:13Z,5.37,Fitbit App
2026-04-02T02:35:13Z,8.05,Fitbit App
2026-04-02T02:36:13Z,4.03,Fitbit App
2026-04-02T02:39:13Z,0.67,Fitbit App
2026-04-02T02:40:13Z,7.38,Fitbit App
2026-04-02T02:41:13Z,38.25,Fitbit App
2026-04-02T02:42:13Z,23.49,Fitbit App
2026-04-02T02:43:13Z,21.47,Fitbit App
2026-04-02T02:47:13Z,9.39,Fitbit App
2026-04-02T02:48:13Z,40.26,Fitbit App
2026-04-02T02:49:13Z,9.39,Fitbit App
2026-04-02T02:50:13Z,10.07,Fitbit App
2026-04-02T02:55:13Z,2.01,Fitbit App
2026-04-02T02:56:13Z,26.84,Fitbit App
2026-04-02T02:57:13Z,20.13,Fitbit App
2026-04-02T03:02:13Z,6.71,Fitbit App
2026-04-02T03:03:13Z,12.75,Fitbit App
2026-04-02T03:04:13Z,7.38,Fitbit App
2026-04-02T03:05:13Z,13.42,Fitbit App
2026-04-02T03:06:13Z,17.45,Fitbit App
2026-04-02T03:07:13Z,34.22,Fitbit App
2026-04-02T03:08:13Z,6.04,Fitbit App
2026-04-02T03:10:13Z,8.05,Fitbit App
2026-04-02T03:11:13Z,16.10,Fitbit App
2026-04-02T03:12:13Z,17.45,Fitbit App
2026-04-02T03:13:13Z,29.52,Fitbit App
2026-04-02T03:14:13Z,74.48,Fitbit App
2026-04-02T03:15:13Z,65.82,Fitbit App
2026-04-02T03:16:13Z,90.06,Fitbit App
2026-04-02T03:17:13Z,20.80,Fitbit App
2026-04-02T03:19:13Z,4.03,Fitbit App
2026-04-02T03:20:13Z,9.39,Fitbit App
2026-04-02T03:21:13Z,44.96,Fitbit App
2026-04-02T03:22:13Z,39.59,Fitbit App
2026-04-02T03:23:13Z,6.71,Fitbit App
2026-04-02T03:25:13Z,2.01,Fitbit App
2026-04-02T03:26:13Z,8.05,Fitbit App
2026-04-02T03:27:13Z,35.56,Fitbit App
2026-04-02T03:28:13Z,93.53,Fitbit App
2026-04-02T03:29:13Z,16.10,Fitbit App
2026-04-02T03:33:13Z,3.36,Fitbit App
2026-04-02T03:34:13Z,4.70,Fitbit App
2026-04-02T03:35:13Z,10.74,Fitbit App
2026-04-02T03:36:13Z,41.60,Fitbit App
2026-04-02T03:37:13Z,65.82,Fitbit App
2026-04-02T03:38:13Z,108.25,Fitbit App
2026-04-02T03:39:13Z,105.65,Fitbit App
2026-04-02T03:40:13Z,105.65,Fitbit App
2026-04-02T03:41:13Z,12.75,Fitbit App
2026-04-02T03:43:13Z,3.36,Fitbit App
2026-04-02T03:44:13Z,17.45,Fitbit App
2026-04-02T04:04:13Z,3.36,Fitbit App
2026-04-02T04:05:13Z,29.52,Fitbit App
2026-04-02T04:06:13Z,71.88,Fitbit App
2026-04-02T04:07:13Z,72.74,Fitbit App
2026-04-02T04:24:13Z,0.67,Fitbit App
2026-04-02T04:25:13Z,8.72,Fitbit App
2026-04-02T04:26:13Z,4.70,Fitbit App
2026-04-02T04:35:13Z,2.01,Fitbit App
2026-04-02T04:36:13Z,21.47,Fitbit App
2026-04-02T04:37:13Z,99.59,Fitbit App
2026-04-02T04:38:13Z,96.13,Fitbit App
2026-04-02T04:39:13Z,35.56,Fitbit App
2026-04-02T04:40:13Z,19.46,Fitbit App
2026-04-02T04:41:13Z,27.51,Fitbit App
2026-04-02T04:42:13Z,4.70,Fitbit App
2026-04-02T04:43:13Z,39.59,Fitbit App
2026-04-02T04:44:13Z,26.17,Fitbit App
2026-04-02T04:45:13Z,12.08,Fitbit App
2026-04-02T04:48:13Z,5.37,Fitbit App
2026-04-02T04:49:13Z,6.71,Fitbit App
2026-04-02T05:14:13Z,4.70,Fitbit App
2026-04-02T05:15:13Z,1.34,Fitbit App
2026-04-02T05:22:13Z,4.70,Fitbit App
2026-04-02T05:23:13Z,4.70,Fitbit App
2026-04-02T07:20:13Z,4.70,Fitbit App
2026-04-02T07:27:13Z,2.01,Fitbit App
2026-04-02T07:28:13Z,10.74,Fitbit App
2026-04-02T07:29:13Z,22.14,Fitbit App
2026-04-02T07:30:13Z,27.51,Fitbit App
2026-04-02T07:45:13Z,6.04,Fitbit App
2026-04-02T07:46:13Z,4.70,Fitbit App
2026-04-02T07:47:13Z,18.12,Fitbit App
2026-04-02T07:48:13Z,40.26,Fitbit App
2026-04-02T07:49:13Z,96.13,Fitbit App
2026-04-02T07:50:13Z,96.99,Fitbit App
2026-04-02T07:51:13Z,95.26,Fitbit App
2026-04-02T07:52:13Z,96.99,Fitbit App
2026-04-02T07:53:13Z,26.17,Fitbit App
2026-04-02T07:54:13Z,96.13,Fitbit App
2026-04-02T07:55:13Z,95.26,Fitbit App
2026-04-02T07:56:13Z,93.53,Fitbit App
2026-04-02T07:57:13Z,66.68,Fitbit App
2026-04-02T07:58:13Z,15.43,Fitbit App
2026-04-02T07:59:13Z,83.14,Fitbit App
2026-04-02T08:00:13Z,98.72,Fitbit App
2026-04-02T08:01:13Z,89.20,Fitbit App
2026-04-02T08:02:13Z,42.94,Fitbit App
2026-04-02T08:03:13Z,82.27,Fitbit App
2026-04-02T08:04:13Z,85.73,Fitbit App
2026-04-02T08:05:13Z,12.08,Fitbit App
2026-04-02T08:06:13Z,25.50,Fitbit App
2026-04-02T08:07:13Z,26.17,Fitbit App
2026-04-02T08:08:13Z,91.80,Fitbit App
2026-04-02T08:09:13Z,86.60,Fitbit App
2026-04-02T08:10:13Z,79.67,Fitbit App
2026-04-02T08:11:13Z,94.39,Fitbit App
2026-04-02T08:12:13Z,95.26,Fitbit App
2026-04-02T08:13:13Z,44.29,Fitbit App
2026-04-02T08:14:13Z,93.53,Fitbit App
2026-04-02T08:15:13Z,86.60,Fitbit App
2026-04-02T08:16:13Z,40.26,Fitbit App
2026-04-02T08:17:13Z,6.04,Fitbit App
2026-04-02T08:18:13Z,14.09,Fitbit App
2026-04-02T08:19:13Z,44.29,Fitbit App
2026-04-02T08:20:13Z,90.93,Fitbit App
2026-04-02T08:21:13Z,94.39,Fitbit App
2026-04-02T08:22:13Z,92.66,Fitbit App
2026-04-02T08:23:13Z,96.99,Fitbit App
2026-04-02T08:24:13Z,93.53,Fitbit App
2026-04-02T08:25:13Z,92.66,Fitbit App
2026-04-02T08:26:13Z,77.94,Fitbit App
2026-04-02T08:27:13Z,68.41,Fitbit App
2026-04-02T08:28:13Z,93.53,Fitbit App
2026-04-02T08:29:13Z,97.86,Fitbit App
2026-04-02T08:30:13Z,96.99,Fitbit App
2026-04-02T08:31:13Z,93.53,Fitbit App
2026-04-02T08:32:13Z,95.26,Fitbit App
2026-04-02T08:33:13Z,91.80,Fitbit App
2026-04-02T08:34:13Z,6.71,Fitbit App
2026-04-02T08:35:13Z,27.51,Fitbit App
2026-04-02T08:36:13Z,35.56,Fitbit App
2026-04-02T08:37:13Z,90.93,Fitbit App
2026-04-02T08:38:13Z,66.68,Fitbit App
2026-04-02T08:39:13Z,90.06,Fitbit App
2026-04-02T08:40:13Z,59.75,Fitbit App
2026-04-02T08:41:13Z,88.33,Fitbit App
2026-04-02T08:42:13Z,90.06,Fitbit App
2026-04-02T08:43:13Z,95.26,Fitbit App
2026-04-02T08:44:13Z,92.66,Fitbit App
2026-04-02T08:45:13Z,89.20,Fitbit App
2026-04-02T08:46:13Z,60.62,Fitbit App
2026-04-02T08:47:13Z,96.99,Fitbit App
2026-04-02T08:48:13Z,95.26,Fitbit App
2026-04-02T08:49:13Z,93.53,Fitbit App
2026-04-02T08:50:13Z,94.39,Fitbit App
2026-04-02T08:51:13Z,97.86,Fitbit App
2026-04-02T08:52:13Z,97.86,Fitbit App
2026-04-02T08:53:13Z,99.59,Fitbit App
2026-04-02T08:54:13Z,99.59,Fitbit App
2026-04-02T08:55:13Z,99.59,Fitbit App
2026-04-02T08:56:13Z,99.59,Fitbit App
2026-04-02T08:57:13Z,92.66,Fitbit App
2026-04-02T08:58:13Z,70.15,Fitbit App
2026-04-02T08:59:13Z,2.01,Fitbit App
2026-04-02T09:13:13Z,4.70,Fitbit App
2026-04-02T09:14:13Z,4.70,Fitbit App
2026-04-02T09:27:13Z,4.70,Fitbit App
2026-04-02T09:28:13Z,8.72,Fitbit App
2026-04-02T09:29:13Z,95.26,Fitbit App
2026-04-02T09:30:13Z,38.92,Fitbit App
2026-04-02T09:31:13Z,26.17,Fitbit App
2026-04-02T09:32:13Z,90.93,Fitbit App
2026-04-02T09:33:13Z,45.63,Fitbit App
2026-04-02T09:34:13Z,27.51,Fitbit App
2026-04-02T09:38:13Z,4.03,Fitbit App
2026-04-02T09:39:13Z,18.79,Fitbit App
2026-04-02T09:41:13Z,4.70,Fitbit App
2026-04-02T09:42:13Z,72.74,Fitbit App
2026-04-02T09:43:13Z,93.53,Fitbit App
2026-04-02T09:44:13Z,67.55,Fitbit App
2026-04-02T09:45:13Z,74.48,Fitbit App
2026-04-02T09:50:13Z,2.68,Fitbit App
2026-04-02T09:51:13Z,29.52,Fitbit App
2026-04-02T09:52:13Z,89.20,Fitbit App
2026-04-02T09:53:13Z,64.95,Fitbit App
2026-04-02T09:54:13Z,97.86,Fitbit App
2026-04-02T09:55:13Z,99.59,Fitbit App
2026-04-02T09:56:13Z,83.14,Fitbit App
2026-04-02T09:57:13Z,4.70,Fitbit App
2026-04-02T09:59:13Z,3.36,Fitbit App
2026-04-02T10:00:13Z,5.37,Fitbit App
2026-04-02T10:08:13Z,9.39,Fitbit App
2026-04-02T10:09:13Z,85.73,Fitbit App
2026-04-02T10:10:13Z,90.93,Fitbit App
2026-04-02T10:11:13Z,33.55,Fitbit App
2026-04-02T10:12:13Z,10.07,Fitbit App
2026-04-02T10:13:13Z,13.42,Fitbit App
2026-04-02T22:32:13Z,4.70,Fitbit App
2026-04-02T22:33:13Z,2.01,Fitbit App
2026-04-02T22:34:13Z,4.03,Fitbit App
2026-04-02T22:35:13Z,10.07,Fitbit App
2026-04-02T23:15:59Z,3.36,Fitbit App
2026-04-02T23:16:59Z,5.37,Fitbit App
2026-04-03T06:51:59Z,1.34,Fitbit App
2026-04-03T06:52:59Z,6.04,Fitbit App
2026-04-03T07:27:59Z,3.36,Fitbit App
2026-04-03T07:28:59Z,2.68,Fitbit App
2026-04-03T07:39:59Z,3.36,Fitbit App
2026-04-03T07:40:59Z,1.34,Fitbit App
2026-04-03T07:44:59Z,5.37,Fitbit App
2026-04-03T07:45:59Z,20.80,Fitbit App
2026-04-03T07:46:59Z,2.01,Fitbit App
2026-04-03T07:47:59Z,11.41,Fitbit App
2026-04-03T07:48:59Z,13.42,Fitbit App
2026-04-03T07:49:59Z,12.08,Fitbit App
2026-04-03T07:50:59Z,21.47,Fitbit App
2026-04-03T07:51:59Z,9.39,Fitbit App
2026-04-03T07:52:59Z,86.60,Fitbit App
2026-04-03T07:53:59Z,96.99,Fitbit App
2026-04-03T07:54:59Z,82.27,Fitbit App
2026-04-03T07:55:59Z,10.07,Fitbit App
2026-04-03T07:56:59Z,14.09,Fitbit App
2026-04-03T08:07:59Z,4.03,Fitbit App
2026-04-03T08:08:59Z,34.22,Fitbit App
2026-04-03T08:09:59Z,43.62,Fitbit App
2026-04-03T08:10:59Z,4.03,Fitbit App
2026-04-03T08:13:59Z,1.34,Fitbit App
2026-04-03T08:14:59Z,9.39,Fitbit App
2026-04-03T08:15:59Z,4.03,Fitbit App
2026-04-03T08:16:59Z,2.68,Fitbit App
2026-04-03T08:18:59Z,6.04,Fitbit App
2026-04-03T08:19:59Z,11.41,Fitbit App
2026-04-03T08:20:59Z,94.39,Fitbit App
2026-04-03T08:21:59Z,71.01,Fitbit App
2026-04-03T08:22:59Z,30.20,Fitbit App
2026-04-03T08:23:22Z,67.55,Fitbit App
2026-04-03T08:59:22Z,3.36,Fitbit App
2026-04-03T09:00:22Z,39.59,Fitbit App
2026-04-03T09:01:22Z,96.13,Fitbit App
2026-04-03T09:02:22Z,100.46,Fitbit App
2026-04-03T09:03:22Z,28.18,Fitbit App
2026-04-03T09:17:22Z,2.01,Fitbit App
2026-04-03T09:18:22Z,26.17,Fitbit App
2026-04-03T09:19:22Z,93.53,Fitbit App
2026-04-03T09:20:22Z,91.80,Fitbit App
2026-04-03T09:21:22Z,29.52,Fitbit App
2026-04-03T09:22:22Z,90.06,Fitbit App
2026-04-03T09:23:22Z,99.59,Fitbit App
2026-04-03T09:24:22Z,102.19,Fitbit App
2026-04-03T09:25:22Z,101.32,Fitbit App
2026-04-03T09:26:28Z,101.32,Fitbit App
2026-04-03T09:27:28Z,95.26,Fitbit App
2026-04-03T09:28:28Z,5.37,Fitbit App
2026-04-03T09:30:28Z,1.34,Fitbit App
2026-04-03T09:31:28Z,8.72,Fitbit App
2026-04-03T09:40:28Z,4.70,Fitbit App
2026-04-03T09:41:28Z,6.71,Fitbit App
2026-04-03T09:42:28Z,44.29,Fitbit App
2026-04-03T09:43:28Z,97.86,Fitbit App
2026-04-03T09:44:28Z,40.93,Fitbit App
2026-04-03T09:45:28Z,10.07,Fitbit App
2026-04-03T12:11:28Z,3.36,Fitbit App
2026-04-03T12:12:28Z,0.67,Fitbit App
2026-04-03T12:33:28Z,4.70,Fitbit App
2026-04-03T12:34:28Z,4.03,Fitbit App
2026-04-03T12:35:28Z,4.70,Fitbit App
2026-04-03T12:36:28Z,26.84,Fitbit App
2026-04-03T23:38:28Z,4.03,Fitbit App
2026-04-03T23:39:28Z,7.38,Fitbit App
2026-04-03T23:40:28Z,1.34,Fitbit App
2026-04-03T23:41:28Z,6.71,Fitbit App
2026-04-03T23:42:28Z,17.45,Fitbit App
2026-04-03T23:43:28Z,76.21,Fitbit App
2026-04-03T23:44:28Z,45.63,Fitbit App
2026-04-03T23:45:28Z,80.54,Fitbit App
2026-04-03T23:46:28Z,14.09,Fitbit App
2026-04-03T23:47:28Z,4.03,Fitbit App
2026-04-03T23:48:28Z,82.27,Fitbit App
2026-04-03T23:49:28Z,30.20,Fitbit App
2026-04-03T23:50:28Z,74.48,Fitbit App
2026-04-03T23:51:28Z,4.70,Fitbit App
2026-04-03T23:53:28Z,4.03,Fitbit App
2026-04-03T23:54:28Z,32.88,Fitbit App
2026-04-03T23:55:28Z,2.68,Fitbit App
2026-04-03T23:56:28Z,44.29,Fitbit App
2026-04-03T23:57:28Z,104.79,Fitbit App
2026-04-03T23:58:28Z,41.60,Fitbit App
2026-04-03T23:59:28Z,8.05,Fitbit App
2026-04-04T00:00:28Z,5.37,Fitbit App
2026-04-04T00:02:28Z,3.36,Fitbit App
2026-04-04T00:03:28Z,2.01,Fitbit App
2026-04-04T00:30:28Z,4.03,Fitbit App
2026-04-04T00:31:28Z,22.14,Fitbit App
2026-04-04T00:32:28Z,18.12,Fitbit App
2026-04-04T01:24:28Z,0.67,Fitbit App
2026-04-04T01:25:28Z,8.72,Fitbit App
2026-04-04T03:19:28Z,3.36,Fitbit App
2026-04-04T03:20:28Z,8.05,Fitbit App
2026-04-04T03:35:28Z,2.01,Fitbit App
2026-04-04T03:36:28Z,11.41,Fitbit App
2026-04-04T03:37:28Z,9.39,Fitbit App
2026-04-04T03:39:28Z,0.67,Fitbit App
2026-04-04T03:40:28Z,8.72,Fitbit App
2026-04-04T03:41:28Z,12.75,Fitbit App
2026-04-04T03:42:28Z,3.36,Fitbit App
2026-04-04T04:12:28Z,2.68,Fitbit App
2026-04-04T04:13:28Z,10.07,Fitbit App
2026-04-04T04:14:28Z,6.71,Fitbit App
2026-04-04T04:15:28Z,22.14,Fitbit App
2026-04-04T04:16:28Z,10.07,Fitbit App
2026-04-04T04:17:28Z,14.09,Fitbit App
2026-04-04T04:18:28Z,1.34,Fitbit App
2026-04-04T04:19:28Z,18.79,Fitbit App
2026-04-04T04:20:28Z,90.93,Fitbit App
2026-04-04T04:21:28Z,98.72,Fitbit App
2026-04-04T04:22:28Z,79.67,Fitbit App
2026-04-04T04:23:28Z,16.78,Fitbit App
2026-04-04T04:24:28Z,8.72,Fitbit App
2026-04-04T04:25:28Z,1.34,Fitbit App
2026-04-04T04:26:28Z,7.38,Fitbit App
2026-04-04T04:36:28Z,9.39,Fitbit App
2026-04-04T04:37:28Z,28.18,Fitbit App
2026-04-04T04:38:28Z,93.53,Fitbit App
2026-04-04T04:39:28Z,5.37,Fitbit App
2026-04-04T04:40:28Z,5.37,Fitbit App
2026-04-04T04:42:28Z,4.70,Fitbit App
2026-04-04T04:43:28Z,29.52,Fitbit App
2026-04-04T04:44:28Z,23.49,Fitbit App
2026-04-04T04:45:28Z,77.94,Fitbit App
2026-04-04T04:46:28Z,75.34,Fitbit App
2026-04-04T04:47:28Z,84.87,Fitbit App
2026-04-04T04:48:28Z,17.45,Fitbit App
2026-04-04T04:49:28Z,5.37,Fitbit App
2026-04-04T04:50:28Z,5.37,Fitbit App
2026-04-04T04:51:28Z,43.62,Fitbit App
2026-04-04T04:52:28Z,60.62,Fitbit App
2026-04-04T04:53:28Z,88.33,Fitbit App
2026-04-04T04:54:28Z,89.20,Fitbit App
2026-04-04T04:55:28Z,76.21,Fitbit App
2026-04-04T04:56:28Z,84.87,Fitbit App
2026-04-04T04:57:28Z,79.67,Fitbit App
2026-04-04T04:58:28Z,9.39,Fitbit App
2026-04-04T04:59:28Z,91.80,Fitbit App
2026-04-04T05:00:28Z,90.06,Fitbit App
2026-04-04T05:01:28Z,33.55,Fitbit App
2026-04-04T05:04:28Z,2.01,Fitbit App
2026-04-04T05:05:28Z,20.80,Fitbit App
2026-04-04T05:06:28Z,14.09,Fitbit App
2026-04-04T05:07:28Z,9.39,Fitbit App
2026-04-04T05:22:28Z,2.01,Fitbit App
2026-04-04T05:23:28Z,19.46,Fitbit App
2026-04-04T05:24:28Z,84.87,Fitbit App
2026-04-04T05:25:28Z,79.67,Fitbit App
2026-04-04T05:26:28Z,8.72,Fitbit App
2026-04-04T05:33:28Z,6.04,Fitbit App
2026-04-04T05:34:28Z,84.87,Fitbit App
2026-04-04T05:35:28Z,71.01,Fitbit App
2026-04-04T05:38:28Z,2.68,Fitbit App
2026-04-04T05:39:28Z,4.03,Fitbit App
2026-04-04T05:40:28Z,17.45,Fitbit App
2026-04-04T05:41:28Z,22.81,Fitbit App
2026-04-04T05:42:28Z,36.23,Fitbit App
2026-04-04T05:43:28Z,71.88,Fitbit App
2026-04-04T05:44:28Z,10.74,Fitbit App
2026-04-04T05:46:28Z,4.70,Fitbit App
2026-04-04T05:47:28Z,7.38,Fitbit App
2026-04-04T05:48:28Z,6.71,Fitbit App
2026-04-04T05:49:28Z,36.23,Fitbit App
2026-04-04T06:02:28Z,4.70,Fitbit App
2026-04-04T06:03:28Z,4.03,Fitbit App
2026-04-04T06:10:28Z,6.04,Fitbit App
2026-04-04T06:11:28Z,32.21,Fitbit App
2026-04-04T06:12:28Z,4.70,Fitbit App
2026-04-04T06:13:28Z,34.22,Fitbit App
2026-04-04T06:14:28Z,11.41,Fitbit App
2026-04-04T06:20:28Z,1.34,Fitbit App
2026-04-04T06:21:28Z,19.46,Fitbit App
2026-04-04T06:22:28Z,80.54,Fitbit App
2026-04-04T06:23:28Z,71.88,Fitbit App
2026-04-04T06:24:28Z,70.15,Fitbit App
2026-04-04T06:25:28Z,2.68,Fitbit App
2026-04-04T06:26:28Z,6.71,Fitbit App
2026-04-04T06:27:28Z,0.67,Fitbit App
2026-04-04T06:32:28Z,7.38,Fitbit App
2026-04-04T06:33:28Z,67.55,Fitbit App
2026-04-04T06:34:28Z,72.74,Fitbit App
2026-04-04T06:36:28Z,5.37,Fitbit App
2026-04-04T06:37:28Z,24.16,Fitbit App
2026-04-04T06:38:28Z,78.81,Fitbit App
2026-04-04T06:39:28Z,27.51,Fitbit App
2026-04-04T06:40:28Z,40.93,Fitbit App
2026-04-04T06:41:28Z,66.68,Fitbit App
2026-04-04T06:42:28Z,76.21,Fitbit App
2026-04-04T06:43:28Z,61.49,Fitbit App
2026-04-04T06:44:28Z,37.58,Fitbit App
2026-04-04T06:45:28Z,98.72,Fitbit App
2026-04-04T06:46:28Z,30.20,Fitbit App
2026-04-04T06:47:28Z,19.46,Fitbit App
2026-04-04T06:48:28Z,98.72,Fitbit App
2026-04-04T06:49:28Z,41.60,Fitbit App
2026-04-04T06:50:28Z,1.34,Fitbit App
2026-04-04T06:51:28Z,4.70,Fitbit App
2026-04-04T06:52:28Z,4.03,Fitbit App
2026-04-04T06:53:28Z,69.28,Fitbit App
2026-04-04T06:54:28Z,33.55,Fitbit App
2026-04-04T06:55:28Z,12.08,Fitbit App
2026-04-04T06:56:28Z,2.01,Fitbit App
2026-04-04T06:57:28Z,33.55,Fitbit App
2026-04-04T06:58:28Z,87.47,Fitbit App
2026-04-04T06:59:28Z,63.22,Fitbit App
2026-04-04T07:00:28Z,3.36,Fitbit App
2026-04-04T07:01:28Z,27.51,Fitbit App
2026-04-04T07:02:28Z,39.59,Fitbit App
2026-04-04T07:03:33Z,96.99,Fitbit App
2026-04-04T07:04:33Z,99.59,Fitbit App
2026-04-04T07:05:33Z,100.46,Fitbit App
2026-04-04T07:06:33Z,100.46,Fitbit App
2026-04-04T07:07:33Z,44.96,Fitbit App
2026-04-04T07:08:33Z,73.61,Fitbit App
2026-04-04T07:09:33Z,96.13,Fitbit App
2026-04-04T07:10:33Z,17.45,Fitbit App
2026-04-04T07:11:33Z,26.84,Fitbit App
2026-04-04T07:12:33Z,67.55,Fitbit App
2026-04-04T07:13:33Z,89.20,Fitbit App
2026-04-04T07:14:33Z,95.26,Fitbit App
2026-04-04T07:15:33Z,95.26,Fitbit App
2026-04-04T07:16:33Z,99.59,Fitbit App
2026-04-04T07:17:33Z,98.72,Fitbit App
2026-04-04T07:18:33Z,98.72,Fitbit App
2026-04-04T07:19:33Z,77.07,Fitbit App
2026-04-04T07:20:33Z,40.26,Fitbit App
2026-04-04T07:21:33Z,96.99,Fitbit App
2026-04-04T07:22:33Z,95.26,Fitbit App
2026-04-04T07:23:33Z,85.73,Fitbit App
2026-04-04T07:24:33Z,87.47,Fitbit App
2026-04-04T07:25:33Z,84.00,Fitbit App
2026-04-04T07:26:33Z,74.48,Fitbit App
2026-04-04T07:27:33Z,96.13,Fitbit App
2026-04-04T07:28:33Z,88.33,Fitbit App
2026-04-04T07:29:33Z,94.39,Fitbit App
2026-04-04T07:30:33Z,94.39,Fitbit App
2026-04-04T07:31:33Z,36.91,Fitbit App
2026-04-04T07:32:33Z,36.23,Fitbit App
2026-04-04T07:33:33Z,5.37,Fitbit App
2026-04-04T07:35:33Z,5.37,Fitbit App
2026-04-04T07:36:33Z,17.45,Fitbit App
2026-04-04T07:47:33Z,2.01,Fitbit App
2026-04-04T07:48:33Z,22.14,Fitbit App
2026-04-04T07:49:33Z,63.22,Fitbit App
2026-04-04T07:50:33Z,29.52,Fitbit App
2026-04-04T07:51:33Z,65.82,Fitbit App
2026-04-04T07:52:33Z,19.46,Fitbit App
2026-04-04T07:58:33Z,4.03,Fitbit App
2026-04-04T07:59:33Z,2.68,Fitbit App
2026-04-04T08:00:33Z,5.37,Fitbit App
2026-04-04T08:01:33Z,9.39,Fitbit App
2026-04-04T08:35:33Z,6.71,Fitbit App
2026-04-04T08:36:33Z,23.49,Fitbit App
2026-04-04T08:37:33Z,93.53,Fitbit App
2026-04-04T08:38:33Z,83.14,Fitbit App
2026-04-04T08:39:33Z,84.00,Fitbit App
2026-04-04T08:40:33Z,70.15,Fitbit App
2026-04-04T08:41:33Z,4.70,Fitbit App
2026-04-04T08:42:33Z,84.87,Fitbit App
2026-04-04T08:43:33Z,97.86,Fitbit App
2026-04-04T08:44:33Z,86.60,Fitbit App
2026-04-04T08:45:33Z,66.68,Fitbit App
2026-04-04T08:46:33Z,95.26,Fitbit App
2026-04-04T08:47:33Z,96.99,Fitbit App
2026-04-04T08:48:33Z,79.67,Fitbit App
2026-04-04T08:49:33Z,76.21,Fitbit App
2026-04-04T08:50:33Z,97.86,Fitbit App
2026-04-04T08:51:33Z,94.39,Fitbit App
2026-04-04T08:52:33Z,44.96,Fitbit App
2026-04-04T08:53:33Z,93.53,Fitbit App
2026-04-04T08:54:33Z,90.93,Fitbit App
2026-04-04T08:55:33Z,71.01,Fitbit App
2026-04-04T08:56:33Z,4.03,Fitbit App
2026-04-04T08:58:33Z,2.01,Fitbit App
2026-04-04T08:59:33Z,14.09,Fitbit App
2026-04-04T09:00:33Z,89.20,Fitbit App
2026-04-04T09:01:33Z,102.19,Fitbit App
2026-04-04T09:02:33Z,64.08,Fitbit App
2026-04-04T09:03:33Z,10.07,Fitbit App
2026-04-04T09:04:33Z,82.27,Fitbit App
2026-04-04T09:05:33Z,98.72,Fitbit App
2026-04-04T09:06:33Z,84.00,Fitbit App
2026-04-04T09:07:33Z,87.47,Fitbit App
2026-04-04T09:08:33Z,66.68,Fitbit App
2026-04-04T09:09:33Z,32.21,Fitbit App
2026-04-04T09:10:33Z,77.94,Fitbit App
2026-04-04T09:11:33Z,90.06,Fitbit App
2026-04-04T09:12:33Z,77.07,Fitbit App
2026-04-04T09:13:33Z,29.52,Fitbit App
2026-04-04T09:22:33Z,4.03,Fitbit App
2026-04-04T09:23:33Z,0.67,Fitbit App
2026-04-04T09:26:33Z,0.67,Fitbit App
2026-04-04T09:27:33Z,8.72,Fitbit App
2026-04-04T09:28:33Z,6.71,Fitbit App
2026-04-04T10:11:33Z,0.67,Fitbit App
2026-04-04T10:12:33Z,12.08,Fitbit App
2026-04-04T10:13:33Z,29.52,Fitbit App
2026-04-04T10:14:33Z,32.88,Fitbit App
2026-04-04T10:15:33Z,4.70,Fitbit App
2026-04-04T10:16:33Z,64.95,Fitbit App
2026-04-04T10:17:33Z,97.86,Fitbit App
2026-04-04T10:18:33Z,101.32,Fitbit App
2026-04-04T10:19:33Z,102.19,Fitbit App
2026-04-04T10:20:33Z,103.92,Fitbit App
2026-04-04T10:21:33Z,101.32,Fitbit App
2026-04-04T10:22:33Z,74.48,Fitbit App
2026-04-04T10:23:33Z,90.93,Fitbit App
2026-04-04T10:24:33Z,12.75,Fitbit App
2026-04-04T10:30:33Z,1.34,Fitbit App
2026-04-04T10:31:33Z,18.12,Fitbit App
2026-04-04T10:32:33Z,95.26,Fitbit App
2026-04-04T10:33:33Z,91.80,Fitbit App
2026-04-04T10:34:33Z,94.39,Fitbit App
2026-04-04T10:35:33Z,96.99,Fitbit App
2026-04-04T10:36:33Z,80.54,Fitbit App
2026-04-04T10:37:33Z,3.36,Fitbit App
2026-04-04T10:38:33Z,8.05,Fitbit App
2026-04-04T10:39:33Z,8.72,Fitbit App
2026-04-04T10:40:33Z,8.72,Fitbit App
2026-04-04T10:48:33Z,2.01,Fitbit App
2026-04-04T10:49:33Z,24.16,Fitbit App
2026-04-04T10:50:33Z,101.32,Fitbit App
2026-04-04T10:51:33Z,83.14,Fitbit App
2026-04-04T10:52:33Z,20.13,Fitbit App
2026-04-04T10:53:33Z,10.07,Fitbit App
2026-04-04T11:40:33Z,1.34,Fitbit App
2026-04-04T11:41:33Z,18.12,Fitbit App
2026-04-04T11:42:33Z,4.70,Fitbit App
2026-04-04T11:43:33Z,2.01,Fitbit App
2026-04-04T12:09:33Z,1.34,Fitbit App
2026-04-04T12:10:33Z,3.36,Fitbit App
2026-04-04T22:42:33Z,7.38,Fitbit App
2026-04-04T22:43:33Z,0.67,Fitbit App
2026-04-04T22:59:33Z,2.68,Fitbit App
2026-04-04T23:00:33Z,2.68,Fitbit App
2026-04-04T23:01:33Z,4.03,Fitbit App
2026-04-04T23:05:33Z,2.01,Fitbit App
2026-04-04T23:06:33Z,8.05,Fitbit App
2026-04-04T23:07:33Z,16.78,Fitbit App
2026-04-04T23:08:33Z,32.88,Fitbit App
2026-04-04T23:09:33Z,106.52,Fitbit App
2026-04-04T23:10:33Z,100.46,Fitbit App
2026-04-04T23:11:33Z,8.05,Fitbit App
2026-04-04T23:21:33Z,8.05,Fitbit App
2026-04-04T23:22:33Z,16.78,Fitbit App
2026-04-04T23:23:33Z,3.36,Fitbit App
2026-04-04T23:27:33Z,12.75,Fitbit App
2026-04-04T23:28:33Z,89.20,Fitbit App
2026-04-04T23:29:33Z,13.42,Fitbit App
2026-04-05T00:39:33Z,2.01,Fitbit App
2026-04-05T00:40:33Z,3.36,Fitbit App
2026-04-05T00:41:33Z,14.09,Fitbit App
2026-04-05T00:42:33Z,11.41,Fitbit App
2026-04-05T00:43:33Z,76.21,Fitbit App
2026-04-05T00:44:33Z,77.07,Fitbit App
2026-04-05T00:45:33Z,62.35,Fitbit App
2026-04-05T00:46:33Z,18.79,Fitbit App
2026-04-05T00:47:33Z,87.47,Fitbit App
2026-04-05T00:48:33Z,99.59,Fitbit App
2026-04-05T00:49:33Z,70.15,Fitbit App
2026-04-05T00:50:33Z,23.49,Fitbit App
2026-04-05T00:51:33Z,75.34,Fitbit App
2026-04-05T01:34:33Z,2.68,Fitbit App
2026-04-05T01:35:33Z,20.13,Fitbit App
2026-04-05T01:37:33Z,2.01,Fitbit App
2026-04-05T01:38:33Z,19.46,Fitbit App
2026-04-05T01:39:33Z,77.94,Fitbit App
2026-04-05T01:40:33Z,79.67,Fitbit App
2026-04-05T01:41:33Z,84.00,Fitbit App
2026-04-05T01:42:33Z,101.32,Fitbit App
2026-04-05T01:43:33Z,80.54,Fitbit App
2026-04-05T01:44:33Z,98.72,Fitbit App
2026-04-05T01:45:33Z,96.13,Fitbit App
2026-04-05T01:46:33Z,89.20,Fitbit App
2026-04-05T01:47:33Z,31.54,Fitbit App
2026-04-05T01:48:33Z,96.99,Fitbit App
2026-04-05T01:49:33Z,102.19,Fitbit App
2026-04-05T01:50:33Z,39.59,Fitbit App
2026-04-05T01:51:33Z,21.47,Fitbit App
2026-04-05T01:53:33Z,4.70,Fitbit App
2026-04-05T01:54:33Z,26.84,Fitbit App
2026-04-05T01:55:33Z,26.17,Fitbit App
2026-04-05T01:56:33Z,0.67,Fitbit App
2026-04-05T01:57:33Z,8.72,Fitbit App
2026-04-05T01:58:33Z,77.07,Fitbit App
2026-04-05T01:59:33Z,42.27,Fitbit App
2026-04-05T02:03:33Z,4.03,Fitbit App
2026-04-05T02:04:33Z,36.23,Fitbit App
2026-04-05T02:05:33Z,77.94,Fitbit App
2026-04-05T02:06:33Z,2.68,Fitbit App
2026-04-05T02:07:33Z,26.84,Fitbit App
2026-04-05T02:08:33Z,93.53,Fitbit App
2026-04-05T02:09:33Z,67.55,Fitbit App
2026-04-05T02:13:33Z,0.67,Fitbit App
2026-04-05T02:14:33Z,13.42,Fitbit App
2026-04-05T02:15:33Z,67.55,Fitbit App
2026-04-05T02:16:33Z,24.16,Fitbit App
2026-04-05T02:20:33Z,2.01,Fitbit App
2026-04-05T02:21:33Z,22.81,Fitbit App
2026-04-05T02:22:33Z,94.39,Fitbit App
2026-04-05T02:23:33Z,75.34,Fitbit App
2026-04-05T02:24:33Z,0.67,Fitbit App
2026-04-05T02:25:33Z,2.68,Fitbit App
2026-04-05T02:26:33Z,14.76,Fitbit App
2026-04-05T02:29:33Z,3.36,Fitbit App
2026-04-05T02:30:33Z,65.82,Fitbit App
2026-04-05T02:31:33Z,61.49,Fitbit App
2026-04-05T02:32:33Z,80.54,Fitbit App
2026-04-05T02:33:33Z,33.55,Fitbit App
2026-04-05T02:34:33Z,59.75,Fitbit App
2026-04-05T02:35:33Z,41.60,Fitbit App
2026-04-05T02:36:33Z,28.18,Fitbit App
2026-04-05T02:37:33Z,18.79,Fitbit App
2026-04-05T02:38:33Z,59.75,Fitbit App
2026-04-05T02:39:33Z,40.26,Fitbit App
2026-04-05T02:41:33Z,4.03,Fitbit App
2026-04-05T02:42:33Z,2.68,Fitbit App
2026-04-05T02:44:33Z,2.68,Fitbit App
2026-04-05T02:45:33Z,5.37,Fitbit App
2026-04-05T02:46:33Z,5.37,Fitbit App
2026-04-05T02:47:33Z,11.41,Fitbit App
2026-04-05T02:48:33Z,13.42,Fitbit App
2026-04-05T03:33:33Z,2.68,Fitbit App
2026-04-05T03:34:33Z,26.84,Fitbit App
2026-04-05T03:35:33Z,63.22,Fitbit App
2026-04-05T03:36:33Z,0.67,Fitbit App
2026-04-05T03:37:33Z,3.36,Fitbit App
2026-04-05T03:41:33Z,5.37,Fitbit App
2026-04-05T03:42:33Z,5.37,Fitbit App
2026-04-05T03:46:33Z,2.68,Fitbit App
2026-04-05T03:47:33Z,8.05,Fitbit App
2026-04-05T03:48:33Z,28.85,Fitbit App
2026-04-05T03:49:33Z,8.72,Fitbit App
2026-04-05T03:50:33Z,91.80,Fitbit App
2026-04-05T03:51:33Z,83.14,Fitbit App
2026-04-05T03:52:33Z,93.53,Fitbit App
2026-04-05T03:53:33Z,90.06,Fitbit App
2026-04-05T03:54:33Z,85.73,Fitbit App
2026-04-05T03:55:33Z,90.06,Fitbit App
2026-04-05T03:56:33Z,90.06,Fitbit App
2026-04-05T03:57:33Z,74.48,Fitbit App
2026-04-05T03:59:33Z,2.01,Fitbit App
2026-04-05T04:00:33Z,18.79,Fitbit App
2026-04-05T04:01:33Z,73.61,Fitbit App
2026-04-05T04:02:33Z,82.27,Fitbit App
2026-04-05T04:03:33Z,64.08,Fitbit App
2026-04-05T04:04:33Z,25.50,Fitbit App
2026-04-05T04:05:33Z,79.67,Fitbit App
2026-04-05T04:06:33Z,61.49,Fitbit App
2026-04-05T04:07:33Z,14.76,Fitbit App
2026-04-05T04:08:33Z,91.80,Fitbit App
2026-04-05T04:09:33Z,59.75,Fitbit App
2026-04-05T04:10:33Z,0.67,Fitbit App
2026-04-05T04:11:33Z,4.03,Fitbit App
2026-04-05T04:24:33Z,8.05,Fitbit App
2026-04-05T04:25:33Z,64.95,Fitbit App
2026-04-05T04:26:33Z,34.22,Fitbit App
2026-04-05T04:27:33Z,2.68,Fitbit App
2026-04-05T04:28:33Z,5.37,Fitbit App
2026-04-05T04:29:33Z,2.01,Fitbit App
2026-04-05T04:35:33Z,0.67,Fitbit App
2026-04-05T04:36:33Z,4.70,Fitbit App
2026-04-05T04:37:33Z,16.10,Fitbit App
2026-04-05T04:38:33Z,69.28,Fitbit App
2026-04-05T04:39:33Z,26.17,Fitbit App
2026-04-05T04:40:33Z,41.60,Fitbit App
2026-04-05T04:41:33Z,69.28,Fitbit App
2026-04-05T04:42:33Z,90.93,Fitbit App
2026-04-05T04:43:33Z,91.80,Fitbit App
2026-04-05T04:44:33Z,90.93,Fitbit App
2026-04-05T04:45:33Z,89.20,Fitbit App
2026-04-05T04:46:33Z,66.68,Fitbit App
2026-04-05T04:47:33Z,18.79,Fitbit App
2026-04-05T04:48:33Z,1.34,Fitbit App
2026-04-05T04:49:33Z,18.12,Fitbit App
2026-04-05T04:50:33Z,43.62,Fitbit App
2026-04-05T04:51:33Z,84.00,Fitbit App
2026-04-05T04:52:33Z,78.81,Fitbit App
2026-04-05T04:53:33Z,93.53,Fitbit App
2026-04-05T04:54:33Z,90.93,Fitbit App
2026-04-05T04:55:33Z,95.26,Fitbit App
2026-04-05T04:56:33Z,94.39,Fitbit App
2026-04-05T04:57:33Z,78.81,Fitbit App
2026-04-05T04:58:33Z,86.60,Fitbit App
2026-04-05T04:59:33Z,84.87,Fitbit App
2026-04-05T05:00:33Z,93.53,Fitbit App
2026-04-05T05:01:33Z,61.49,Fitbit App
2026-04-05T05:05:33Z,4.70,Fitbit App
2026-04-05T05:06:33Z,0.67,Fitbit App
2026-04-05T05:11:33Z,4.70,Fitbit App
2026-04-05T05:12:33Z,2.01,Fitbit App
2026-04-05T05:37:33Z,2.01,Fitbit App
2026-04-05T05:38:33Z,14.76,Fitbit App
2026-04-05T05:39:33Z,65.82,Fitbit App
2026-04-05T05:40:33Z,92.66,Fitbit App
2026-04-05T05:41:33Z,38.92,Fitbit App
2026-04-05T05:46:33Z,2.68,Fitbit App
2026-04-05T05:47:33Z,4.70,Fitbit App
2026-04-05T05:51:33Z,4.70,Fitbit App
2026-04-05T05:52:33Z,10.74,Fitbit App
2026-04-05T05:53:33Z,76.21,Fitbit App
2026-04-05T05:54:33Z,90.93,Fitbit App
2026-04-05T05:55:33Z,41.60,Fitbit App
2026-04-05T05:56:33Z,6.71,Fitbit App
2026-04-05T08:06:33Z,7.38,Fitbit App
2026-04-05T08:07:33Z,9.39,Fitbit App
2026-04-05T08:19:08Z,9.39,Fitbit App
2026-04-05T08:20:08Z,4.03,Fitbit App
2026-04-05T08:21:08Z,6.04,Fitbit App
2026-04-05T08:23:08Z,3.36,Fitbit App
2026-04-05T08:24:08Z,2.01,Fitbit App
2026-04-05T08:25:08Z,10.07,Fitbit App
2026-04-05T08:26:08Z,4.70,Fitbit App
2026-04-05T08:27:08Z,12.08,Fitbit App
2026-04-05T08:33:08Z,2.01,Fitbit App
2026-04-05T08:34:08Z,3.36,Fitbit App
2026-04-05T09:08:08Z,2.68,Fitbit App
2026-04-05T09:09:08Z,21.47,Fitbit App
2026-04-05T09:10:08Z,2.01,Fitbit App
2026-04-05T09:16:08Z,2.68,Fitbit App
2026-04-05T09:17:08Z,18.12,Fitbit App
2026-04-05T09:21:08Z,2.01,Fitbit App
2026-04-05T09:22:08Z,10.07,Fitbit App
2026-04-05T13:07:08Z,2.01,Fitbit App
2026-04-05T13:08:08Z,4.03,Fitbit App
2026-04-05T13:17:08Z,2.01,Fitbit App
2026-04-05T13:18:08Z,17.45,Fitbit App
2026-04-05T14:03:08Z,4.70,Fitbit App
2026-04-05T14:04:08Z,7.38,Fitbit App
2026-04-05T14:45:08Z,3.36,Fitbit App
2026-04-05T14:46:08Z,1.34,Fitbit App
2026-04-06T01:20:08Z,3.36,Fitbit App
2026-04-06T01:21:08Z,2.01,Fitbit App
2026-04-06T01:47:08Z,5.37,Fitbit App
2026-04-06T01:48:08Z,1.34,Fitbit App
2026-04-06T02:31:08Z,1.34,Fitbit App
2026-04-06T02:32:08Z,4.70,Fitbit App
2026-04-06T06:41:08Z,4.70,Fitbit App
2026-04-06T06:42:08Z,7.38,Fitbit App
2026-04-06T06:43:02Z,18.79,Fitbit App
2026-04-06T07:49:02Z,4.03,Fitbit App
2026-04-06T07:50:02Z,22.14,Fitbit App
2026-04-06T07:51:02Z,0.67,Fitbit App
2026-04-06T08:16:02Z,4.03,Fitbit App
2026-04-06T08:17:02Z,0.67,Fitbit App
2026-04-06T08:54:02Z,4.70,Fitbit App
2026-04-06T08:55:02Z,2.68,Fitbit App
2026-04-06T09:10:02Z,3.36,Fitbit App
2026-04-06T09:11:02Z,9.39,Fitbit App
2026-04-06T09:12:02Z,24.16,Fitbit App
2026-04-06T09:23:02Z,7.38,Fitbit App
2026-04-06T09:24:02Z,16.78,Fitbit App
2026-04-06T12:22:02Z,2.68,Fitbit App
2026-04-06T12:23:02Z,4.70,Fitbit App
2026-04-06T12:28:02Z,5.37,Fitbit App
2026-04-06T12:29:02Z,21.47,Fitbit App
2026-04-06T12:30:02Z,62.35,Fitbit App
2026-04-06T12:31:02Z,97.86,Fitbit App
2026-04-06T12:32:02Z,93.53,Fitbit App
2026-04-06T12:33:02Z,95.26,Fitbit App
2026-04-06T12:34:02Z,27.51,Fitbit App
2026-04-06T12:35:02Z,16.10,Fitbit App
2026-04-06T12:36:02Z,4.03,Fitbit App
2026-04-06T12:37:02Z,17.45,Fitbit App
2026-04-06T12:38:02Z,2.01,Fitbit App
2026-04-06T12:39:02Z,3.36,Fitbit App
2026-04-06T12:40:02Z,10.07,Fitbit App
2026-04-06T12:46:02Z,4.03,Fitbit App
2026-04-06T12:47:02Z,3.36,Fitbit App
2026-04-06T12:48:02Z,1.34,Fitbit App
2026-04-06T19:49:02Z,0.67,Fitbit App
2026-04-06T19:50:02Z,6.04,Fitbit App
2026-04-06T19:53:02Z,4.70,Fitbit App
2026-04-06T19:54:02Z,11.41,Fitbit App
2026-04-06T19:58:02Z,4.03,Fitbit App
2026-04-06T19:59:02Z,18.79,Fitbit App
2026-04-06T20:01:02Z,3.36,Fitbit App
2026-04-06T20:02:02Z,36.91,Fitbit App
2026-04-06T20:03:02Z,109.98,Fitbit App
2026-04-06T20:04:02Z,73.61,Fitbit App
2026-04-06T20:05:02Z,5.37,Fitbit App
2026-04-06T20:27:02Z,11.41,Fitbit App
2026-04-06T20:28:02Z,103.92,Fitbit App
2026-04-06T20:29:02Z,103.92,Fitbit App
2026-04-06T20:30:02Z,102.19,Fitbit App
2026-04-06T20:31:02Z,69.28,Fitbit App
2026-04-06T20:34:02Z,8.72,Fitbit App
2026-04-06T20:35:02Z,35.56,Fitbit App
2026-04-06T20:36:02Z,34.22,Fitbit App
2026-04-06T20:37:02Z,32.21,Fitbit App
2026-04-06T20:50:02Z,2.01,Fitbit App
2026-04-06T20:51:02Z,32.88,Fitbit App
2026-04-06T20:52:02Z,23.49,Fitbit App
2026-04-06T20:53:02Z,11.41,Fitbit App
2026-04-06T20:56:02Z,3.36,Fitbit App
2026-04-06T20:57:02Z,15.43,Fitbit App
2026-04-06T20:58:02Z,26.84,Fitbit App
2026-04-06T20:59:02Z,20.13,Fitbit App
2026-04-06T21:00:02Z,5.37,Fitbit App
2026-04-06T21:01:02Z,12.08,Fitbit App
2026-04-06T21:02:02Z,10.07,Fitbit App
2026-04-06T21:03:02Z,1.34,Fitbit App
2026-04-06T21:08:02Z,4.03,Fitbit App
2026-04-06T21:09:02Z,8.72,Fitbit App
2026-04-06T21:11:02Z,4.03,Fitbit App
2026-04-06T21:12:02Z,17.45,Fitbit App
2026-04-06T21:13:02Z,45.63,Fitbit App
2026-04-06T21:14:02Z,4.70,Fitbit App
2026-04-06T21:15:02Z,30.20,Fitbit App
2026-04-06T21:16:02Z,2.68,Fitbit App
2026-04-06T21:17:02Z,10.74,Fitbit App
2026-04-06T21:18:02Z,4.70,Fitbit App
2026-04-06T21:19:02Z,22.81,Fitbit App
2026-04-06T21:21:02Z,4.03,Fitbit App
2026-04-06T21:22:02Z,18.12,Fitbit App
2026-04-06T21:23:02Z,6.71,Fitbit App
2026-04-06T21:25:02Z,7.38,Fitbit App
2026-04-06T21:26:02Z,7.38,Fitbit App
2026-04-06T21:27:02Z,10.74,Fitbit App
2026-04-06T21:28:02Z,4.03,Fitbit App
2026-04-06T21:29:02Z,30.20,Fitbit App
2026-04-06T21:30:02Z,10.07,Fitbit App
2026-04-06T21:31:02Z,9.39,Fitbit App
2026-04-06T21:32:02Z,14.76,Fitbit App
2026-04-06T21:33:36Z,26.17,Fitbit App
2026-04-06T21:34:36Z,21.47,Fitbit App
2026-04-06T21:35:36Z,43.62,Fitbit App
2026-04-06T21:36:36Z,41.60,Fitbit App
2026-04-06T21:37:36Z,18.12,Fitbit App
2026-04-06T21:44:36Z,11.41,Fitbit App
2026-04-06T21:45:36Z,2.68,Fitbit App
2026-04-06T21:47:36Z,2.01,Fitbit App
2026-04-06T21:48:36Z,24.16,Fitbit App
2026-04-06T21:49:36Z,12.75,Fitbit App
2026-04-06T21:50:36Z,2.68,Fitbit App
2026-04-06T21:51:36Z,10.07,Fitbit App
2026-04-06T21:52:36Z,2.68,Fitbit App
2026-04-06T21:53:36Z,26.17,Fitbit App
2026-04-06T21:54:36Z,28.85,Fitbit App
2026-04-06T21:56:36Z,5.37,Fitbit App
2026-04-06T21:57:36Z,8.72,Fitbit App
2026-04-06T21:58:36Z,4.03,Fitbit App
2026-04-06T21:59:36Z,10.07,Fitbit App
2026-04-06T22:00:36Z,0.67,Fitbit App
2026-04-06T22:01:36Z,4.03,Fitbit App
2026-04-06T22:05:36Z,12.08,Fitbit App
2026-04-06T22:06:36Z,23.49,Fitbit App
2026-04-06T22:13:36Z,2.01,Fitbit App
2026-04-06T22:14:36Z,6.71,Fitbit App
2026-04-06T22:15:36Z,14.09,Fitbit App
2026-04-06T22:17:36Z,1.34,Fitbit App
2026-04-06T22:18:36Z,7.38,Fitbit App
2026-04-06T22:19:36Z,11.41,Fitbit App
2026-04-06T22:22:36Z,5.37,Fitbit App
2026-04-06T22:23:36Z,6.71,Fitbit App
2026-04-06T22:24:36Z,12.08,Fitbit App
2026-04-06T22:25:36Z,28.85,Fitbit App
2026-04-06T22:26:36Z,6.04,Fitbit App
2026-04-06T22:27:36Z,9.39,Fitbit App
2026-04-06T22:28:36Z,10.07,Fitbit App
2026-04-06T22:29:36Z,4.03,Fitbit App
2026-04-06T22:30:36Z,14.09,Fitbit App
2026-04-06T22:31:36Z,6.04,Fitbit App
2026-04-06T22:37:36Z,6.04,Fitbit App
2026-04-06T22:38:36Z,4.03,Fitbit App
2026-04-06T22:39:19Z,30.87,Fitbit App
2026-04-06T22:40:19Z,3.36,Fitbit App
2026-04-06T22:41:19Z,8.05,Fitbit App
2026-04-06T22:42:19Z,9.39,Fitbit App
2026-04-06T22:43:19Z,24.16,Fitbit App
2026-04-06T22:44:19Z,25.50,Fitbit App
2026-04-06T22:45:19Z,18.79,Fitbit App
2026-04-06T22:46:19Z,40.26,Fitbit App
2026-04-06T22:47:19Z,94.39,Fitbit App
2026-04-06T22:55:19Z,7.38,Fitbit App
2026-04-06T22:56:19Z,72.74,Fitbit App
2026-04-06T22:57:19Z,27.51,Fitbit App
2026-04-06T22:58:19Z,42.94,Fitbit App
2026-04-06T22:59:19Z,10.07,Fitbit App
2026-04-06T23:00:19Z,16.78,Fitbit App
2026-04-06T23:01:19Z,97.86,Fitbit App
2026-04-06T23:02:19Z,33.55,Fitbit App
2026-04-06T23:03:19Z,18.12,Fitbit App
2026-04-06T23:04:19Z,24.83,Fitbit App
2026-04-06T23:05:19Z,21.47,Fitbit App
2026-04-06T23:06:19Z,4.70,Fitbit App
2026-04-06T23:16:19Z,5.37,Fitbit App
2026-04-06T23:17:19Z,5.37,Fitbit App
2026-04-06T23:18:19Z,5.37,Fitbit App
2026-04-06T23:19:19Z,5.37,Fitbit App
2026-04-06T23:22:19Z,6.04,Fitbit App
2026-04-06T23:23:19Z,6.71,Fitbit App
2026-04-06T23:26:19Z,0.67,Fitbit App
2026-04-06T23:27:19Z,11.41,Fitbit App
2026-04-06T23:28:19Z,2.01,Fitbit App
2026-04-06T23:29:19Z,9.39,Fitbit App
2026-04-06T23:30:19Z,3.36,Fitbit App
2026-04-06T23:31:19Z,4.70,Fitbit App
2026-04-06T23:32:19Z,17.45,Fitbit App
2026-04-06T23:34:19Z,7.38,Fitbit App
2026-04-06T23:35:19Z,42.27,Fitbit App
2026-04-06T23:36:19Z,103.92,Fitbit App
2026-04-06T23:37:19Z,35.56,Fitbit App
2026-04-06T23:38:19Z,24.16,Fitbit App
2026-04-06T23:41:19Z,2.68,Fitbit App
2026-04-06T23:42:19Z,12.75,Fitbit App
2026-04-06T23:43:19Z,2.01,Fitbit App
2026-04-06T23:44:19Z,6.71,Fitbit App
2026-04-06T23:45:19Z,10.74,Fitbit App
2026-04-06T23:46:19Z,5.37,Fitbit App
2026-04-06T23:47:19Z,36.91,Fitbit App
2026-04-06T23:48:19Z,26.17,Fitbit App
2026-04-06T23:49:19Z,10.74,Fitbit App
2026-04-06T23:50:19Z,14.09,Fitbit App
2026-04-06T23:51:19Z,34.89,Fitbit App
2026-04-06T23:52:19Z,22.81,Fitbit App
2026-04-06T23:53:19Z,88.33,Fitbit App
2026-04-06T23:54:19Z,13.42,Fitbit App
2026-04-06T23:55:19Z,44.29,Fitbit App
2026-04-06T23:56:19Z,6.04,Fitbit App
2026-04-06T23:57:18Z,72.74,Fitbit App
2026-04-06T23:58:18Z,31.54,Fitbit App
2026-04-06T23:59:18Z,19.46,Fitbit App
2026-04-07T00:00:18Z,18.12,Fitbit App
2026-04-07T00:01:18Z,10.74,Fitbit App
2026-04-07T00:02:18Z,28.85,Fitbit App
2026-04-07T00:03:18Z,3.36,Fitbit App
2026-04-07T00:04:18Z,14.09,Fitbit App
2026-04-07T00:05:18Z,24.83,Fitbit App
2026-04-07T00:06:18Z,8.72,Fitbit App
2026-04-07T00:07:18Z,8.05,Fitbit App
2026-04-07T00:08:18Z,10.07,Fitbit App
2026-04-07T00:09:18Z,18.12,Fitbit App
2026-04-07T00:10:18Z,4.03,Fitbit App
2026-04-07T00:11:18Z,8.05,Fitbit App
2026-04-07T00:12:18Z,21.47,Fitbit App
2026-04-07T00:17:18Z,8.72,Fitbit App
2026-04-07T00:18:18Z,10.07,Fitbit App
2026-04-07T00:19:18Z,28.85,Fitbit App
2026-04-07T00:20:18Z,16.78,Fitbit App
2026-04-07T00:21:18Z,21.47,Fitbit App
2026-04-07T00:22:18Z,26.17,Fitbit App
2026-04-07T00:23:18Z,2.68,Fitbit App
2026-04-07T00:24:18Z,27.51,Fitbit App
2026-04-07T00:25:18Z,96.13,Fitbit App
2026-04-07T00:26:18Z,6.71,Fitbit App
2026-04-07T00:27:18Z,13.42,Fitbit App
2026-04-07T00:28:18Z,32.21,Fitbit App
2026-04-07T00:29:18Z,4.70,Fitbit App
2026-04-07T00:39:18Z,5.37,Fitbit App
2026-04-07T00:40:18Z,10.07,Fitbit App
2026-04-07T00:42:18Z,3.36,Fitbit App
2026-04-07T00:43:18Z,2.01,Fitbit App
2026-04-07T00:44:18Z,6.71,Fitbit App
2026-04-07T00:45:18Z,14.09,Fitbit App
2026-04-07T00:46:18Z,10.74,Fitbit App
2026-04-07T00:47:18Z,12.75,Fitbit App
2026-04-07T00:48:18Z,26.17,Fitbit App
2026-04-07T00:49:18Z,20.80,Fitbit App
2026-04-07T00:51:18Z,2.01,Fitbit App
2026-04-07T00:52:18Z,10.74,Fitbit App
2026-04-07T00:53:18Z,3.36,Fitbit App
2026-04-07T00:55:18Z,3.36,Fitbit App
2026-04-07T00:56:18Z,12.08,Fitbit App
2026-04-07T00:57:18Z,4.70,Fitbit App
2026-04-07T00:58:18Z,30.87,Fitbit App
2026-04-07T00:59:18Z,14.76,Fitbit App
2026-04-07T01:00:18Z,1.34,Fitbit App
2026-04-07T01:08:18Z,11.41,Fitbit App
2026-04-07T01:09:18Z,65.82,Fitbit App
2026-04-07T01:10:18Z,20.80,Fitbit App
2026-04-07T01:11:18Z,17.45,Fitbit App
2026-04-07T01:12:18Z,10.74,Fitbit App
2026-04-07T01:13:18Z,14.09,Fitbit App
2026-04-07T01:14:18Z,18.12,Fitbit App
2026-04-07T01:15:18Z,25.50,Fitbit App
2026-04-07T01:18:18Z,4.70,Fitbit App
2026-04-07T01:19:18Z,12.75,Fitbit App
2026-04-07T01:20:18Z,15.43,Fitbit App
2026-04-07T01:23:18Z,5.37,Fitbit App
2026-04-07T01:24:18Z,20.80,Fitbit App
2026-04-07T01:25:18Z,0.67,Fitbit App
2026-04-07T01:26:18Z,13.42,Fitbit App
2026-04-07T01:27:18Z,5.37,Fitbit App
2026-04-07T01:28:18Z,8.72,Fitbit App
2026-04-07T01:30:18Z,5.37,Fitbit App
2026-04-07T01:31:18Z,27.51,Fitbit App
2026-04-07T01:32:18Z,11.41,Fitbit App
2026-04-07T01:33:18Z,16.78,Fitbit App
2026-04-07T01:34:18Z,64.95,Fitbit App
2026-04-07T01:35:18Z,20.80,Fitbit App
2026-04-07T01:36:18Z,18.12,Fitbit App
2026-04-07T01:37:18Z,39.59,Fitbit App
2026-04-07T01:38:18Z,11.41,Fitbit App
2026-04-07T01:39:18Z,11.41,Fitbit App
2026-04-07T01:40:18Z,59.75,Fitbit App
2026-04-07T01:41:18Z,0.67,Fitbit App
2026-04-07T01:43:18Z,1.34,Fitbit App
2026-04-07T01:44:18Z,12.75,Fitbit App
2026-04-07T01:45:18Z,7.38,Fitbit App
2026-04-07T01:46:18Z,10.07,Fitbit App
2026-04-07T01:47:18Z,27.51,Fitbit App
2026-04-07T01:48:18Z,2.68,Fitbit App
2026-04-07T01:49:18Z,0.67,Fitbit App
2026-04-07T01:50:18Z,8.05,Fitbit App
2026-04-07T01:51:18Z,18.79,Fitbit App
2026-04-07T01:52:18Z,14.76,Fitbit App
2026-04-07T01:57:18Z,6.71,Fitbit App
2026-04-07T01:58:18Z,20.80,Fitbit App
2026-04-07T01:59:18Z,34.89,Fitbit App
2026-04-07T02:00:18Z,6.71,Fitbit App
2026-04-07T02:01:18Z,19.46,Fitbit App
2026-04-07T02:02:18Z,24.16,Fitbit App
2026-04-07T02:03:18Z,15.43,Fitbit App
2026-04-07T02:04:18Z,15.43,Fitbit App
2026-04-07T02:06:18Z,4.03,Fitbit App
2026-04-07T02:07:18Z,20.80,Fitbit App
2026-04-07T02:08:18Z,42.27,Fitbit App
2026-04-07T02:09:18Z,22.14,Fitbit App
2026-04-07T02:10:18Z,4.70,Fitbit App
2026-04-07T02:11:18Z,3.36,Fitbit App
2026-04-07T02:12:18Z,11.41,Fitbit App
2026-04-07T02:13:18Z,26.84,Fitbit App
2026-04-07T02:14:18Z,21.47,Fitbit App
2026-04-07T02:15:18Z,44.96,Fitbit App
2026-04-07T02:16:18Z,67.55,Fitbit App
2026-04-07T02:17:18Z,10.07,Fitbit App
2026-04-07T02:18:18Z,40.93,Fitbit App
2026-04-07T02:19:18Z,3.36,Fitbit App
2026-04-07T02:20:18Z,7.38,Fitbit App
2026-04-07T02:21:18Z,32.88,Fitbit App
2026-04-07T02:22:18Z,14.76,Fitbit App
2026-04-07T02:23:18Z,16.78,Fitbit App
2026-04-07T02:24:18Z,98.72,Fitbit App
2026-04-07T02:25:18Z,64.08,Fitbit App
2026-04-07T02:26:18Z,8.72,Fitbit App
2026-04-07T02:30:18Z,6.04,Fitbit App
2026-04-07T02:31:18Z,34.89,Fitbit App
2026-04-07T02:32:18Z,11.41,Fitbit App
2026-04-07T02:54:18Z,7.38,Fitbit App
2026-04-07T02:55:18Z,14.76,Fitbit App
2026-04-07T02:56:18Z,12.08,Fitbit App
2026-04-07T02:57:18Z,6.71,Fitbit App
2026-04-07T02:58:18Z,8.72,Fitbit App
2026-04-07T02:59:18Z,44.96,Fitbit App
2026-04-07T03:00:18Z,15.43,Fitbit App
2026-04-07T03:01:18Z,7.38,Fitbit App
2026-04-07T03:02:18Z,2.01,Fitbit App
2026-04-07T03:03:18Z,9.39,Fitbit App
2026-04-07T03:04:18Z,2.68,Fitbit App
2026-04-07T03:05:18Z,6.71,Fitbit App
2026-04-07T03:06:18Z,9.39,Fitbit App
2026-04-07T03:07:18Z,29.52,Fitbit App
2026-04-07T03:08:18Z,2.68,Fitbit App
2026-04-07T03:09:18Z,24.16,Fitbit App
2026-04-07T03:10:18Z,40.93,Fitbit App
2026-04-07T03:11:18Z,1.34,Fitbit App
2026-04-07T03:30:18Z,10.74,Fitbit App
2026-04-07T03:37:18Z,10.74,Fitbit App
2026-04-07T03:38:18Z,15.43,Fitbit App
2026-04-07T03:39:18Z,42.94,Fitbit App
2026-04-07T03:40:18Z,4.70,Fitbit App
2026-04-07T03:41:18Z,22.14,Fitbit App
2026-04-07T03:42:18Z,15.43,Fitbit App
2026-04-07T03:47:18Z,1.34,Fitbit App
2026-04-07T03:48:18Z,11.41,Fitbit App
2026-04-07T03:49:18Z,9.39,Fitbit App
2026-04-07T03:52:18Z,4.70,Fitbit App
2026-04-07T03:53:18Z,16.78,Fitbit App
2026-04-07T03:54:18Z,18.79,Fitbit App
2026-04-07T04:01:18Z,7.38,Fitbit App
2026-04-07T04:02:18Z,36.23,Fitbit App
2026-04-07T04:03:18Z,6.71,Fitbit App
2026-04-07T04:11:18Z,1.34,Fitbit App
2026-04-07T04:12:18Z,18.79,Fitbit App
2026-04-07T04:13:18Z,18.79,Fitbit App
2026-04-07T04:14:18Z,2.68,Fitbit App
2026-04-07T04:15:18Z,18.79,Fitbit App
2026-04-07T04:16:18Z,80.54,Fitbit App
2026-04-07T04:17:18Z,70.15,Fitbit App
2026-04-07T04:18:18Z,28.18,Fitbit App
2026-04-07T04:19:18Z,43.62,Fitbit App
2026-04-07T04:20:18Z,11.41,Fitbit App
2026-04-07T04:31:18Z,0.67,Fitbit App
2026-04-07T04:32:18Z,16.10,Fitbit App
2026-04-07T04:33:18Z,39.59,Fitbit App
2026-04-07T04:34:18Z,8.05,Fitbit App
2026-04-07T04:35:18Z,16.10,Fitbit App
2026-04-07T04:36:18Z,5.37,Fitbit App
2026-04-07T04:37:18Z,6.71,Fitbit App
2026-04-07T04:38:18Z,0.67,Fitbit App
2026-04-07T04:39:18Z,5.37,Fitbit App
2026-04-07T04:40:18Z,14.76,Fitbit App
2026-04-07T04:43:18Z,6.71,Fitbit App
2026-04-07T04:44:18Z,18.79,Fitbit App
2026-04-07T04:45:18Z,14.76,Fitbit App
2026-04-07T04:51:18Z,0.67,Fitbit App
2026-04-07T04:52:18Z,11.41,Fitbit App
2026-04-07T04:53:18Z,24.16,Fitbit App
2026-04-07T04:54:18Z,32.88,Fitbit App
2026-04-07T04:55:18Z,3.36,Fitbit App
2026-04-07T04:56:18Z,8.72,Fitbit App
2026-04-07T04:57:18Z,11.41,Fitbit App
2026-04-07T05:05:18Z,6.04,Fitbit App
2026-04-07T05:06:18Z,10.07,Fitbit App
2026-04-07T05:26:18Z,10.74,Fitbit App
2026-04-07T05:27:18Z,4.70,Fitbit App
2026-04-07T05:28:18Z,2.68,Fitbit App
2026-04-07T05:29:18Z,2.68,Fitbit App
2026-04-07T05:32:18Z,3.36,Fitbit App
2026-04-07T05:33:18Z,10.07,Fitbit App
2026-04-07T05:34:18Z,3.36,Fitbit App
2026-04-07T05:35:18Z,7.38,Fitbit App
2026-04-07T05:36:18Z,16.78,Fitbit App
2026-04-07T05:37:18Z,1.34,Fitbit App
2026-04-07T05:38:18Z,12.08,Fitbit App
2026-04-07T05:39:18Z,25.50,Fitbit App
2026-04-07T05:40:18Z,2.68,Fitbit App
2026-04-07T05:41:18Z,5.37,Fitbit App
2026-04-07T05:42:18Z,10.74,Fitbit App
2026-04-07T05:43:18Z,1.34,Fitbit App
2026-04-07T05:44:18Z,18.12,Fitbit App
2026-04-07T05:45:18Z,31.54,Fitbit App
2026-04-07T05:46:18Z,6.71,Fitbit App
2026-04-07T05:50:18Z,2.01,Fitbit App
2026-04-07T05:51:18Z,20.13,Fitbit App
2026-04-07T05:52:18Z,12.75,Fitbit App
2026-04-07T05:57:18Z,5.37,Fitbit App
2026-04-07T05:58:18Z,27.51,Fitbit App
2026-04-07T05:59:18Z,8.05,Fitbit App
2026-04-07T06:00:18Z,12.08,Fitbit App
2026-04-07T06:01:18Z,27.51,Fitbit App
2026-04-07T06:02:18Z,14.76,Fitbit App
2026-04-07T06:03:18Z,5.37,Fitbit App
2026-04-07T06:04:18Z,25.50,Fitbit App
2026-04-07T06:05:18Z,26.17,Fitbit App
2026-04-07T06:07:18Z,6.71,Fitbit App
2026-04-07T06:08:18Z,14.09,Fitbit App
2026-04-07T06:09:18Z,10.74,Fitbit App
2026-04-07T06:10:18Z,18.79,Fitbit App
2026-04-07T06:11:18Z,14.76,Fitbit App
2026-04-07T06:12:18Z,87.47,Fitbit App
2026-04-07T06:13:18Z,103.05,Fitbit App
2026-04-07T06:14:18Z,105.65,Fitbit App
2026-04-07T06:15:18Z,109.12,Fitbit App
2026-04-07T06:16:18Z,41.60,Fitbit App
2026-04-07T06:18:18Z,0.67,Fitbit App
2026-04-07T06:19:18Z,4.70,Fitbit App
2026-04-07T06:31:18Z,6.71,Fitbit App
2026-04-07T06:32:18Z,2.68,Fitbit App
2026-04-07T06:47:18Z,10.74,Fitbit App
2026-04-07T06:48:18Z,96.99,Fitbit App
2026-04-07T06:49:18Z,81.40,Fitbit App
2026-04-07T06:50:18Z,14.09,Fitbit App
2026-04-07T06:51:18Z,20.13,Fitbit App
2026-04-07T06:52:18Z,3.36,Fitbit App
2026-04-07T06:53:18Z,4.70,Fitbit App
2026-04-07T09:42:18Z,8.05,Fitbit App
2026-04-07T09:43:18Z,36.91,Fitbit App
2026-04-07T09:44:18Z,7.38,Fitbit App
2026-04-07T11:14:18Z,1.34,Fitbit App
2026-04-07T11:15:18Z,16.10,Fitbit App
2026-04-07T11:16:18Z,11.41,Fitbit App
2026-04-07T19:48:18Z,4.03,Fitbit App
2026-04-07T19:49:18Z,12.08,Fitbit App
2026-04-07T19:56:18Z,0.67,Fitbit App
2026-04-07T19:57:18Z,6.04,Fitbit App
2026-04-07T19:58:18Z,21.47,Fitbit App
2026-04-07T19:59:18Z,21.47,Fitbit App
2026-04-07T20:00:18Z,10.07,Fitbit App
2026-04-07T20:01:18Z,101.32,Fitbit App
2026-04-07T20:02:18Z,105.65,Fitbit App
2026-04-07T20:03:18Z,3.36,Fitbit App
2026-04-07T20:04:18Z,0.67,Fitbit App
2026-04-07T20:05:18Z,5.37,Fitbit App
2026-04-07T20:12:18Z,2.01,Fitbit App
2026-04-07T20:13:18Z,6.04,Fitbit App
2026-04-07T20:27:18Z,2.01,Fitbit App
2026-04-07T20:28:18Z,26.84,Fitbit App
2026-04-07T20:29:18Z,104.79,Fitbit App
2026-04-07T20:30:18Z,103.92,Fitbit App
2026-04-07T20:31:18Z,92.66,Fitbit App
2026-04-07T20:32:18Z,8.05,Fitbit App
2026-04-07T20:33:18Z,4.70,Fitbit App
2026-04-07T20:34:18Z,26.84,Fitbit App
2026-04-07T20:35:18Z,12.08,Fitbit App
2026-04-07T20:36:18Z,28.85,Fitbit App
2026-04-07T20:37:18Z,22.81,Fitbit App
2026-04-07T20:38:18Z,67.55,Fitbit App
2026-04-07T20:39:18Z,40.93,Fitbit App
2026-04-07T20:41:18Z,2.01,Fitbit App
2026-04-07T20:42:18Z,16.10,Fitbit App
2026-04-07T20:43:18Z,21.47,Fitbit App
2026-04-07T20:44:18Z,38.92,Fitbit App
2026-04-07T20:45:18Z,28.85,Fitbit App
2026-04-07T20:46:18Z,2.68,Fitbit App
2026-04-07T20:47:18Z,7.38,Fitbit App
2026-04-07T20:48:18Z,30.87,Fitbit App
2026-04-07T20:49:18Z,36.91,Fitbit App
2026-04-07T20:50:18Z,7.38,Fitbit App
2026-04-07T20:51:18Z,17.45,Fitbit App
2026-04-07T20:52:18Z,14.09,Fitbit App
2026-04-07T20:54:18Z,3.36,Fitbit App
2026-04-07T20:55:18Z,19.46,Fitbit App
2026-04-07T20:56:18Z,3.36,Fitbit App
2026-04-07T20:57:18Z,8.72,Fitbit App
2026-04-07T20:58:18Z,16.78,Fitbit App
2026-04-07T21:00:18Z,10.07,Fitbit App
2026-04-07T21:01:18Z,32.88,Fitbit App
2026-04-07T21:02:18Z,13.42,Fitbit App
2026-04-07T21:03:18Z,6.04,Fitbit App
2026-04-07T21:04:18Z,5.37,Fitbit App
2026-04-07T21:05:18Z,9.39,Fitbit App
2026-04-07T21:06:18Z,14.76,Fitbit App
2026-04-07T21:07:18Z,4.03,Fitbit App
2026-04-07T21:08:18Z,6.04,Fitbit App
2026-04-07T21:09:18Z,28.85,Fitbit App
2026-04-07T21:10:18Z,20.80,Fitbit App
2026-04-07T21:11:18Z,16.10,Fitbit App
2026-04-07T21:16:18Z,8.72,Fitbit App
2026-04-07T21:17:18Z,30.20,Fitbit App
2026-04-07T21:18:18Z,20.80,Fitbit App
2026-04-07T21:19:18Z,32.88,Fitbit App
2026-04-07T21:20:18Z,33.55,Fitbit App
2026-04-07T21:21:18Z,22.81,Fitbit App
2026-04-07T21:22:18Z,6.71,Fitbit App
2026-04-07T21:23:18Z,16.10,Fitbit App
2026-04-07T21:24:18Z,16.78,Fitbit App
2026-04-07T21:25:18Z,38.92,Fitbit App
2026-04-07T21:26:18Z,34.22,Fitbit App
2026-04-07T21:27:18Z,36.23,Fitbit App
2026-04-07T21:28:18Z,3.36,Fitbit App
2026-04-07T21:29:18Z,16.78,Fitbit App
2026-04-07T21:30:18Z,6.04,Fitbit App
2026-04-07T21:31:18Z,12.75,Fitbit App
2026-04-07T21:32:18Z,15.43,Fitbit App
2026-04-07T21:33:18Z,27.51,Fitbit App
2026-04-07T21:34:18Z,40.93,Fitbit App
2026-04-07T21:35:18Z,3.36,Fitbit App
2026-04-07T21:37:18Z,9.39,Fitbit App
2026-04-07T21:38:18Z,9.39,Fitbit App
2026-04-07T21:39:18Z,6.04,Fitbit App
2026-04-07T21:40:18Z,19.46,Fitbit App
2026-04-07T21:41:18Z,109.12,Fitbit App
2026-04-07T21:42:18Z,66.68,Fitbit App
2026-04-07T21:43:18Z,98.72,Fitbit App
2026-04-07T21:44:18Z,30.20,Fitbit App
2026-04-07T21:45:18Z,28.85,Fitbit App
2026-04-07T21:46:18Z,21.47,Fitbit App
2026-04-07T21:47:18Z,20.80,Fitbit App
2026-04-07T21:48:18Z,18.12,Fitbit App
2026-04-07T21:49:18Z,18.12,Fitbit App
2026-04-07T21:50:18Z,38.25,Fitbit App
2026-04-07T21:52:18Z,3.36,Fitbit App
2026-04-07T21:53:18Z,35.56,Fitbit App
2026-04-07T21:54:18Z,14.09,Fitbit App
2026-04-07T21:55:18Z,19.46,Fitbit App
2026-04-07T21:56:18Z,29.52,Fitbit App
2026-04-07T21:57:18Z,12.75,Fitbit App
2026-04-07T21:58:18Z,6.71,Fitbit App
2026-04-07T21:59:18Z,13.42,Fitbit App
2026-04-07T22:00:18Z,20.80,Fitbit App
2026-04-07T22:01:18Z,10.74,Fitbit App
2026-04-07T22:02:18Z,30.20,Fitbit App
2026-04-07T22:03:18Z,23.49,Fitbit App
2026-04-07T22:04:18Z,30.87,Fitbit App
2026-04-07T22:05:18Z,28.18,Fitbit App
2026-04-07T22:06:18Z,2.01,Fitbit App
2026-04-07T22:07:18Z,2.01,Fitbit App
2026-04-07T22:08:18Z,12.08,Fitbit App
2026-04-07T22:09:18Z,35.56,Fitbit App
2026-04-07T22:10:18Z,36.91,Fitbit App
2026-04-07T22:11:18Z,13.42,Fitbit App
2026-04-07T22:12:18Z,18.12,Fitbit App
2026-04-07T22:13:18Z,21.47,Fitbit App
2026-04-07T22:14:18Z,32.21,Fitbit App
2026-04-07T22:15:18Z,4.70,Fitbit App
2026-04-07T22:16:18Z,26.17,Fitbit App
2026-04-07T22:17:18Z,31.54,Fitbit App
2026-04-07T22:18:18Z,28.18,Fitbit App
2026-04-07T22:19:18Z,45.63,Fitbit App
2026-04-07T22:20:18Z,63.22,Fitbit App
2026-04-07T22:21:18Z,15.43,Fitbit App
2026-04-07T22:22:18Z,74.48,Fitbit App
2026-04-07T22:23:18Z,40.26,Fitbit App
2026-04-07T22:24:18Z,13.42,Fitbit App
2026-04-07T22:25:18Z,43.62,Fitbit App
2026-04-07T22:26:18Z,82.27,Fitbit App
2026-04-07T22:27:18Z,24.83,Fitbit App
2026-04-07T22:28:18Z,24.16,Fitbit App
2026-04-07T22:29:18Z,9.39,Fitbit App
2026-04-07T22:30:18Z,22.14,Fitbit App
2026-04-07T22:31:18Z,41.60,Fitbit App
2026-04-07T22:32:18Z,16.10,Fitbit App
2026-04-07T22:34:18Z,4.03,Fitbit App
2026-04-07T22:35:18Z,24.16,Fitbit App
2026-04-07T22:36:18Z,44.96,Fitbit App
2026-04-07T22:37:18Z,16.10,Fitbit App
2026-04-07T22:38:18Z,25.50,Fitbit App
2026-04-07T22:40:18Z,3.36,Fitbit App
2026-04-07T22:41:18Z,22.14,Fitbit App
2026-04-07T22:42:18Z,8.05,Fitbit App
2026-04-07T22:43:18Z,4.03,Fitbit App
2026-04-07T22:44:18Z,5.37,Fitbit App
2026-04-07T22:45:18Z,14.09,Fitbit App
2026-04-07T22:46:18Z,17.45,Fitbit App
2026-04-07T22:47:18Z,36.23,Fitbit App
2026-04-07T22:48:18Z,22.14,Fitbit App
2026-04-07T22:49:18Z,0.67,Fitbit App
2026-04-07T22:50:18Z,15.43,Fitbit App
2026-04-07T22:51:18Z,6.04,Fitbit App
2026-04-07T22:52:18Z,5.37,Fitbit App
2026-04-07T22:53:18Z,17.45,Fitbit App
2026-04-07T22:54:18Z,4.03,Fitbit App
2026-04-07T22:55:18Z,22.14,Fitbit App
2026-04-07T22:56:18Z,34.89,Fitbit App
2026-04-07T23:00:18Z,5.37,Fitbit App
2026-04-07T23:01:18Z,29.52,Fitbit App
2026-04-07T23:02:18Z,24.83,Fitbit App
2026-04-07T23:05:18Z,11.41,Fitbit App
2026-04-07T23:06:18Z,14.09,Fitbit App
2026-04-07T23:07:18Z,6.04,Fitbit App
2026-04-07T23:08:18Z,4.70,Fitbit App
2026-04-07T23:09:18Z,28.85,Fitbit App
2026-04-07T23:10:18Z,20.13,Fitbit App
2026-04-07T23:11:18Z,12.08,Fitbit App
2026-04-07T23:12:18Z,60.62,Fitbit App
2026-04-07T23:13:18Z,28.18,Fitbit App
2026-04-07T23:14:18Z,60.62,Fitbit App
2026-04-07T23:15:18Z,28.85,Fitbit App
2026-04-07T23:16:18Z,92.66,Fitbit App
2026-04-07T23:17:18Z,85.73,Fitbit App
2026-04-07T23:18:18Z,21.47,Fitbit App
2026-04-07T23:19:18Z,69.28,Fitbit App
2026-04-07T23:20:18Z,61.49,Fitbit App
2026-04-07T23:21:18Z,18.12,Fitbit App
2026-04-07T23:22:18Z,7.38,Fitbit App
2026-04-07T23:23:18Z,38.92,Fitbit App
2026-04-07T23:24:18Z,14.76,Fitbit App
2026-04-07T23:25:18Z,5.37,Fitbit App
2026-04-07T23:26:18Z,12.75,Fitbit App
2026-04-07T23:27:18Z,15.43,Fitbit App
2026-04-07T23:28:18Z,3.36,Fitbit App
2026-04-07T23:29:18Z,21.47,Fitbit App
2026-04-07T23:30:18Z,8.05,Fitbit App
2026-04-07T23:31:18Z,20.80,Fitbit App
2026-04-07T23:32:18Z,10.74,Fitbit App
2026-04-07T23:33:18Z,41.60,Fitbit App
2026-04-07T23:34:18Z,29.52,Fitbit App
2026-04-07T23:35:18Z,36.23,Fitbit App
2026-04-07T23:36:18Z,25.50,Fitbit App
2026-04-07T23:37:18Z,10.74,Fitbit App
2026-04-07T23:39:18Z,2.01,Fitbit App
2026-04-07T23:40:18Z,11.41,Fitbit App
2026-04-07T23:41:18Z,4.03,Fitbit App
2026-04-07T23:42:18Z,1.34,Fitbit App
2026-04-07T23:43:18Z,18.12,Fitbit App
2026-04-07T23:44:18Z,28.85,Fitbit App
2026-04-07T23:45:18Z,22.81,Fitbit App
2026-04-07T23:46:18Z,11.41,Fitbit App
2026-04-07T23:47:18Z,0.67,Fitbit App
2026-04-07T23:48:18Z,4.03,Fitbit App
2026-04-07T23:49:18Z,21.47,Fitbit App
2026-04-07T23:50:18Z,21.47,Fitbit App
2026-04-07T23:51:18Z,21.47,Fitbit App
2026-04-07T23:52:18Z,31.54,Fitbit App
2026-04-07T23:59:18Z,9.39,Fitbit App
2026-04-08T00:00:18Z,40.93,Fitbit App
2026-04-08T00:01:18Z,7.38,Fitbit App
2026-04-08T00:02:18Z,16.78,Fitbit App
2026-04-08T00:03:18Z,26.84,Fitbit App
2026-04-08T00:04:18Z,28.85,Fitbit App
2026-04-08T00:05:18Z,28.18,Fitbit App
2026-04-08T00:11:18Z,4.70,Fitbit App
2026-04-08T00:12:18Z,20.80,Fitbit App
2026-04-08T00:13:18Z,12.75,Fitbit App
2026-04-08T00:14:18Z,13.42,Fitbit App
2026-04-08T00:15:18Z,6.71,Fitbit App
2026-04-08T00:16:18Z,29.52,Fitbit App
2026-04-08T00:17:18Z,45.63,Fitbit App
2026-04-08T00:18:18Z,6.71,Fitbit App
2026-04-08T00:19:18Z,14.76,Fitbit App
2026-04-08T00:22:18Z,8.72,Fitbit App
2026-04-08T00:23:18Z,13.42,Fitbit App
2026-04-08T00:24:18Z,6.71,Fitbit App
2026-04-08T00:25:18Z,17.45,Fitbit App
2026-04-08T00:26:18Z,14.09,Fitbit App
2026-04-08T00:27:18Z,6.04,Fitbit App
2026-04-08T00:28:18Z,32.21,Fitbit App
2026-04-08T00:29:18Z,32.21,Fitbit App
2026-04-08T00:30:18Z,18.12,Fitbit App
2026-04-08T00:31:18Z,20.80,Fitbit App
2026-04-08T00:32:18Z,17.45,Fitbit App
2026-04-08T00:34:18Z,10.74,Fitbit App
2026-04-08T00:35:18Z,10.74,Fitbit App
2026-04-08T00:45:18Z,10.74,Fitbit App
2026-04-08T00:46:18Z,25.50,Fitbit App
2026-04-08T00:47:18Z,27.51,Fitbit App
2026-04-08T00:48:18Z,22.81,Fitbit App
2026-04-08T00:49:18Z,7.38,Fitbit App
2026-04-08T00:51:18Z,8.72,Fitbit App
2026-04-08T00:52:18Z,19.46,Fitbit App
2026-04-08T00:55:18Z,6.71,Fitbit App
2026-04-08T00:56:18Z,24.16,Fitbit App
2026-04-08T00:59:18Z,10.74,Fitbit App
2026-04-08T01:00:18Z,18.12,Fitbit App
2026-04-08T01:01:18Z,4.03,Fitbit App
2026-04-08T01:04:18Z,6.04,Fitbit App
2026-04-08T01:05:18Z,5.37,Fitbit App
2026-04-08T01:07:18Z,5.37,Fitbit App
2026-04-08T01:08:18Z,12.08,Fitbit App
2026-04-08T01:09:18Z,18.79,Fitbit App
2026-04-08T01:10:18Z,4.70,Fitbit App
2026-04-08T01:14:18Z,11.41,Fitbit App
2026-04-08T01:16:18Z,7.38,Fitbit App
2026-04-08T01:17:18Z,22.14,Fitbit App
2026-04-08T01:18:18Z,15.43,Fitbit App
2026-04-08T01:19:18Z,4.70,Fitbit App
2026-04-08T01:20:18Z,13.42,Fitbit App
2026-04-08T01:21:18Z,20.80,Fitbit App
2026-04-08T01:22:18Z,8.72,Fitbit App
2026-04-08T01:23:18Z,10.74,Fitbit App
2026-04-08T01:24:18Z,9.39,Fitbit App
2026-04-08T01:25:18Z,33.55,Fitbit App
2026-04-08T01:26:18Z,21.47,Fitbit App
2026-04-08T01:27:18Z,17.45,Fitbit App
2026-04-08T01:28:18Z,24.83,Fitbit App
2026-04-08T01:29:18Z,22.81,Fitbit App
2026-04-08T01:34:18Z,2.68,Fitbit App
2026-04-08T01:35:18Z,23.49,Fitbit App
2026-04-08T01:36:18Z,30.20,Fitbit App
2026-04-08T01:37:18Z,8.05,Fitbit App
2026-04-08T01:38:18Z,35.56,Fitbit App
2026-04-08T01:39:18Z,14.09,Fitbit App
2026-04-08T01:40:18Z,14.76,Fitbit App
2026-04-08T01:42:18Z,2.01,Fitbit App
2026-04-08T01:43:18Z,10.74,Fitbit App
2026-04-08T01:44:18Z,12.75,Fitbit App
2026-04-08T01:45:18Z,14.09,Fitbit App
2026-04-08T01:46:18Z,3.36,Fitbit App
2026-04-08T01:47:18Z,6.71,Fitbit App
2026-04-08T01:48:18Z,30.20,Fitbit App
2026-04-08T01:49:18Z,12.08,Fitbit App
2026-04-08T01:50:18Z,8.05,Fitbit App
2026-04-08T01:51:18Z,10.07,Fitbit App
2026-04-08T01:52:18Z,24.16,Fitbit App
2026-04-08T01:53:18Z,18.79,Fitbit App
2026-04-08T01:54:18Z,31.54,Fitbit App
2026-04-08T01:55:18Z,25.50,Fitbit App
2026-04-08T01:56:18Z,34.22,Fitbit App
2026-04-08T01:57:18Z,20.13,Fitbit App
2026-04-08T01:58:18Z,20.80,Fitbit App
2026-04-08T01:59:18Z,11.41,Fitbit App
2026-04-08T02:00:18Z,19.46,Fitbit App
2026-04-08T02:01:18Z,34.89,Fitbit App
2026-04-08T02:02:18Z,2.68,Fitbit App
2026-04-08T02:03:18Z,6.71,Fitbit App
2026-04-08T02:04:18Z,20.80,Fitbit App
2026-04-08T02:05:18Z,16.10,Fitbit App
2026-04-08T02:06:18Z,8.05,Fitbit App
2026-04-08T02:07:18Z,6.71,Fitbit App
2026-04-08T02:08:18Z,21.47,Fitbit App
2026-04-08T02:09:18Z,6.04,Fitbit App
2026-04-08T02:10:18Z,26.17,Fitbit App
2026-04-08T02:11:18Z,16.10,Fitbit App
2026-04-08T02:12:18Z,23.49,Fitbit App
2026-04-08T02:13:18Z,71.01,Fitbit App
2026-04-08T02:14:18Z,74.48,Fitbit App
2026-04-08T02:15:18Z,42.27,Fitbit App
2026-04-08T02:16:18Z,14.76,Fitbit App
2026-04-08T02:22:18Z,11.41,Fitbit App
2026-04-08T02:23:18Z,32.88,Fitbit App
2026-04-08T02:24:18Z,43.62,Fitbit App
2026-04-08T02:25:18Z,64.08,Fitbit App
2026-04-08T02:26:18Z,17.45,Fitbit App
2026-04-08T02:27:18Z,25.50,Fitbit App
2026-04-08T02:28:18Z,37.58,Fitbit App
2026-04-08T02:29:18Z,23.49,Fitbit App
2026-04-08T02:30:18Z,2.68,Fitbit App
2026-04-08T02:34:18Z,0.67,Fitbit App
2026-04-08T02:35:18Z,9.39,Fitbit App
2026-04-08T02:36:18Z,32.88,Fitbit App
2026-04-08T02:37:18Z,81.40,Fitbit App
2026-04-08T03:01:18Z,10.74,Fitbit App
2026-04-08T03:02:18Z,35.56,Fitbit App
2026-04-08T03:03:18Z,19.46,Fitbit App
2026-04-08T03:04:18Z,12.08,Fitbit App
2026-04-08T03:05:18Z,11.41,Fitbit App
2026-04-08T03:06:18Z,16.10,Fitbit App
2026-04-08T03:07:18Z,42.94,Fitbit App
2026-04-08T03:08:18Z,2.68,Fitbit App
2026-04-08T03:10:18Z,1.34,Fitbit App
2026-04-08T03:11:18Z,11.41,Fitbit App
2026-04-08T03:12:18Z,6.71,Fitbit App
2026-04-08T03:13:18Z,8.72,Fitbit App
2026-04-08T03:14:18Z,18.12,Fitbit App
2026-04-08T03:15:18Z,26.84,Fitbit App
2026-04-08T03:16:18Z,37.58,Fitbit App
2026-04-08T03:17:18Z,7.38,Fitbit App
2026-04-08T03:18:18Z,22.14,Fitbit App
2026-04-08T03:19:18Z,38.92,Fitbit App
2026-04-08T03:20:18Z,63.22,Fitbit App
2026-04-08T03:21:18Z,40.26,Fitbit App
2026-04-08T03:22:18Z,12.75,Fitbit App
2026-04-08T03:23:18Z,32.88,Fitbit App
2026-04-08T03:24:18Z,34.89,Fitbit App
2026-04-08T03:25:18Z,6.04,Fitbit App
2026-04-08T03:26:18Z,3.36,Fitbit App
2026-04-08T03:27:18Z,23.49,Fitbit App
2026-04-08T03:28:18Z,72.74,Fitbit App
2026-04-08T03:29:18Z,76.21,Fitbit App
2026-04-08T03:30:18Z,33.55,Fitbit App
2026-04-08T03:31:18Z,12.08,Fitbit App
2026-04-08T03:33:18Z,4.70,Fitbit App
2026-04-08T03:34:18Z,18.12,Fitbit App
2026-04-08T03:35:18Z,20.13,Fitbit App
2026-04-08T03:36:18Z,4.03,Fitbit App
2026-04-08T03:37:18Z,28.85,Fitbit App
2026-04-08T03:38:18Z,19.46,Fitbit App
2026-04-08T03:39:18Z,1.34,Fitbit App
2026-04-08T03:40:18Z,4.03,Fitbit App
2026-04-08T03:41:18Z,10.74,Fitbit App
2026-04-08T03:45:18Z,6.04,Fitbit App
2026-04-08T03:46:18Z,20.13,Fitbit App
2026-04-08T03:47:18Z,28.18,Fitbit App
2026-04-08T03:48:18Z,28.18,Fitbit App
2026-04-08T03:51:18Z,12.75,Fitbit App
2026-04-08T03:52:18Z,26.84,Fitbit App
2026-04-08T03:53:18Z,28.18,Fitbit App
2026-04-08T03:54:18Z,24.16,Fitbit App
2026-04-08T03:55:18Z,22.14,Fitbit App
2026-04-08T03:56:18Z,11.41,Fitbit App
2026-04-08T03:57:18Z,5.37,Fitbit App
2026-04-08T03:59:18Z,1.34,Fitbit App
2026-04-08T04:00:18Z,15.43,Fitbit App
2026-04-08T04:01:18Z,24.16,Fitbit App
2026-04-08T04:02:18Z,3.36,Fitbit App
2026-04-08T04:03:18Z,20.13,Fitbit App
2026-04-08T04:06:18Z,2.01,Fitbit App
2026-04-08T04:07:18Z,5.37,Fitbit App
2026-04-08T04:12:18Z,2.68,Fitbit App
2026-04-08T04:13:18Z,17.45,Fitbit App
2026-04-08T04:17:18Z,4.70,Fitbit App
2026-04-08T04:18:18Z,28.85,Fitbit App
2026-04-08T04:19:18Z,10.74,Fitbit App
2026-04-08T04:20:18Z,4.70,Fitbit App
2026-04-08T04:22:18Z,5.37,Fitbit App
2026-04-08T04:23:18Z,28.85,Fitbit App
2026-04-08T04:24:18Z,13.42,Fitbit App
2026-04-08T04:25:18Z,18.12,Fitbit App
2026-04-08T04:26:18Z,22.81,Fitbit App
2026-04-08T04:27:18Z,10.74,Fitbit App
2026-04-08T04:28:18Z,8.05,Fitbit App
2026-04-08T04:33:18Z,9.39,Fitbit App
2026-04-08T04:34:18Z,12.08,Fitbit App
2026-04-08T04:35:18Z,7.38,Fitbit App
2026-04-08T04:36:18Z,24.83,Fitbit App
2026-04-08T04:37:18Z,8.05,Fitbit App
2026-04-08T04:40:18Z,2.01,Fitbit App
2026-04-08T04:41:18Z,26.84,Fitbit App
2026-04-08T04:42:18Z,6.71,Fitbit App
2026-04-08T04:43:18Z,14.76,Fitbit App
2026-04-08T04:44:18Z,13.42,Fitbit App
2026-04-08T04:45:18Z,4.03,Fitbit App
2026-04-08T04:46:18Z,22.14,Fitbit App
2026-04-08T04:47:18Z,5.37,Fitbit App
2026-04-08T04:48:18Z,12.08,Fitbit App
2026-04-08T04:54:18Z,10.07,Fitbit App
2026-04-08T04:55:18Z,10.07,Fitbit App
2026-04-08T04:56:18Z,37.58,Fitbit App
2026-04-08T04:57:18Z,77.07,Fitbit App
2026-04-08T04:58:18Z,32.88,Fitbit App
2026-04-08T04:59:18Z,31.54,Fitbit App
2026-04-08T05:00:18Z,11.41,Fitbit App
2026-04-08T05:01:18Z,23.49,Fitbit App
2026-04-08T05:02:18Z,74.48,Fitbit App
2026-04-08T05:03:18Z,103.92,Fitbit App
2026-04-08T05:04:18Z,102.19,Fitbit App
2026-04-08T05:05:18Z,98.72,Fitbit App
2026-04-08T05:06:18Z,104.79,Fitbit App
2026-04-08T05:07:18Z,1.34,Fitbit App
2026-04-08T05:09:18Z,0.67,Fitbit App
2026-04-08T05:10:18Z,12.75,Fitbit App
2026-04-08T05:23:18Z,5.37,Fitbit App
2026-04-08T05:24:18Z,3.36,Fitbit App
2026-04-08T05:37:18Z,4.03,Fitbit App
2026-04-08T05:38:18Z,35.56,Fitbit App
2026-04-08T05:39:18Z,60.62,Fitbit App
2026-04-08T05:56:18Z,2.01,Fitbit App
2026-04-08T05:57:18Z,26.84,Fitbit App
2026-04-08T05:58:18Z,62.35,Fitbit App
2026-04-08T05:59:18Z,19.46,Fitbit App
2026-04-08T06:00:18Z,14.09,Fitbit App
2026-04-08T06:01:18Z,30.20,Fitbit App
2026-04-08T06:02:18Z,8.72,Fitbit App
2026-04-08T08:20:18Z,5.37,Fitbit App
2026-04-08T08:22:18Z,4.70,Fitbit App
2026-04-08T08:23:18Z,7.38,Fitbit App
2026-04-08T08:24:18Z,4.03,Fitbit App
2026-04-08T08:25:18Z,10.07,Fitbit App
2026-04-08T09:15:18Z,8.72,Fitbit App
2026-04-08T09:16:18Z,0.67,Fitbit App
2026-04-08T09:57:18Z,4.70,Fitbit App
2026-04-08T09:58:18Z,3.36,Fitbit App
2026-04-08T10:06:18Z,4.03,Fitbit App
2026-04-08T10:07:18Z,26.84,Fitbit App
2026-04-08T10:08:18Z,1.34,Fitbit App
2026-04-08T10:56:18Z,2.68,Fitbit App
2026-04-08T10:57:18Z,16.10,Fitbit App
2026-04-08T10:58:18Z,8.72,Fitbit App
2026-04-08T11:04:18Z,3.36,Fitbit App
2026-04-08T11:05:18Z,15.43,Fitbit App
2026-04-08T11:12:18Z,4.70,Fitbit App
2026-04-08T11:13:18Z,4.70,Fitbit App
2026-04-08T11:43:18Z,2.68,Fitbit App
2026-04-08T11:44:18Z,4.70,Fitbit App
2026-04-08T13:13:18Z,2.68,Fitbit App
2026-04-08T13:14:18Z,2.68,Fitbit App
2026-04-08T20:00:18Z,2.01,Fitbit App
2026-04-08T20:01:18Z,13.42,Fitbit App
2026-04-08T20:02:18Z,30.20,Fitbit App
2026-04-08T20:03:18Z,38.92,Fitbit App
2026-04-08T20:04:18Z,104.79,Fitbit App
2026-04-08T20:05:18Z,30.20,Fitbit App
2026-04-08T20:11:18Z,5.37,Fitbit App
2026-04-08T20:12:18Z,4.03,Fitbit App
2026-04-08T20:25:18Z,10.74,Fitbit App
2026-04-08T20:26:18Z,106.52,Fitbit App
2026-04-08T20:27:18Z,110.85,Fitbit App
2026-04-08T20:28:18Z,109.12,Fitbit App
2026-04-08T20:29:18Z,18.79,Fitbit App
2026-04-08T20:30:18Z,2.68,Fitbit App
2026-04-08T20:31:18Z,67.55,Fitbit App
2026-04-08T20:32:18Z,66.68,Fitbit App
2026-04-08T20:33:18Z,28.18,Fitbit App
2026-04-08T20:34:18Z,16.10,Fitbit App
2026-04-08T20:35:18Z,66.68,Fitbit App
2026-04-08T20:36:18Z,18.79,Fitbit App
2026-04-08T20:37:18Z,4.03,Fitbit App
2026-04-08T20:38:18Z,22.14,Fitbit App
2026-04-08T20:39:18Z,5.37,Fitbit App
2026-04-08T20:40:18Z,21.47,Fitbit App
2026-04-08T20:41:18Z,15.43,Fitbit App
2026-04-08T20:42:18Z,10.07,Fitbit App
2026-04-08T20:44:18Z,8.05,Fitbit App
2026-04-08T20:45:18Z,16.10,Fitbit App
2026-04-08T20:46:18Z,17.45,Fitbit App
2026-04-08T20:48:18Z,6.04,Fitbit App
2026-04-08T20:49:18Z,13.42,Fitbit App
2026-04-08T20:50:18Z,4.70,Fitbit App
2026-04-08T20:51:18Z,6.71,Fitbit App
2026-04-08T20:52:18Z,25.50,Fitbit App
2026-04-08T20:55:18Z,10.07,Fitbit App
2026-04-08T20:56:18Z,5.37,Fitbit App
2026-04-08T20:57:18Z,4.03,Fitbit App
2026-04-08T21:00:18Z,2.01,Fitbit App
2026-04-08T21:01:18Z,2.68,Fitbit App
2026-04-08T21:03:18Z,1.34,Fitbit App
2026-04-08T21:04:18Z,3.36,Fitbit App
2026-04-08T21:06:18Z,4.03,Fitbit App
2026-04-08T21:07:18Z,18.79,Fitbit App
2026-04-08T21:12:18Z,4.70,Fitbit App
2026-04-08T21:13:18Z,10.74,Fitbit App
2026-04-08T21:14:18Z,21.47,Fitbit App
2026-04-08T21:15:18Z,18.12,Fitbit App
2026-04-08T21:16:18Z,21.47,Fitbit App
2026-04-08T21:17:18Z,15.43,Fitbit App
2026-04-08T21:18:18Z,34.22,Fitbit App
2026-04-08T21:19:18Z,8.72,Fitbit App
2026-04-08T21:20:18Z,2.68,Fitbit App
2026-04-08T21:21:18Z,16.78,Fitbit App
2026-04-08T21:22:18Z,20.80,Fitbit App
2026-04-08T21:23:18Z,5.37,Fitbit App
2026-04-08T21:24:18Z,40.93,Fitbit App
2026-04-08T21:25:18Z,6.04,Fitbit App
2026-04-08T21:26:18Z,2.01,Fitbit App
2026-04-08T21:27:18Z,12.75,Fitbit App
2026-04-08T21:28:18Z,18.12,Fitbit App
2026-04-08T21:29:18Z,12.75,Fitbit App
2026-04-08T21:30:18Z,28.18,Fitbit App
2026-04-08T21:31:18Z,2.68,Fitbit App
2026-04-08T21:33:18Z,2.01,Fitbit App
2026-04-08T21:34:18Z,10.07,Fitbit App
2026-04-08T21:35:18Z,7.38,Fitbit App
2026-04-08T21:37:18Z,4.70,Fitbit App
2026-04-08T21:38:18Z,6.71,Fitbit App
2026-04-08T21:42:18Z,9.39,Fitbit App
2026-04-08T21:43:18Z,13.42,Fitbit App
2026-04-08T21:44:18Z,2.01,Fitbit App
2026-04-08T21:45:18Z,18.79,Fitbit App
2026-04-08T21:46:18Z,44.29,Fitbit App
2026-04-08T21:48:18Z,6.71,Fitbit App
2026-04-08T21:49:18Z,16.10,Fitbit App
2026-04-08T21:51:18Z,2.01,Fitbit App
2026-04-08T21:52:18Z,17.45,Fitbit App
2026-04-08T21:53:18Z,71.88,Fitbit App
2026-04-08T21:54:18Z,22.14,Fitbit App
2026-04-08T21:55:18Z,43.62,Fitbit App
2026-04-08T22:02:18Z,8.72,Fitbit App
2026-04-08T22:03:18Z,14.09,Fitbit App
2026-04-08T22:04:18Z,10.07,Fitbit App
2026-04-08T22:05:18Z,17.45,Fitbit App
2026-04-08T22:06:18Z,8.05,Fitbit App
2026-04-08T22:07:18Z,2.68,Fitbit App
2026-04-08T22:08:18Z,12.08,Fitbit App
2026-04-08T22:09:18Z,8.72,Fitbit App
2026-04-08T22:10:18Z,16.10,Fitbit App
2026-04-08T22:11:18Z,11.41,Fitbit App
2026-04-08T22:14:18Z,10.07,Fitbit App
2026-04-08T22:15:18Z,4.70,Fitbit App
2026-04-08T22:17:18Z,4.03,Fitbit App
2026-04-08T22:18:18Z,32.88,Fitbit App
2026-04-08T22:19:18Z,38.25,Fitbit App
2026-04-08T22:20:18Z,59.75,Fitbit App
2026-04-08T22:21:18Z,36.91,Fitbit App
2026-04-08T22:27:18Z,4.70,Fitbit App
2026-04-08T22:28:18Z,36.23,Fitbit App
2026-04-08T22:29:18Z,77.94,Fitbit App
2026-04-08T22:30:18Z,77.07,Fitbit App
2026-04-08T22:31:18Z,15.43,Fitbit App
2026-04-08T22:32:18Z,33.55,Fitbit App
2026-04-08T22:33:18Z,32.88,Fitbit App
2026-04-08T22:34:18Z,30.87,Fitbit App
2026-04-08T22:35:18Z,32.21,Fitbit App
2026-04-08T22:36:18Z,0.67,Fitbit App
2026-04-08T22:37:18Z,6.04,Fitbit App
2026-04-08T22:38:18Z,23.49,Fitbit App
2026-04-08T22:39:18Z,14.76,Fitbit App
2026-04-08T22:40:18Z,32.88,Fitbit App
2026-04-08T22:41:18Z,40.93,Fitbit App
2026-04-08T22:42:18Z,11.41,Fitbit App
2026-04-08T22:43:18Z,4.70,Fitbit App
2026-04-08T22:44:18Z,24.83,Fitbit App
2026-04-08T22:45:18Z,7.38,Fitbit App
2026-04-08T22:46:18Z,6.04,Fitbit App
2026-04-08T22:47:18Z,6.71,Fitbit App
2026-04-08T22:48:18Z,2.01,Fitbit App
2026-04-08T22:50:18Z,1.34,Fitbit App
2026-04-08T22:51:18Z,18.79,Fitbit App
2026-04-08T22:52:18Z,14.76,Fitbit App
2026-04-08T22:57:18Z,0.67,Fitbit App
2026-04-08T22:58:18Z,8.05,Fitbit App
2026-04-08T22:59:18Z,8.05,Fitbit App
2026-04-08T23:00:18Z,2.01,Fitbit App
2026-04-08T23:01:18Z,9.39,Fitbit App
2026-04-08T23:06:18Z,0.67,Fitbit App
2026-04-08T23:07:18Z,5.37,Fitbit App
2026-04-08T23:08:18Z,14.76,Fitbit App
2026-04-08T23:09:18Z,9.39,Fitbit App
2026-04-08T23:10:18Z,6.04,Fitbit App
2026-04-08T23:16:18Z,5.37,Fitbit App
2026-04-08T23:17:18Z,14.76,Fitbit App
2026-04-08T23:19:18Z,10.07,Fitbit App
2026-04-08T23:20:18Z,4.03,Fitbit App
2026-04-08T23:21:18Z,6.04,Fitbit App
2026-04-08T23:24:18Z,2.01,Fitbit App
2026-04-08T23:25:18Z,8.72,Fitbit App
2026-04-08T23:27:18Z,4.03,Fitbit App
2026-04-08T23:28:18Z,4.70,Fitbit App
2026-04-08T23:29:18Z,13.42,Fitbit App
2026-04-08T23:30:18Z,30.87,Fitbit App
2026-04-08T23:31:18Z,8.05,Fitbit App
2026-04-08T23:45:18Z,2.01,Fitbit App
2026-04-08T23:46:18Z,17.45,Fitbit App
2026-04-08T23:47:18Z,29.52,Fitbit App
2026-04-09T00:01:18Z,6.04,Fitbit App
2026-04-09T00:02:18Z,6.71,Fitbit App
2026-04-09T00:03:18Z,21.47,Fitbit App
2026-04-09T00:04:18Z,22.14,Fitbit App
2026-04-09T00:05:18Z,29.52,Fitbit App
2026-04-09T00:07:18Z,6.04,Fitbit App
2026-04-09T00:08:18Z,4.70,Fitbit App
2026-04-09T00:10:18Z,3.36,Fitbit App
2026-04-09T00:11:18Z,2.68,Fitbit App
2026-04-09T00:12:18Z,2.68,Fitbit App
2026-04-09T00:13:18Z,2.01,Fitbit App
2026-04-09T00:14:18Z,6.04,Fitbit App
2026-04-09T00:15:18Z,30.87,Fitbit App
2026-04-09T00:18:18Z,1.34,Fitbit App
2026-04-09T00:19:18Z,5.37,Fitbit App
2026-04-09T00:20:18Z,26.84,Fitbit App
2026-04-09T00:22:18Z,3.36,Fitbit App
2026-04-09T00:23:18Z,22.14,Fitbit App
2026-04-09T00:25:18Z,2.68,Fitbit App
2026-04-09T00:26:18Z,2.68,Fitbit App
2026-04-09T00:27:18Z,2.01,Fitbit App
2026-04-09T00:28:18Z,6.71,Fitbit App
2026-04-09T00:29:18Z,3.36,Fitbit App
2026-04-09T00:30:18Z,12.08,Fitbit App
2026-04-09T00:31:18Z,8.72,Fitbit App
2026-04-09T00:32:18Z,10.74,Fitbit App
2026-04-09T00:33:18Z,16.78,Fitbit App
2026-04-09T00:34:18Z,9.39,Fitbit App
2026-04-09T00:35:18Z,16.10,Fitbit App
2026-04-09T00:36:18Z,7.38,Fitbit App
2026-04-09T00:39:18Z,0.67,Fitbit App
2026-04-09T00:40:18Z,7.38,Fitbit App
2026-04-09T00:41:18Z,9.39,Fitbit App
2026-04-09T00:42:18Z,6.04,Fitbit App
2026-04-09T00:43:18Z,2.01,Fitbit App
2026-04-09T00:44:18Z,10.07,Fitbit App
2026-04-09T00:45:18Z,17.45,Fitbit App
2026-04-09T00:46:18Z,9.39,Fitbit App
2026-04-09T00:47:18Z,9.39,Fitbit App
2026-04-09T00:48:18Z,29.52,Fitbit App
2026-04-09T00:50:18Z,6.04,Fitbit App
2026-04-09T00:51:18Z,29.52,Fitbit App
2026-04-09T00:52:18Z,8.05,Fitbit App
2026-04-09T00:53:18Z,28.18,Fitbit App
2026-04-09T00:54:18Z,10.74,Fitbit App
2026-04-09T00:55:18Z,36.91,Fitbit App
2026-04-09T01:17:18Z,7.38,Fitbit App
2026-04-09T01:18:18Z,27.51,Fitbit App
2026-04-09T01:19:18Z,20.13,Fitbit App
2026-04-09T01:20:18Z,18.12,Fitbit App
2026-04-09T01:21:18Z,22.14,Fitbit App
2026-04-09T01:22:18Z,12.08,Fitbit App
2026-04-09T01:23:18Z,0.67,Fitbit App
2026-04-09T01:24:18Z,6.04,Fitbit App
2026-04-09T01:25:18Z,18.12,Fitbit App
2026-04-09T01:26:18Z,9.39,Fitbit App
2026-04-09T01:27:04Z,0.67,Fitbit App
2026-04-09T01:28:04Z,9.39,Fitbit App
2026-04-09T01:29:04Z,0.67,Fitbit App
2026-04-09T01:30:04Z,10.74,Fitbit App
2026-04-09T01:31:04Z,12.08,Fitbit App
2026-04-09T01:32:04Z,19.46,Fitbit App
2026-04-09T01:37:04Z,2.68,Fitbit App
2026-04-09T01:38:04Z,23.49,Fitbit App
2026-04-09T01:39:04Z,19.46,Fitbit App
2026-04-09T01:40:04Z,9.39,Fitbit App
2026-04-09T01:41:04Z,16.10,Fitbit App
2026-04-09T01:42:04Z,3.36,Fitbit App
2026-04-09T01:43:04Z,22.14,Fitbit App
2026-04-09T01:44:04Z,22.14,Fitbit App
2026-04-09T01:45:04Z,14.76,Fitbit App
2026-04-09T01:46:04Z,2.01,Fitbit App
2026-04-09T01:47:04Z,10.74,Fitbit App
2026-04-09T01:48:04Z,12.08,Fitbit App
2026-04-09T01:49:04Z,5.37,Fitbit App
2026-04-09T01:50:04Z,2.68,Fitbit App
2026-04-09T01:51:04Z,2.68,Fitbit App
2026-04-09T01:52:04Z,2.01,Fitbit App
2026-04-09T01:53:04Z,5.37,Fitbit App
2026-04-09T01:54:04Z,14.09,Fitbit App
2026-04-09T01:55:04Z,0.67,Fitbit App
2026-04-09T01:56:04Z,13.42,Fitbit App
2026-04-09T01:57:04Z,14.76,Fitbit App
2026-04-09T01:58:04Z,22.14,Fitbit App
2026-04-09T01:59:04Z,30.87,Fitbit App
2026-04-09T02:00:04Z,2.01,Fitbit App
2026-04-09T02:01:04Z,14.76,Fitbit App
2026-04-09T02:02:04Z,20.80,Fitbit App
2026-04-09T02:03:04Z,5.37,Fitbit App
2026-04-09T02:04:04Z,8.72,Fitbit App
2026-04-09T02:05:04Z,14.76,Fitbit App
2026-04-09T02:06:04Z,38.25,Fitbit App
2026-04-09T02:07:04Z,36.91,Fitbit App
2026-04-09T02:08:04Z,29.52,Fitbit App
2026-04-09T02:09:04Z,31.54,Fitbit App
2026-04-09T02:10:04Z,18.79,Fitbit App
2026-04-09T02:11:04Z,22.81,Fitbit App
2026-04-09T02:12:04Z,78.81,Fitbit App
2026-04-09T02:13:04Z,77.07,Fitbit App
2026-04-09T02:14:04Z,5.37,Fitbit App
2026-04-09T02:15:04Z,15.43,Fitbit App
2026-04-09T02:17:04Z,4.03,Fitbit App
2026-04-09T02:18:04Z,13.42,Fitbit App
2026-04-09T02:19:04Z,16.78,Fitbit App
2026-04-09T02:20:04Z,15.43,Fitbit App
2026-04-09T02:21:04Z,10.07,Fitbit App
2026-04-09T02:22:04Z,9.39,Fitbit App
2026-04-09T02:23:04Z,22.14,Fitbit App
2026-04-09T02:24:04Z,29.52,Fitbit App
2026-04-09T02:25:04Z,28.85,Fitbit App
2026-04-09T02:26:04Z,26.17,Fitbit App
2026-04-09T02:27:04Z,21.47,Fitbit App
2026-04-09T02:28:04Z,18.79,Fitbit App
2026-04-09T02:29:04Z,30.20,Fitbit App
2026-04-09T02:30:04Z,3.36,Fitbit App
2026-04-09T02:31:04Z,16.10,Fitbit App
2026-04-09T02:33:04Z,0.67,Fitbit App
2026-04-09T02:34:04Z,16.10,Fitbit App
2026-04-09T02:35:04Z,3.36,Fitbit App
2026-04-09T02:54:04Z,6.04,Fitbit App
2026-04-09T02:55:04Z,20.13,Fitbit App
2026-04-09T02:56:04Z,7.38,Fitbit App
2026-04-09T02:57:04Z,7.38,Fitbit App
2026-04-09T02:58:04Z,15.43,Fitbit App
2026-04-09T02:59:04Z,7.38,Fitbit App
2026-04-09T03:00:04Z,20.13,Fitbit App
2026-04-09T03:01:04Z,16.78,Fitbit App
2026-04-09T03:02:04Z,8.05,Fitbit App
2026-04-09T03:03:04Z,8.05,Fitbit App
2026-04-09T03:06:04Z,5.37,Fitbit App
2026-04-09T03:07:04Z,19.46,Fitbit App
2026-04-09T03:08:04Z,20.80,Fitbit App
2026-04-09T03:09:04Z,2.68,Fitbit App
2026-04-09T03:10:04Z,2.01,Fitbit App
2026-04-09T03:11:04Z,6.71,Fitbit App
2026-04-09T03:12:04Z,12.75,Fitbit App
2026-04-09T03:13:04Z,4.70,Fitbit App
2026-04-09T03:14:04Z,7.38,Fitbit App
2026-04-09T03:19:04Z,6.71,Fitbit App
2026-04-09T03:20:04Z,5.37,Fitbit App
2026-04-09T03:21:04Z,17.45,Fitbit App
2026-04-09T03:22:04Z,5.37,Fitbit App
2026-04-09T03:23:04Z,4.70,Fitbit App
2026-04-09T03:24:04Z,6.71,Fitbit App
2026-04-09T03:25:04Z,14.76,Fitbit App
2026-04-09T03:29:04Z,10.07,Fitbit App
2026-04-09T03:30:04Z,22.81,Fitbit App
2026-04-09T03:31:04Z,2.68,Fitbit App
2026-04-09T03:42:04Z,6.71,Fitbit App
2026-04-09T03:43:04Z,34.89,Fitbit App
2026-04-09T03:44:04Z,35.56,Fitbit App
2026-04-09T03:57:04Z,7.38,Fitbit App
2026-04-09T03:58:04Z,15.43,Fitbit App
2026-04-09T03:59:04Z,11.41,Fitbit App
2026-04-09T04:01:04Z,2.68,Fitbit App
2026-04-09T04:02:04Z,9.39,Fitbit App
2026-04-09T04:03:04Z,1.34,Fitbit App
2026-04-09T04:11:04Z,2.01,Fitbit App
2026-04-09T04:12:04Z,6.71,Fitbit App
2026-04-09T04:13:04Z,0.67,Fitbit App
2026-04-09T04:14:04Z,8.05,Fitbit App
2026-04-09T04:15:04Z,26.84,Fitbit App
2026-04-09T04:19:04Z,4.70,Fitbit App
2026-04-09T04:20:04Z,27.51,Fitbit App
2026-04-09T04:21:04Z,11.41,Fitbit App
2026-04-09T04:22:04Z,41.60,Fitbit App
2026-04-09T04:23:04Z,3.36,Fitbit App
2026-04-09T04:27:04Z,11.41,Fitbit App
2026-04-09T04:28:04Z,1.34,Fitbit App
2026-04-09T04:33:04Z,6.71,Fitbit App
2026-04-09T04:34:04Z,3.36,Fitbit App
2026-04-09T04:35:04Z,4.03,Fitbit App
2026-04-09T04:36:04Z,30.20,Fitbit App
2026-04-09T04:37:04Z,24.83,Fitbit App
2026-04-09T04:38:04Z,59.75,Fitbit App
2026-04-09T04:39:04Z,8.72,Fitbit App
2026-04-09T04:40:04Z,5.37,Fitbit App
2026-04-09T04:41:04Z,18.12,Fitbit App
2026-04-09T04:42:04Z,21.47,Fitbit App
2026-04-09T04:43:04Z,18.12,Fitbit App
2026-04-09T04:44:04Z,14.76,Fitbit App
2026-04-09T04:46:04Z,2.68,Fitbit App
2026-04-09T04:47:04Z,12.75,Fitbit App
2026-04-09T04:48:04Z,6.04,Fitbit App
2026-04-09T04:49:04Z,23.49,Fitbit App
2026-04-09T04:50:04Z,19.46,Fitbit App
2026-04-09T04:53:04Z,8.05,Fitbit App
2026-04-09T04:54:04Z,4.70,Fitbit App
2026-04-09T04:55:04Z,11.41,Fitbit App
2026-04-09T05:01:04Z,2.68,Fitbit App
2026-04-09T05:02:04Z,23.49,Fitbit App
2026-04-09T05:03:04Z,14.76,Fitbit App
2026-04-09T05:04:04Z,32.88,Fitbit App
2026-04-09T05:05:04Z,65.82,Fitbit App
2026-04-09T05:06:04Z,31.54,Fitbit App
2026-04-09T05:07:04Z,23.49,Fitbit App
2026-04-09T05:14:04Z,10.74,Fitbit App
2026-04-09T05:15:04Z,29.52,Fitbit App
2026-04-09T05:16:04Z,14.76,Fitbit App
2026-04-09T05:18:04Z,4.70,Fitbit App
2026-04-09T05:19:04Z,2.68,Fitbit App
2026-04-09T05:21:04Z,3.36,Fitbit App
2026-04-09T05:22:04Z,16.78,Fitbit App
2026-04-09T05:24:04Z,0.67,Fitbit App
2026-04-09T05:25:04Z,13.42,Fitbit App
2026-04-09T05:26:04Z,16.10,Fitbit App
2026-04-09T05:27:04Z,17.45,Fitbit App
2026-04-09T05:30:04Z,0.67,Fitbit App
2026-04-09T05:31:04Z,9.39,Fitbit App
2026-04-09T05:32:04Z,32.21,Fitbit App
2026-04-09T05:33:04Z,22.14,Fitbit App
2026-04-09T05:34:04Z,4.70,Fitbit App
2026-04-09T05:35:04Z,7.38,Fitbit App
2026-04-09T05:36:04Z,41.60,Fitbit App
2026-04-09T05:37:04Z,20.13,Fitbit App
2026-04-09T05:38:04Z,22.14,Fitbit App
2026-04-09T05:39:04Z,10.07,Fitbit App
2026-04-09T05:40:04Z,88.33,Fitbit App
2026-04-09T05:41:04Z,10.74,Fitbit App
2026-04-09T05:42:04Z,92.66,Fitbit App
2026-04-09T05:43:04Z,105.65,Fitbit App
2026-04-09T05:44:04Z,104.79,Fitbit App
2026-04-09T05:45:04Z,81.40,Fitbit App
2026-04-09T05:46:04Z,14.09,Fitbit App
2026-04-09T05:47:04Z,15.43,Fitbit App
2026-04-09T05:57:04Z,3.36,Fitbit App
2026-04-09T05:58:04Z,14.76,Fitbit App
2026-04-09T06:16:04Z,9.39,Fitbit App
2026-04-09T06:17:04Z,89.20,Fitbit App
2026-04-09T06:18:04Z,90.06,Fitbit App
2026-04-09T06:19:04Z,31.54,Fitbit App
2026-04-09T07:33:04Z,4.03,Fitbit App
2026-04-09T07:34:04Z,11.41,Fitbit App
2026-04-09T09:10:04Z,2.68,Fitbit App
2026-04-09T09:11:04Z,2.01,Fitbit App
2026-04-09T09:15:04Z,7.38,Fitbit App
2026-04-09T09:16:04Z,4.03,Fitbit App
2026-04-09T09:55:04Z,2.01,Fitbit App
2026-04-09T09:56:04Z,12.75,Fitbit App
2026-04-09T09:58:04Z,3.36,Fitbit App
2026-04-09T09:59:04Z,10.74,Fitbit App
2026-04-09T10:08:04Z,1.34,Fitbit App
2026-04-09T10:09:04Z,5.37,Fitbit App
2026-04-09T10:48:04Z,3.36,Fitbit App
2026-04-09T10:49:04Z,5.37,Fitbit App
2026-04-09T12:43:04Z,2.68,Fitbit App
2026-04-09T12:44:04Z,21.47,Fitbit App
2026-04-09T12:45:04Z,8.05,Fitbit App
2026-04-09T12:46:04Z,6.04,Fitbit App
2026-04-09T12:47:04Z,14.09,Fitbit App
2026-04-09T12:48:04Z,14.76,Fitbit App
2026-04-09T12:49:04Z,38.25,Fitbit App
2026-04-09T12:50:04Z,10.74,Fitbit App
2026-04-09T12:51:04Z,27.51,Fitbit App
2026-04-09T20:00:04Z,6.71,Fitbit App
2026-04-09T20:01:04Z,32.88,Fitbit App
2026-04-09T20:02:04Z,22.14,Fitbit App
2026-04-09T20:03:04Z,65.82,Fitbit App
2026-04-09T20:04:04Z,97.86,Fitbit App
2026-04-09T20:05:04Z,10.74,Fitbit App
2026-04-09T20:11:04Z,2.01,Fitbit App
2026-04-09T20:12:04Z,10.07,Fitbit App
2026-04-09T20:26:04Z,7.38,Fitbit App
2026-04-09T20:27:04Z,72.74,Fitbit App
2026-04-09T20:28:04Z,103.05,Fitbit App
2026-04-09T20:29:04Z,92.66,Fitbit App
2026-04-09T20:30:04Z,90.06,Fitbit App
2026-04-09T20:31:04Z,82.27,Fitbit App
2026-04-09T20:32:04Z,71.88,Fitbit App
2026-04-09T20:33:04Z,45.63,Fitbit App
2026-04-09T20:36:04Z,4.70,Fitbit App
2026-04-09T20:37:04Z,31.54,Fitbit App
2026-04-09T20:38:04Z,17.45,Fitbit App
2026-04-09T20:39:04Z,22.81,Fitbit App
2026-04-09T20:40:04Z,14.76,Fitbit App
2026-04-09T20:41:04Z,2.01,Fitbit App
2026-04-09T20:42:04Z,12.08,Fitbit App
2026-04-09T20:43:04Z,18.12,Fitbit App
2026-04-09T20:44:04Z,2.68,Fitbit App
2026-04-09T20:45:04Z,10.07,Fitbit App
2026-04-09T20:46:04Z,21.47,Fitbit App
2026-04-09T20:47:04Z,16.10,Fitbit App
2026-04-09T20:48:04Z,16.78,Fitbit App
2026-04-09T20:49:04Z,34.89,Fitbit App
2026-04-09T20:50:04Z,0.67,Fitbit App
2026-04-09T20:53:04Z,4.03,Fitbit App
2026-04-09T20:54:04Z,15.43,Fitbit App
2026-04-09T21:07:04Z,1.34,Fitbit App
2026-04-09T21:08:04Z,16.10,Fitbit App
2026-04-09T21:09:04Z,13.42,Fitbit App
2026-04-09T21:10:04Z,2.68,Fitbit App
2026-04-09T21:11:04Z,30.20,Fitbit App
2026-04-09T21:12:04Z,38.92,Fitbit App
2026-04-09T21:13:04Z,20.13,Fitbit App
2026-04-09T21:14:04Z,17.45,Fitbit App
2026-04-09T21:19:04Z,4.70,Fitbit App
2026-04-09T21:20:04Z,18.79,Fitbit App
2026-04-09T21:21:04Z,22.14,Fitbit App
2026-04-09T21:22:04Z,45.63,Fitbit App
2026-04-09T21:23:04Z,6.04,Fitbit App
2026-04-09T21:26:04Z,1.34,Fitbit App
2026-04-09T21:27:04Z,18.79,Fitbit App
2026-04-09T21:28:04Z,10.07,Fitbit App
2026-04-09T21:31:04Z,0.67,Fitbit App
2026-04-09T21:32:04Z,10.07,Fitbit App
2026-04-09T21:33:04Z,4.03,Fitbit App
2026-04-09T21:34:04Z,4.70,Fitbit App
2026-04-09T21:35:04Z,5.37,Fitbit App
2026-04-09T21:36:04Z,6.04,Fitbit App
2026-04-09T21:37:04Z,30.87,Fitbit App
2026-04-09T21:38:04Z,15.43,Fitbit App
2026-04-09T21:39:04Z,6.71,Fitbit App
2026-04-09T21:40:04Z,19.46,Fitbit App
2026-04-09T21:41:04Z,25.50,Fitbit App
2026-04-09T21:42:04Z,14.09,Fitbit App
2026-04-09T21:43:04Z,24.83,Fitbit App
2026-04-09T21:44:04Z,6.71,Fitbit App
2026-04-09T21:45:04Z,22.81,Fitbit App
2026-04-09T21:46:04Z,6.04,Fitbit App
2026-04-09T21:47:04Z,12.75,Fitbit App
2026-04-09T21:48:04Z,11.41,Fitbit App
2026-04-09T21:49:04Z,39.59,Fitbit App
2026-04-09T21:50:04Z,12.75,Fitbit App
2026-04-09T21:51:04Z,17.45,Fitbit App
2026-04-09T21:52:04Z,36.91,Fitbit App
2026-04-09T21:53:04Z,28.18,Fitbit App
2026-04-09T21:57:04Z,2.68,Fitbit App
2026-04-09T21:58:04Z,28.18,Fitbit App
2026-04-09T21:59:04Z,41.60,Fitbit App
2026-04-09T22:00:04Z,26.17,Fitbit App
2026-04-09T22:01:04Z,13.42,Fitbit App
2026-04-09T22:02:04Z,3.36,Fitbit App
2026-04-09T22:03:04Z,9.39,Fitbit App
2026-04-09T22:04:04Z,4.03,Fitbit App
2026-04-09T22:05:04Z,10.07,Fitbit App
2026-04-09T22:06:04Z,6.71,Fitbit App
2026-04-09T22:07:04Z,6.04,Fitbit App
2026-04-09T22:08:04Z,12.75,Fitbit App
2026-04-09T22:09:04Z,12.75,Fitbit App
2026-04-09T22:11:04Z,10.07,Fitbit App
2026-04-09T22:12:04Z,63.22,Fitbit App
2026-04-09T22:13:04Z,8.72,Fitbit App
2026-04-09T22:14:04Z,14.09,Fitbit App
2026-04-09T22:15:04Z,65.82,Fitbit App
2026-04-09T22:16:04Z,31.54,Fitbit App
2026-04-09T22:17:04Z,34.22,Fitbit App
2026-04-09T22:18:04Z,24.16,Fitbit App
2026-04-09T22:19:04Z,4.03,Fitbit App
2026-04-09T22:20:04Z,5.37,Fitbit App
2026-04-09T22:21:04Z,36.91,Fitbit App
2026-04-09T22:22:04Z,36.23,Fitbit App
2026-04-09T22:23:04Z,5.37,Fitbit App
2026-04-09T22:24:04Z,8.05,Fitbit App
2026-04-09T22:25:04Z,38.92,Fitbit App
2026-04-09T22:26:04Z,32.88,Fitbit App
2026-04-09T22:27:04Z,40.26,Fitbit App
2026-04-09T22:28:04Z,24.83,Fitbit App
2026-04-09T22:31:04Z,7.38,Fitbit App
2026-04-09T22:32:04Z,23.49,Fitbit App
2026-04-09T22:33:04Z,1.34,Fitbit App
2026-04-09T22:34:04Z,10.74,Fitbit App
2026-04-09T22:35:04Z,21.47,Fitbit App
2026-04-09T22:37:04Z,3.36,Fitbit App
2026-04-09T22:38:04Z,18.79,Fitbit App
2026-04-09T22:39:04Z,27.51,Fitbit App
2026-04-09T22:40:04Z,21.47,Fitbit App
2026-04-09T22:41:04Z,28.85,Fitbit App
2026-04-09T22:42:04Z,18.12,Fitbit App
2026-04-09T22:43:04Z,20.80,Fitbit App
2026-04-09T22:44:04Z,12.08,Fitbit App
2026-04-09T22:46:04Z,4.03,Fitbit App
2026-04-09T22:47:04Z,35.56,Fitbit App
2026-04-09T22:48:04Z,28.18,Fitbit App
2026-04-09T22:49:04Z,6.04,Fitbit App
2026-04-09T22:50:04Z,15.43,Fitbit App
2026-04-09T22:51:04Z,29.52,Fitbit App
2026-04-09T22:52:04Z,0.67,Fitbit App
2026-04-09T22:53:04Z,11.41,Fitbit App
2026-04-09T22:54:04Z,22.14,Fitbit App
2026-04-09T22:55:04Z,38.25,Fitbit App
2026-04-09T22:56:04Z,41.60,Fitbit App
2026-04-09T22:58:04Z,6.04,Fitbit App
2026-04-09T22:59:04Z,21.47,Fitbit App
2026-04-09T23:00:04Z,34.89,Fitbit App
2026-04-09T23:01:04Z,38.25,Fitbit App
2026-04-09T23:02:04Z,12.75,Fitbit App
2026-04-09T23:03:04Z,12.75,Fitbit App
2026-04-09T23:04:04Z,41.60,Fitbit App
2026-04-09T23:05:04Z,12.75,Fitbit App
2026-04-09T23:06:04Z,17.45,Fitbit App
2026-04-09T23:07:04Z,12.08,Fitbit App
2026-04-09T23:08:04Z,5.37,Fitbit App
2026-04-09T23:09:04Z,17.45,Fitbit App
2026-04-09T23:10:04Z,8.72,Fitbit App
2026-04-09T23:11:04Z,4.03,Fitbit App
2026-04-09T23:12:04Z,12.75,Fitbit App
2026-04-09T23:13:04Z,38.25,Fitbit App
2026-04-09T23:14:04Z,13.42,Fitbit App
2026-04-09T23:15:04Z,30.87,Fitbit App
2026-04-09T23:19:04Z,5.37,Fitbit App
2026-04-09T23:20:04Z,30.87,Fitbit App
2026-04-09T23:26:04Z,10.07,Fitbit App
2026-04-09T23:27:04Z,6.71,Fitbit App
2026-04-09T23:28:04Z,28.85,Fitbit App
2026-04-09T23:29:04Z,2.01,Fitbit App
2026-04-09T23:30:04Z,5.37,Fitbit App
2026-04-09T23:31:04Z,1.34,Fitbit App
2026-04-09T23:32:04Z,2.68,Fitbit App
2026-04-09T23:33:04Z,18.79,Fitbit App
2026-04-09T23:34:04Z,30.87,Fitbit App
2026-04-09T23:35:04Z,22.14,Fitbit App
2026-04-09T23:36:04Z,7.38,Fitbit App
2026-04-09T23:37:04Z,3.36,Fitbit App
2026-04-09T23:38:04Z,19.46,Fitbit App
2026-04-09T23:39:04Z,19.46,Fitbit App
2026-04-09T23:45:04Z,1.34,Fitbit App
2026-04-09T23:46:04Z,11.41,Fitbit App
2026-04-09T23:47:04Z,2.68,Fitbit App
2026-04-09T23:48:04Z,2.68,Fitbit App
2026-04-09T23:49:04Z,18.12,Fitbit App
2026-04-09T23:50:04Z,23.49,Fitbit App
2026-04-09T23:51:04Z,23.49,Fitbit App
2026-04-09T23:52:04Z,31.54,Fitbit App
2026-04-09T23:55:04Z,9.39,Fitbit App
2026-04-09T23:56:04Z,71.88,Fitbit App
2026-04-09T23:57:04Z,11.41,Fitbit App
2026-04-09T23:58:04Z,32.88,Fitbit App
2026-04-09T23:59:04Z,7.38,Fitbit App
2026-04-10T00:00:04Z,27.51,Fitbit App
2026-04-10T00:03:04Z,4.03,Fitbit App
2026-04-10T00:04:04Z,7.38,Fitbit App
2026-04-10T00:05:04Z,4.70,Fitbit App
2026-04-10T00:17:04Z,2.01,Fitbit App
2026-04-10T00:18:04Z,4.03,Fitbit App
2026-04-10T00:19:04Z,1.34,Fitbit App
2026-04-10T00:20:04Z,9.39,Fitbit App
2026-04-10T00:21:04Z,2.68,Fitbit App
2026-04-10T00:22:04Z,4.70,Fitbit App
2026-04-10T00:23:04Z,64.08,Fitbit App
2026-04-10T00:24:04Z,20.13,Fitbit App
2026-04-10T00:26:04Z,4.70,Fitbit App
2026-04-10T00:27:04Z,27.51,Fitbit App
2026-04-10T00:28:04Z,20.13,Fitbit App
2026-04-10T00:29:04Z,22.14,Fitbit App
2026-04-10T00:30:04Z,10.74,Fitbit App
2026-04-10T00:35:04Z,0.67,Fitbit App
2026-04-10T00:36:04Z,10.07,Fitbit App
2026-04-10T00:37:04Z,6.71,Fitbit App
2026-04-10T00:38:04Z,10.74,Fitbit App
2026-04-10T00:47:04Z,3.36,Fitbit App
2026-04-10T00:48:04Z,8.05,Fitbit App
2026-04-10T00:49:04Z,4.70,Fitbit App
2026-04-10T00:50:04Z,23.49,Fitbit App
2026-04-10T00:53:04Z,10.07,Fitbit App
2026-04-10T00:54:04Z,16.10,Fitbit App
2026-04-10T00:55:04Z,20.80,Fitbit App
2026-04-10T01:10:04Z,2.68,Fitbit App
2026-04-10T01:11:04Z,19.46,Fitbit App
2026-04-10T01:12:04Z,13.42,Fitbit App
2026-04-10T01:14:04Z,5.37,Fitbit App
2026-04-10T01:15:04Z,13.42,Fitbit App
2026-04-10T01:16:04Z,6.04,Fitbit App
2026-04-10T01:17:04Z,3.36,Fitbit App
2026-04-10T01:18:04Z,7.38,Fitbit App
2026-04-10T01:19:04Z,41.60,Fitbit App
2026-04-10T01:30:04Z,4.70,Fitbit App
2026-04-10T01:31:04Z,28.18,Fitbit App
2026-04-10T01:32:04Z,25.50,Fitbit App
2026-04-10T01:33:04Z,6.71,Fitbit App
2026-04-10T01:34:04Z,30.87,Fitbit App
2026-04-10T01:35:04Z,3.36,Fitbit App
2026-04-10T01:46:04Z,9.39,Fitbit App
2026-04-10T01:47:04Z,6.04,Fitbit App
2026-04-10T01:48:04Z,0.67,Fitbit App
2026-04-10T01:49:04Z,12.75,Fitbit App
2026-04-10T01:50:04Z,15.43,Fitbit App
2026-04-10T01:51:04Z,9.39,Fitbit App
2026-04-10T01:52:04Z,22.14,Fitbit App
2026-04-10T01:53:04Z,14.76,Fitbit App
2026-04-10T01:54:04Z,27.51,Fitbit App
2026-04-10T01:55:04Z,40.93,Fitbit App
2026-04-10T01:56:04Z,36.91,Fitbit App
2026-04-10T01:57:04Z,29.52,Fitbit App
2026-04-10T01:58:04Z,11.41,Fitbit App
2026-04-10T01:59:04Z,16.78,Fitbit App
2026-04-10T02:00:04Z,16.10,Fitbit App
2026-04-10T02:01:04Z,31.54,Fitbit App
2026-04-10T02:02:04Z,6.04,Fitbit App
2026-04-10T02:03:04Z,3.36,Fitbit App
2026-04-10T02:04:04Z,7.38,Fitbit App
2026-04-10T02:05:04Z,9.39,Fitbit App
2026-04-10T02:06:04Z,28.85,Fitbit App
2026-04-10T02:07:04Z,22.81,Fitbit App
2026-04-10T02:08:04Z,42.27,Fitbit App
2026-04-10T02:09:04Z,23.49,Fitbit App
2026-04-10T02:10:04Z,17.45,Fitbit App
2026-04-10T02:11:04Z,24.16,Fitbit App
2026-04-10T02:12:04Z,40.26,Fitbit App
2026-04-10T02:13:04Z,16.78,Fitbit App
2026-04-10T02:14:04Z,79.67,Fitbit App
2026-04-10T02:15:04Z,84.00,Fitbit App
2026-04-10T02:16:04Z,45.63,Fitbit App
2026-04-10T02:17:04Z,21.47,Fitbit App
2026-04-10T02:18:04Z,31.54,Fitbit App
2026-04-10T02:19:04Z,31.54,Fitbit App
2026-04-10T02:20:04Z,22.81,Fitbit App
2026-04-10T02:21:04Z,12.75,Fitbit App
2026-04-10T02:22:04Z,28.85,Fitbit App
2026-04-10T02:26:04Z,0.67,Fitbit App
2026-04-10T02:27:04Z,13.42,Fitbit App
2026-04-10T02:28:04Z,36.91,Fitbit App
2026-04-10T02:29:04Z,39.59,Fitbit App
2026-04-10T02:30:04Z,38.25,Fitbit App
2026-04-10T02:31:04Z,30.87,Fitbit App
2026-04-10T02:32:04Z,2.01,Fitbit App
2026-04-10T02:33:04Z,5.37,Fitbit App
2026-04-10T02:34:04Z,14.76,Fitbit App
2026-04-10T02:35:04Z,64.95,Fitbit App
2026-04-10T02:36:04Z,21.47,Fitbit App
2026-04-10T02:37:04Z,20.80,Fitbit App
2026-04-10T02:38:04Z,5.37,Fitbit App
2026-04-10T02:39:04Z,30.20,Fitbit App
2026-04-10T02:40:04Z,2.01,Fitbit App
2026-04-10T02:41:04Z,15.43,Fitbit App
2026-04-10T03:03:04Z,9.39,Fitbit App
2026-04-10T03:04:04Z,16.78,Fitbit App
2026-04-10T03:05:04Z,18.79,Fitbit App
2026-04-10T03:06:04Z,18.79,Fitbit App
2026-04-10T03:07:04Z,12.75,Fitbit App
2026-04-10T03:08:04Z,29.52,Fitbit App
2026-04-10T03:09:04Z,29.52,Fitbit App
2026-04-10T03:10:04Z,96.13,Fitbit App
2026-04-10T03:11:04Z,36.23,Fitbit App
2026-04-10T03:12:04Z,69.28,Fitbit App
2026-04-10T03:13:04Z,36.23,Fitbit App
2026-04-10T03:14:04Z,20.80,Fitbit App
2026-04-10T03:16:04Z,5.37,Fitbit App
2026-04-10T03:17:04Z,39.59,Fitbit App
2026-04-10T03:18:04Z,13.42,Fitbit App
2026-04-10T03:19:04Z,16.78,Fitbit App
2026-04-10T03:21:04Z,2.01,Fitbit App
2026-04-10T03:22:04Z,17.45,Fitbit App
2026-04-10T03:23:04Z,29.52,Fitbit App
2026-04-10T03:29:04Z,4.03,Fitbit App
2026-04-10T03:30:04Z,15.43,Fitbit App
2026-04-10T03:33:04Z,4.70,Fitbit App
2026-04-10T03:34:04Z,10.74,Fitbit App
2026-04-10T03:37:04Z,0.67,Fitbit App
2026-04-10T03:38:04Z,8.05,Fitbit App
2026-04-10T03:39:04Z,4.70,Fitbit App
2026-04-10T03:44:04Z,5.37,Fitbit App
2026-04-10T03:45:04Z,20.13,Fitbit App
2026-04-10T03:46:04Z,3.36,Fitbit App
2026-04-10T03:51:04Z,3.36,Fitbit App
2026-04-10T03:52:04Z,6.71,Fitbit App
2026-04-10T03:53:04Z,40.26,Fitbit App
2026-04-10T03:54:04Z,11.41,Fitbit App
2026-04-10T03:55:04Z,26.17,Fitbit App
2026-04-10T03:57:04Z,0.67,Fitbit App
2026-04-10T03:58:04Z,7.38,Fitbit App
2026-04-10T03:59:04Z,8.72,Fitbit App
2026-04-10T04:00:04Z,15.43,Fitbit App
2026-04-10T04:01:04Z,7.38,Fitbit App
2026-04-10T04:02:04Z,4.70,Fitbit App
2026-04-10T04:03:04Z,24.16,Fitbit App
2026-04-10T04:04:04Z,5.37,Fitbit App
2026-04-10T04:13:04Z,7.38,Fitbit App
2026-04-10T04:14:04Z,13.42,Fitbit App
2026-04-10T04:15:04Z,38.92,Fitbit App
2026-04-10T04:16:04Z,32.88,Fitbit App
2026-04-10T04:17:04Z,7.38,Fitbit App
2026-04-10T04:18:04Z,24.16,Fitbit App
2026-04-10T04:22:04Z,3.36,Fitbit App
2026-04-10T04:23:04Z,20.13,Fitbit App
2026-04-10T04:24:04Z,7.38,Fitbit App
2026-04-10T04:25:04Z,6.04,Fitbit App
2026-04-10T04:28:04Z,0.67,Fitbit App
2026-04-10T04:29:04Z,14.76,Fitbit App
2026-04-10T04:30:04Z,1.34,Fitbit App
2026-04-10T04:31:04Z,7.38,Fitbit App
2026-04-10T04:32:04Z,14.76,Fitbit App
2026-04-10T04:35:04Z,5.37,Fitbit App
2026-04-10T04:36:04Z,8.05,Fitbit App
2026-04-10T04:37:04Z,8.05,Fitbit App
2026-04-10T04:38:04Z,3.36,Fitbit App
2026-04-10T04:39:04Z,25.50,Fitbit App
2026-04-10T04:40:04Z,11.41,Fitbit App
2026-04-10T04:41:04Z,4.03,Fitbit App
2026-04-10T04:42:04Z,16.78,Fitbit App
2026-04-10T04:43:04Z,32.21,Fitbit App
2026-04-10T04:44:04Z,8.72,Fitbit App
2026-04-10T04:46:04Z,2.68,Fitbit App
2026-04-10T04:47:04Z,2.68,Fitbit App
2026-04-10T04:53:04Z,4.03,Fitbit App
2026-04-10T04:54:04Z,20.13,Fitbit App
2026-04-10T04:55:04Z,16.78,Fitbit App
2026-04-10T04:56:04Z,9.39,Fitbit App
2026-04-10T04:57:04Z,36.23,Fitbit App
2026-04-10T05:00:04Z,3.36,Fitbit App
2026-04-10T05:01:04Z,12.08,Fitbit App
2026-04-10T05:02:04Z,10.74,Fitbit App
2026-04-10T05:03:48Z,15.43,Fitbit App
2026-04-10T05:04:48Z,16.10,Fitbit App
2026-04-10T05:05:48Z,0.67,Fitbit App
2026-04-10T05:06:48Z,4.03,Fitbit App
2026-04-10T05:07:48Z,2.01,Fitbit App
2026-04-10T05:08:48Z,2.68,Fitbit App
2026-04-10T05:09:48Z,2.68,Fitbit App
2026-04-10T05:10:48Z,22.14,Fitbit App
2026-04-10T05:11:48Z,13.42,Fitbit App
2026-04-10T05:12:48Z,10.07,Fitbit App
2026-04-10T05:13:48Z,20.80,Fitbit App
2026-04-10T05:14:48Z,43.62,Fitbit App
2026-04-10T05:15:48Z,2.01,Fitbit App
2026-04-10T05:16:48Z,15.43,Fitbit App
2026-04-10T05:17:48Z,1.34,Fitbit App
2026-04-10T05:18:48Z,13.42,Fitbit App
2026-04-10T05:19:48Z,62.35,Fitbit App
2026-04-10T05:20:48Z,21.47,Fitbit App
2026-04-10T05:21:48Z,8.72,Fitbit App
2026-04-10T05:22:48Z,6.04,Fitbit App
2026-04-10T05:23:48Z,8.72,Fitbit App
2026-04-10T05:28:48Z,2.68,Fitbit App
2026-04-10T05:29:48Z,18.79,Fitbit App
2026-04-10T05:42:48Z,2.68,Fitbit App
2026-04-10T05:43:48Z,23.49,Fitbit App
2026-04-10T05:44:48Z,11.41,Fitbit App
2026-04-10T05:45:48Z,20.13,Fitbit App
2026-04-10T05:47:48Z,3.36,Fitbit App
2026-04-10T05:48:48Z,36.91,Fitbit App
2026-04-10T05:49:48Z,25.50,Fitbit App
2026-04-10T05:53:48Z,10.07,Fitbit App
2026-04-10T05:54:48Z,24.83,Fitbit App
2026-04-10T06:08:48Z,6.04,Fitbit App
2026-04-10T06:09:48Z,31.54,Fitbit App
2026-04-10T06:10:48Z,26.17,Fitbit App
2026-04-10T06:11:48Z,31.54,Fitbit App
2026-04-10T06:12:48Z,19.46,Fitbit App
2026-04-10T06:13:48Z,20.80,Fitbit App
2026-04-10T06:29:48Z,8.05,Fitbit App
2026-04-10T06:30:48Z,38.92,Fitbit App
2026-04-10T06:31:48Z,22.14,Fitbit App
2026-04-10T06:32:48Z,22.14,Fitbit App
2026-04-10T06:33:48Z,78.81,Fitbit App
2026-04-10T06:34:48Z,22.14,Fitbit App
2026-04-10T06:37:48Z,1.34,Fitbit App
2026-04-10T06:38:48Z,14.76,Fitbit App
2026-04-10T06:39:48Z,1.34,Fitbit App
2026-04-10T06:40:48Z,19.46,Fitbit App
2026-04-10T06:43:48Z,6.71,Fitbit App
2026-04-10T06:44:48Z,42.27,Fitbit App
2026-04-10T06:46:48Z,4.70,Fitbit App
2026-04-10T06:47:48Z,29.52,Fitbit App
2026-04-10T06:48:48Z,6.04,Fitbit App
2026-04-10T06:49:48Z,84.00,Fitbit App
2026-04-10T06:50:48Z,28.18,Fitbit App
2026-04-10T06:51:48Z,26.17,Fitbit App
2026-04-10T06:52:48Z,66.68,Fitbit App
2026-04-10T06:53:48Z,70.15,Fitbit App
2026-04-10T06:54:48Z,76.21,Fitbit App
2026-04-10T06:55:48Z,73.61,Fitbit App
2026-04-10T06:56:48Z,108.25,Fitbit App
2026-04-10T06:57:48Z,108.25,Fitbit App
2026-04-10T06:58:48Z,89.20,Fitbit App
2026-04-10T07:13:48Z,4.70,Fitbit App
2026-04-10T07:14:48Z,6.04,Fitbit App
2026-04-10T07:31:48Z,12.75,Fitbit App
2026-04-10T07:32:48Z,105.65,Fitbit App
2026-04-10T07:33:48Z,102.19,Fitbit App
2026-04-10T07:34:48Z,14.76,Fitbit App
2026-04-10T08:21:48Z,3.36,Fitbit App
2026-04-10T08:22:48Z,10.07,Fitbit App
2026-04-10T09:05:48Z,5.37,Fitbit App
2026-04-10T10:17:48Z,2.01,Fitbit App
2026-04-10T10:18:48Z,12.75,Fitbit App
2026-04-10T10:42:48Z,2.68,Fitbit App
2026-04-10T10:43:48Z,23.49,Fitbit App
2026-04-10T10:44:48Z,20.13,Fitbit App
2026-04-10T10:45:48Z,70.15,Fitbit App
2026-04-10T10:46:48Z,96.99,Fitbit App
2026-04-10T10:47:48Z,85.73,Fitbit App
2026-04-10T10:48:48Z,73.61,Fitbit App
2026-04-10T10:49:48Z,26.17,Fitbit App
2026-04-10T10:50:48Z,1.34,Fitbit App
2026-04-10T10:51:48Z,5.37,Fitbit App
2026-04-10T10:52:48Z,11.41,Fitbit App
2026-04-10T10:53:48Z,8.05,Fitbit App
2026-04-10T10:55:48Z,4.70,Fitbit App
2026-04-10T10:56:48Z,12.75,Fitbit App
2026-04-10T10:57:48Z,67.55,Fitbit App
2026-04-10T10:58:48Z,38.25,Fitbit App
2026-04-10T10:59:48Z,90.93,Fitbit App
2026-04-10T11:00:48Z,13.42,Fitbit App
2026-04-10T11:01:48Z,15.43,Fitbit App
2026-04-10T11:02:48Z,4.03,Fitbit App
2026-04-10T11:03:48Z,2.01,Fitbit App
2026-04-10T11:04:48Z,3.36,Fitbit App
2026-04-10T11:42:48Z,3.36,Fitbit App
2026-04-10T11:43:48Z,19.46,Fitbit App
2026-04-10T11:44:48Z,27.51,Fitbit App
2026-04-10T11:45:48Z,104.79,Fitbit App
2026-04-10T11:46:48Z,16.10,Fitbit App
2026-04-10T11:47:48Z,80.54,Fitbit App
2026-04-10T11:48:48Z,102.19,Fitbit App
2026-04-10T11:49:48Z,77.94,Fitbit App
2026-04-10T11:50:48Z,6.04,Fitbit App
2026-04-10T11:51:48Z,6.71,Fitbit App
2026-04-10T11:52:48Z,23.49,Fitbit App
2026-04-10T11:53:48Z,20.80,Fitbit App
2026-04-10T11:54:48Z,4.03,Fitbit App
2026-04-10T11:55:48Z,0.67,Fitbit App
2026-04-10T11:57:04Z,2.68,Fitbit App
2026-04-10T11:58:04Z,11.41,Fitbit App
2026-04-10T11:59:04Z,11.41,Fitbit App
2026-04-10T12:00:04Z,20.80,Fitbit App
2026-04-10T12:01:04Z,28.85,Fitbit App
2026-04-10T12:02:04Z,13.42,Fitbit App
2026-04-10T12:03:04Z,16.10,Fitbit App
2026-04-10T12:09:04Z,3.36,Fitbit App
2026-04-10T12:10:04Z,2.01,Fitbit App
2026-04-10T13:43:04Z,1.34,Fitbit App
2026-04-10T13:44:04Z,4.70,Fitbit App
2026-04-11T00:44:04Z,4.03,Fitbit App
2026-04-11T00:45:04Z,2.68,Fitbit App
2026-04-11T00:47:04Z,4.03,Fitbit App
2026-04-11T00:53:04Z,3.36,Fitbit App
2026-04-11T00:54:04Z,6.04,Fitbit App
2026-04-11T00:56:04Z,4.70,Fitbit App
2026-04-11T00:57:04Z,20.13,Fitbit App
2026-04-11T00:58:04Z,30.87,Fitbit App
2026-04-11T00:59:04Z,29.52,Fitbit App
2026-04-11T01:00:04Z,1.34,Fitbit App
2026-04-11T01:01:04Z,19.46,Fitbit App
2026-04-11T01:02:04Z,101.32,Fitbit App
2026-04-11T01:03:04Z,83.14,Fitbit App
2026-04-11T01:04:04Z,64.95,Fitbit App
2026-04-11T01:05:04Z,17.45,Fitbit App
2026-04-11T01:06:04Z,12.08,Fitbit App
2026-04-11T01:07:04Z,7.38,Fitbit App
2026-04-11T01:08:04Z,0.67,Fitbit App
2026-04-11T01:09:04Z,13.42,Fitbit App
2026-04-11T01:10:04Z,36.91,Fitbit App
2026-04-11T01:11:04Z,66.68,Fitbit App
2026-04-11T01:12:04Z,24.16,Fitbit App
2026-04-11T01:13:04Z,65.82,Fitbit App
2026-04-11T01:14:04Z,104.79,Fitbit App
2026-04-11T01:15:04Z,35.56,Fitbit App
2026-04-11T03:10:04Z,5.37,Fitbit App
2026-04-11T03:11:04Z,2.01,Fitbit App
2026-04-11T10:07:04Z,2.68,Fitbit App
2026-04-11T10:08:04Z,11.41,Fitbit App
2026-04-11T10:15:04Z,6.04,Fitbit App
2026-04-11T10:16:04Z,3.36,Fitbit App
2026-04-11T12:31:04Z,4.70,Fitbit App
2026-04-11T12:32:04Z,35.56,Fitbit App
2026-04-11T12:33:04Z,71.01,Fitbit App
2026-04-11T12:34:04Z,106.52,Fitbit App
2026-04-11T12:35:04Z,102.19,Fitbit App
2026-04-11T12:36:04Z,75.34,Fitbit App
2026-04-11T12:37:04Z,18.12,Fitbit App
2026-04-11T12:38:04Z,66.68,Fitbit App
2026-04-11T12:39:04Z,2.68,Fitbit App
2026-04-11T12:40:04Z,29.52,Fitbit App
2026-04-11T12:41:04Z,36.23,Fitbit App
2026-04-11T12:42:04Z,23.49,Fitbit App
2026-04-11T12:43:04Z,1.34,Fitbit App
2026-04-11T13:21:04Z,2.01,Fitbit App
2026-04-11T13:22:04Z,4.70,Fitbit App
2026-04-11T14:38:04Z,3.36,Fitbit App
2026-04-11T14:39:04Z,5.37,Fitbit App
2026-04-11T14:55:04Z,0.67,Fitbit App
2026-04-11T14:56:04Z,4.03,Fitbit App
2026-04-11T22:50:04Z,1.34,Fitbit App
2026-04-11T22:51:04Z,11.41,Fitbit App
2026-04-11T22:52:04Z,12.08,Fitbit App
2026-04-11T22:53:04Z,23.49,Fitbit App
2026-04-11T22:54:04Z,2.01,Fitbit App
2026-04-11T23:05:04Z,8.72,Fitbit App
2026-04-11T23:06:04Z,24.83,Fitbit App
2026-04-11T23:07:04Z,24.83,Fitbit App
2026-04-11T23:08:04Z,20.13,Fitbit App
2026-04-11T23:09:04Z,98.72,Fitbit App
2026-04-11T23:10:04Z,103.05,Fitbit App
2026-04-11T23:11:04Z,90.93,Fitbit App
2026-04-11T23:12:04Z,94.39,Fitbit App
2026-04-11T23:13:04Z,100.46,Fitbit App
2026-04-11T23:14:04Z,97.86,Fitbit App
2026-04-11T23:15:04Z,94.39,Fitbit App
2026-04-11T23:16:04Z,97.86,Fitbit App
2026-04-11T23:17:04Z,98.72,Fitbit App
2026-04-11T23:18:04Z,97.86,Fitbit App
2026-04-11T23:19:04Z,73.61,Fitbit App
2026-04-11T23:20:04Z,100.46,Fitbit App
2026-04-11T23:21:04Z,102.19,Fitbit App
2026-04-11T23:22:04Z,109.12,Fitbit App
2026-04-11T23:23:04Z,94.39,Fitbit App
2026-04-11T23:24:04Z,15.43,Fitbit App
2026-04-11T23:35:04Z,1.34,Fitbit App
2026-04-11T23:36:04Z,17.45,Fitbit App
2026-04-11T23:37:04Z,93.53,Fitbit App
2026-04-11T23:38:04Z,12.08,Fitbit App
2026-04-11T23:39:04Z,10.07,Fitbit App
2026-04-11T23:40:04Z,4.70,Fitbit App
2026-04-11T23:41:04Z,38.25,Fitbit App
2026-04-11T23:42:04Z,97.86,Fitbit App
2026-04-11T23:43:04Z,13.42,Fitbit App
2026-04-11T23:44:04Z,40.26,Fitbit App
2026-04-12T00:45:04Z,4.03,Fitbit App
2026-04-12T00:46:04Z,8.05,Fitbit App
2026-04-12T00:55:04Z,8.05,Fitbit App
2026-04-12T00:56:04Z,40.93,Fitbit App
2026-04-12T00:58:04Z,7.38,Fitbit App
2026-04-12T00:59:04Z,61.49,Fitbit App
2026-04-12T01:00:04Z,92.66,Fitbit App
2026-04-12T01:01:04Z,92.66,Fitbit App
2026-04-12T01:02:04Z,95.26,Fitbit App
2026-04-12T01:03:04Z,89.20,Fitbit App
2026-04-12T01:04:04Z,64.08,Fitbit App
2026-04-12T01:05:04Z,68.41,Fitbit App
2026-04-12T01:06:04Z,28.18,Fitbit App
2026-04-12T01:07:04Z,8.05,Fitbit App
2026-04-12T01:53:04Z,4.03,Fitbit App
2026-04-12T01:54:04Z,29.52,Fitbit App
2026-04-12T01:55:04Z,70.15,Fitbit App
2026-04-12T01:56:04Z,32.88,Fitbit App
2026-04-12T01:57:04Z,87.47,Fitbit App
2026-04-12T01:58:04Z,103.92,Fitbit App
2026-04-12T01:59:04Z,85.73,Fitbit App
2026-04-12T02:00:04Z,33.55,Fitbit App
2026-04-12T02:01:04Z,75.34,Fitbit App
2026-04-12T02:02:04Z,90.06,Fitbit App
2026-04-12T02:03:04Z,9.39,Fitbit App
2026-04-12T02:06:04Z,4.70,Fitbit App
2026-04-12T02:07:04Z,4.03,Fitbit App
2026-04-12T02:12:04Z,2.68,Fitbit App
2026-04-12T02:13:04Z,37.58,Fitbit App
2026-04-12T02:14:04Z,82.27,Fitbit App
2026-04-12T02:15:04Z,63.22,Fitbit App
2026-04-12T02:16:04Z,88.33,Fitbit App
2026-04-12T02:17:04Z,44.96,Fitbit App
2026-04-12T02:18:04Z,97.86,Fitbit App
2026-04-12T02:19:04Z,27.51,Fitbit App
2026-04-12T02:20:04Z,60.62,Fitbit App
2026-04-12T02:21:04Z,17.45,Fitbit App
2026-04-12T02:22:04Z,6.71,Fitbit App
2026-04-12T02:38:04Z,0.67,Fitbit App
2026-04-12T02:39:04Z,15.43,Fitbit App
2026-04-12T02:40:04Z,100.46,Fitbit App
2026-04-12T02:41:04Z,33.55,Fitbit App
2026-04-12T02:49:04Z,3.36,Fitbit App
2026-04-12T02:50:04Z,10.74,Fitbit App
2026-04-12T02:51:04Z,23.49,Fitbit App
2026-04-12T02:52:04Z,3.36,Fitbit App
2026-04-12T02:53:04Z,2.01,Fitbit App
2026-04-12T03:03:04Z,4.70,Fitbit App
2026-04-12T03:04:04Z,3.36,Fitbit App
2026-04-12T03:05:04Z,28.85,Fitbit App
2026-04-12T03:06:04Z,93.53,Fitbit App
2026-04-12T03:07:04Z,94.39,Fitbit App
2026-04-12T03:08:04Z,100.46,Fitbit App
2026-04-12T03:09:04Z,103.05,Fitbit App
2026-04-12T03:10:04Z,36.23,Fitbit App
2026-04-12T03:24:04Z,0.67,Fitbit App
2026-04-12T03:25:04Z,12.75,Fitbit App
2026-04-12T03:26:04Z,97.86,Fitbit App
2026-04-12T03:27:04Z,77.07,Fitbit App
2026-04-12T03:28:04Z,61.49,Fitbit App
2026-04-12T03:29:04Z,19.46,Fitbit App
2026-04-12T03:30:04Z,12.08,Fitbit App
2026-04-12T03:31:04Z,82.27,Fitbit App
2026-04-12T03:32:04Z,81.40,Fitbit App
2026-04-12T03:33:04Z,77.07,Fitbit App
2026-04-12T03:34:04Z,71.01,Fitbit App
2026-04-12T03:35:04Z,28.85,Fitbit App
2026-04-12T03:36:04Z,22.81,Fitbit App
2026-04-12T03:37:04Z,79.67,Fitbit App
2026-04-12T03:38:04Z,41.60,Fitbit App
2026-04-12T03:39:04Z,70.15,Fitbit App
2026-04-12T03:40:04Z,67.55,Fitbit App
2026-04-12T03:41:04Z,4.03,Fitbit App
2026-04-12T03:42:04Z,20.13,Fitbit App
2026-04-12T03:43:04Z,24.16,Fitbit App
2026-04-12T03:44:04Z,5.37,Fitbit App
2026-04-12T03:45:04Z,18.12,Fitbit App
2026-04-12T03:46:04Z,41.60,Fitbit App
2026-04-12T03:47:04Z,84.87,Fitbit App
2026-04-12T03:48:04Z,72.74,Fitbit App
2026-04-12T03:49:04Z,64.08,Fitbit App
2026-04-12T03:50:04Z,26.84,Fitbit App
2026-04-12T03:51:04Z,41.60,Fitbit App
2026-04-12T03:52:04Z,2.68,Fitbit App
2026-04-12T03:53:04Z,2.01,Fitbit App
2026-04-12T03:56:04Z,2.68,Fitbit App
2026-04-12T03:57:04Z,28.85,Fitbit App
2026-04-12T03:58:04Z,24.16,Fitbit App
2026-04-12T03:59:04Z,6.71,Fitbit App
2026-04-12T04:02:04Z,6.04,Fitbit App
2026-04-12T04:07:04Z,2.01,Fitbit App
2026-04-12T04:08:04Z,17.45,Fitbit App
2026-04-12T04:09:04Z,6.71,Fitbit App
2026-04-12T04:10:04Z,12.75,Fitbit App
2026-04-12T04:11:04Z,42.94,Fitbit App
2026-04-12T04:12:04Z,89.20,Fitbit App
2026-04-12T04:13:04Z,93.53,Fitbit App
2026-04-12T04:14:04Z,95.26,Fitbit App
2026-04-12T04:15:04Z,92.66,Fitbit App
2026-04-12T04:16:04Z,96.99,Fitbit App
2026-04-12T04:17:04Z,92.66,Fitbit App
2026-04-12T04:18:04Z,93.53,Fitbit App
2026-04-12T04:19:04Z,94.39,Fitbit App
2026-04-12T04:20:04Z,60.62,Fitbit App
2026-04-12T04:21:04Z,60.62,Fitbit App
2026-04-12T04:22:04Z,24.16,Fitbit App
2026-04-12T04:23:04Z,27.51,Fitbit App
2026-04-12T04:24:04Z,2.01,Fitbit App
2026-04-12T04:25:04Z,27.51,Fitbit App
2026-04-12T04:26:04Z,84.00,Fitbit App
2026-04-12T04:27:04Z,88.33,Fitbit App
2026-04-12T04:28:04Z,89.20,Fitbit App
2026-04-12T04:29:04Z,89.20,Fitbit App
2026-04-12T04:30:04Z,90.93,Fitbit App
2026-04-12T04:31:04Z,84.87,Fitbit App
2026-04-12T04:32:04Z,24.16,Fitbit App
2026-04-12T04:33:04Z,67.55,Fitbit App
2026-04-12T04:34:04Z,30.20,Fitbit App
2026-04-12T04:35:04Z,30.20,Fitbit App
2026-04-12T04:36:04Z,20.80,Fitbit App
2026-04-12T04:37:04Z,36.23,Fitbit App
2026-04-12T04:38:04Z,85.73,Fitbit App
2026-04-12T04:39:04Z,92.66,Fitbit App
2026-04-12T04:40:04Z,93.53,Fitbit App
2026-04-12T04:41:04Z,93.53,Fitbit App
2026-04-12T04:42:04Z,91.80,Fitbit App
2026-04-12T04:43:04Z,23.49,Fitbit App
2026-04-12T04:44:04Z,7.38,Fitbit App
2026-04-12T04:45:04Z,15.43,Fitbit App
2026-04-12T04:46:04Z,4.03,Fitbit App
2026-04-12T04:47:04Z,0.67,Fitbit App
2026-04-12T04:50:04Z,3.36,Fitbit App
2026-04-12T04:51:04Z,26.17,Fitbit App
2026-04-12T04:52:04Z,63.22,Fitbit App
2026-04-12T04:53:04Z,36.23,Fitbit App
2026-04-12T05:06:04Z,6.71,Fitbit App
2026-04-12T05:07:04Z,71.88,Fitbit App
2026-04-12T05:08:04Z,82.27,Fitbit App
2026-04-12T05:09:04Z,26.17,Fitbit App
2026-04-12T08:26:04Z,3.36,Fitbit App
2026-04-12T08:27:04Z,31.54,Fitbit App
2026-04-12T08:28:04Z,94.39,Fitbit App
2026-04-12T08:29:04Z,100.46,Fitbit App
2026-04-12T08:30:04Z,34.22,Fitbit App
2026-04-12T08:31:04Z,0.67,Fitbit App
2026-04-12T08:32:04Z,4.03,Fitbit App
2026-04-12T08:35:04Z,3.36,Fitbit App
2026-04-12T08:36:04Z,61.49,Fitbit App
2026-04-12T08:37:04Z,112.58,Fitbit App
2026-04-12T08:38:04Z,43.62,Fitbit App
2026-04-12T08:39:04Z,4.70,Fitbit App
2026-04-12T10:07:04Z,4.03,Fitbit App
2026-04-12T10:08:04Z,22.14,Fitbit App
2026-04-12T10:09:04Z,20.13,Fitbit App
2026-04-12T10:10:04Z,20.13,Fitbit App
2026-04-12T10:11:04Z,6.04,Fitbit App
2026-04-12T10:12:04Z,10.74,Fitbit App
2026-04-12T10:13:04Z,4.03,Fitbit App
2026-04-12T10:14:04Z,7.38,Fitbit App
2026-04-12T10:15:04Z,9.39,Fitbit App
2026-04-12T10:16:04Z,7.38,Fitbit App
2026-04-12T10:33:04Z,2.68,Fitbit App
2026-04-12T10:34:04Z,2.01,Fitbit App
2026-04-12T10:44:04Z,0.67,Fitbit App
2026-04-12T10:45:04Z,5.37,Fitbit App
2026-04-12T10:47:04Z,0.67,Fitbit App
2026-04-12T10:48:04Z,6.71,Fitbit App
2026-04-12T10:49:04Z,11.41,Fitbit App
2026-04-12T10:50:04Z,16.10,Fitbit App
2026-04-12T10:51:04Z,23.49,Fitbit App
2026-04-12T13:13:04Z,2.01,Fitbit App
2026-04-12T13:14:04Z,8.05,Fitbit App
2026-04-12T19:59:04Z,0.67,Fitbit App
2026-04-12T20:00:04Z,6.04,Fitbit App
2026-04-12T20:01:04Z,10.07,Fitbit App
2026-04-12T20:02:04Z,64.95,Fitbit App
2026-04-12T20:03:04Z,114.31,Fitbit App
2026-04-12T20:04:04Z,34.22,Fitbit App
2026-04-12T20:13:04Z,2.01,Fitbit App
2026-04-12T20:14:04Z,7.38,Fitbit App
2026-04-12T20:36:04Z,10.74,Fitbit App
2026-04-12T20:37:04Z,101.32,Fitbit App
2026-04-12T20:38:04Z,107.38,Fitbit App
2026-04-12T20:39:04Z,104.79,Fitbit App
2026-04-12T20:40:04Z,42.94,Fitbit App
2026-04-12T20:41:04Z,9.39,Fitbit App
2026-04-12T20:42:04Z,9.39,Fitbit App
2026-04-12T20:43:04Z,8.72,Fitbit App
2026-04-12T20:44:04Z,14.09,Fitbit App
2026-04-12T20:45:04Z,21.47,Fitbit App
2026-04-12T20:46:04Z,25.50,Fitbit App
2026-04-12T20:47:04Z,33.55,Fitbit App
2026-04-12T20:48:04Z,22.14,Fitbit App
2026-04-12T20:49:04Z,44.29,Fitbit App
2026-04-12T20:50:04Z,30.87,Fitbit App
2026-04-12T21:48:04Z,10.07,Fitbit App
2026-04-12T21:49:04Z,24.16,Fitbit App
2026-04-12T21:50:04Z,1.34,Fitbit App
2026-04-12T21:51:04Z,17.45,Fitbit App
2026-04-12T21:52:04Z,37.58,Fitbit App
2026-04-12T21:53:04Z,11.41,Fitbit App
2026-04-12T21:54:04Z,17.45,Fitbit App
2026-04-12T21:55:04Z,2.68,Fitbit App
2026-04-12T21:57:04Z,2.01,Fitbit App
2026-04-12T21:58:04Z,6.04,Fitbit App
2026-04-12T21:59:04Z,8.72,Fitbit App
2026-04-12T22:00:04Z,8.05,Fitbit App
2026-04-12T22:01:04Z,25.50,Fitbit App
2026-04-12T22:02:04Z,12.75,Fitbit App
2026-04-12T22:03:04Z,8.72,Fitbit App
2026-04-12T22:04:04Z,22.81,Fitbit App
2026-04-12T22:05:04Z,17.45,Fitbit App
2026-04-12T22:06:04Z,13.42,Fitbit App
2026-04-12T22:07:04Z,16.78,Fitbit App
2026-04-12T22:09:04Z,6.04,Fitbit App
2026-04-12T22:10:04Z,10.74,Fitbit App
2026-04-12T22:15:04Z,5.37,Fitbit App
2026-04-12T22:16:04Z,1.34,Fitbit App
2026-04-12T22:22:04Z,3.36,Fitbit App
2026-04-12T22:23:04Z,4.70,Fitbit App
2026-04-12T22:24:04Z,2.68,Fitbit App
2026-04-12T22:25:04Z,11.41,Fitbit App
2026-04-12T22:33:04Z,3.36,Fitbit App
2026-04-12T22:34:04Z,7.38,Fitbit App
2026-04-12T22:36:04Z,2.01,Fitbit App
2026-04-12T22:37:04Z,18.79,Fitbit App
2026-04-12T22:38:04Z,5.37,Fitbit App
2026-04-12T22:40:04Z,6.04,Fitbit App
2026-04-12T22:41:04Z,16.78,Fitbit App
2026-04-12T22:42:04Z,12.08,Fitbit App
2026-04-12T22:46:04Z,0.67,Fitbit App
2026-04-12T22:47:04Z,12.75,Fitbit App
2026-04-12T22:48:04Z,10.74,Fitbit App
2026-04-12T22:49:04Z,10.74,Fitbit App
2026-04-12T22:51:04Z,10.74,Fitbit App
2026-04-12T22:52:04Z,23.49,Fitbit App
2026-04-12T22:53:04Z,4.03,Fitbit App
2026-04-12T22:54:04Z,41.60,Fitbit App
2026-04-12T22:57:04Z,2.01,Fitbit App
2026-04-12T22:58:04Z,6.71,Fitbit App
2026-04-12T22:59:04Z,5.37,Fitbit App
2026-04-12T23:03:04Z,0.67,Fitbit App
2026-04-12T23:04:04Z,9.39,Fitbit App
2026-04-12T23:05:04Z,29.52,Fitbit App
2026-04-12T23:06:04Z,2.01,Fitbit App
2026-04-12T23:10:04Z,5.37,Fitbit App
2026-04-12T23:11:04Z,20.13,Fitbit App
2026-04-12T23:12:04Z,4.70,Fitbit App
2026-04-12T23:13:04Z,10.74,Fitbit App
2026-04-12T23:14:04Z,12.75,Fitbit App
2026-04-12T23:15:04Z,42.94,Fitbit App
2026-04-12T23:16:04Z,18.79,Fitbit App
2026-04-12T23:17:04Z,14.76,Fitbit App
2026-04-12T23:18:04Z,12.75,Fitbit App
2026-04-12T23:19:04Z,14.76,Fitbit App
2026-04-12T23:20:04Z,15.43,Fitbit App
2026-04-12T23:21:04Z,2.68,Fitbit App
2026-04-12T23:27:04Z,2.01,Fitbit App
2026-04-12T23:28:04Z,15.43,Fitbit App
2026-04-12T23:29:04Z,17.45,Fitbit App
2026-04-12T23:30:04Z,30.87,Fitbit App
2026-04-12T23:31:04Z,3.36,Fitbit App
2026-04-12T23:32:04Z,19.46,Fitbit App
2026-04-12T23:33:04Z,22.14,Fitbit App
2026-04-12T23:36:04Z,6.71,Fitbit App
2026-04-12T23:37:04Z,24.16,Fitbit App
2026-04-12T23:41:04Z,9.39,Fitbit App
2026-04-12T23:42:04Z,16.78,Fitbit App
2026-04-12T23:43:04Z,10.07,Fitbit App
2026-04-12T23:48:04Z,4.03,Fitbit App
2026-04-12T23:49:04Z,8.05,Fitbit App
2026-04-12T23:50:04Z,15.43,Fitbit App
2026-04-12T23:51:04Z,23.49,Fitbit App
2026-04-12T23:52:04Z,29.52,Fitbit App
2026-04-12T23:53:04Z,14.09,Fitbit App
2026-04-12T23:54:04Z,11.41,Fitbit App
2026-04-12T23:55:04Z,28.18,Fitbit App
2026-04-12T23:56:04Z,34.89,Fitbit App
2026-04-12T23:57:04Z,18.79,Fitbit App
2026-04-12T23:58:04Z,15.43,Fitbit App
2026-04-12T23:59:04Z,7.38,Fitbit App
2026-04-13T00:00:04Z,15.43,Fitbit App
2026-04-13T00:01:04Z,18.79,Fitbit App
2026-04-13T00:02:04Z,22.14,Fitbit App
2026-04-13T00:03:04Z,21.47,Fitbit App
2026-04-13T00:04:04Z,10.74,Fitbit App
2026-04-13T00:05:04Z,18.12,Fitbit App
2026-04-13T00:06:04Z,21.47,Fitbit App
2026-04-13T00:07:04Z,7.38,Fitbit App
2026-04-13T00:08:04Z,8.72,Fitbit App
2026-04-13T00:09:04Z,7.38,Fitbit App
2026-04-13T00:10:04Z,3.36,Fitbit App
2026-04-13T00:11:04Z,10.07,Fitbit App
2026-04-13T00:13:04Z,4.03,Fitbit App
2026-04-13T00:14:04Z,14.09,Fitbit App
2026-04-13T00:15:04Z,19.46,Fitbit App
2026-04-13T00:16:04Z,16.78,Fitbit App
2026-04-13T00:17:04Z,68.41,Fitbit App
2026-04-13T00:18:04Z,30.87,Fitbit App
2026-04-13T00:22:04Z,10.74,Fitbit App
2026-04-13T00:23:04Z,11.41,Fitbit App
2026-04-13T00:24:04Z,15.43,Fitbit App
2026-04-13T00:25:04Z,32.21,Fitbit App
2026-04-13T00:26:04Z,12.75,Fitbit App
2026-04-13T00:27:04Z,12.75,Fitbit App
2026-04-13T00:28:04Z,24.83,Fitbit App
2026-04-13T00:29:04Z,17.45,Fitbit App
2026-04-13T00:30:04Z,13.42,Fitbit App
2026-04-13T00:31:04Z,2.68,Fitbit App
2026-04-13T00:34:04Z,4.03,Fitbit App
2026-04-13T00:35:04Z,0.67,Fitbit App
2026-04-13T00:36:04Z,3.36,Fitbit App
2026-04-13T00:37:04Z,1.34,Fitbit App
2026-04-13T00:38:04Z,1.34,Fitbit App
2026-04-13T00:39:04Z,12.08,Fitbit App
2026-04-13T00:42:04Z,1.34,Fitbit App
2026-04-13T00:43:04Z,14.76,Fitbit App
2026-04-13T00:44:04Z,26.17,Fitbit App
2026-04-13T00:45:04Z,29.52,Fitbit App
2026-04-13T00:46:04Z,6.04,Fitbit App
2026-04-13T00:47:04Z,14.09,Fitbit App
2026-04-13T00:48:04Z,19.46,Fitbit App
2026-04-13T00:49:04Z,16.78,Fitbit App
2026-04-13T00:50:04Z,4.70,Fitbit App
2026-04-13T00:51:04Z,6.71,Fitbit App
2026-04-13T00:55:04Z,8.72,Fitbit App
2026-04-13T00:56:04Z,4.70,Fitbit App
2026-04-13T01:11:04Z,8.05,Fitbit App
2026-04-13T01:12:04Z,5.37,Fitbit App
2026-04-13T01:16:04Z,3.36,Fitbit App
2026-04-13T01:17:04Z,19.46,Fitbit App
2026-04-13T01:18:04Z,2.68,Fitbit App
2026-04-13T01:23:04Z,8.72,Fitbit App
2026-04-13T01:24:04Z,8.05,Fitbit App
2026-04-13T01:26:04Z,2.68,Fitbit App
2026-04-13T01:27:04Z,24.16,Fitbit App
2026-04-13T01:28:04Z,28.85,Fitbit App
2026-04-13T01:29:04Z,11.41,Fitbit App
2026-04-13T01:30:04Z,24.83,Fitbit App
2026-04-13T01:31:04Z,28.18,Fitbit App
2026-04-13T01:32:04Z,5.37,Fitbit App
2026-04-13T01:33:04Z,15.43,Fitbit App
2026-04-13T01:34:04Z,1.34,Fitbit App
2026-04-13T01:35:04Z,10.07,Fitbit App
2026-04-13T01:37:04Z,2.68,Fitbit App
2026-04-13T01:38:04Z,22.14,Fitbit App
2026-04-13T01:39:04Z,28.18,Fitbit App
2026-04-13T01:42:04Z,2.68,Fitbit App
2026-04-13T01:43:04Z,16.10,Fitbit App
2026-04-13T01:44:04Z,14.76,Fitbit App
2026-04-13T01:45:04Z,7.38,Fitbit App
2026-04-13T01:46:04Z,32.21,Fitbit App
2026-04-13T01:47:04Z,5.37,Fitbit App
2026-04-13T01:49:04Z,7.38,Fitbit App
2026-04-13T01:50:04Z,26.17,Fitbit App
2026-04-13T01:51:04Z,24.83,Fitbit App
2026-04-13T01:52:04Z,26.84,Fitbit App
2026-04-13T01:53:04Z,15.43,Fitbit App
2026-04-13T01:54:04Z,38.25,Fitbit App
2026-04-13T01:55:04Z,11.41,Fitbit App
2026-04-13T02:00:04Z,6.04,Fitbit App
2026-04-13T02:01:04Z,26.84,Fitbit App
2026-04-13T02:02:04Z,4.70,Fitbit App
2026-04-13T02:05:04Z,6.04,Fitbit App
2026-04-13T02:06:04Z,20.80,Fitbit App
2026-04-13T02:07:04Z,16.78,Fitbit App
2026-04-13T02:09:04Z,0.67,Fitbit App
2026-04-13T02:10:04Z,14.76,Fitbit App
2026-04-13T02:11:04Z,21.47,Fitbit App
2026-04-13T02:12:04Z,22.81,Fitbit App
2026-04-13T02:13:04Z,26.84,Fitbit App
2026-04-13T02:17:04Z,3.36,Fitbit App
2026-04-13T02:18:04Z,27.51,Fitbit App
2026-04-13T02:19:04Z,30.87,Fitbit App
2026-04-13T02:20:04Z,18.79,Fitbit App
2026-04-13T02:21:04Z,16.10,Fitbit App
2026-04-13T02:22:04Z,38.92,Fitbit App
2026-04-13T02:23:04Z,12.08,Fitbit App
2026-04-13T02:24:04Z,8.72,Fitbit App
2026-04-13T02:40:04Z,4.03,Fitbit App
2026-04-13T02:47:04Z,3.36,Fitbit App
2026-04-13T02:48:04Z,28.85,Fitbit App
2026-04-13T02:49:04Z,26.17,Fitbit App
2026-04-13T02:50:04Z,25.50,Fitbit App
2026-04-13T02:51:04Z,8.72,Fitbit App
2026-04-13T02:52:04Z,11.41,Fitbit App
2026-04-13T02:53:04Z,2.01,Fitbit App
2026-04-13T02:58:04Z,10.07,Fitbit App
2026-04-13T02:59:04Z,26.84,Fitbit App
2026-04-13T03:01:04Z,6.71,Fitbit App
2026-04-13T03:02:04Z,34.22,Fitbit App
2026-04-13T03:03:04Z,36.91,Fitbit App
2026-04-13T03:04:04Z,42.27,Fitbit App
2026-04-13T03:05:04Z,42.94,Fitbit App
2026-04-13T03:06:04Z,41.60,Fitbit App
2026-04-13T03:07:04Z,28.18,Fitbit App
2026-04-13T03:08:04Z,7.38,Fitbit App
2026-04-13T03:10:04Z,2.68,Fitbit App
2026-04-13T03:11:04Z,4.03,Fitbit App
2026-04-13T03:13:04Z,5.37,Fitbit App
2026-04-13T03:14:04Z,12.75,Fitbit App
2026-04-13T03:15:04Z,9.39,Fitbit App
2026-04-13T03:20:04Z,3.36,Fitbit App
2026-04-13T03:21:04Z,13.42,Fitbit App
2026-04-13T03:22:04Z,16.10,Fitbit App
2026-04-13T03:23:04Z,16.78,Fitbit App
2026-04-13T03:33:04Z,9.39,Fitbit App
2026-04-13T03:34:04Z,4.70,Fitbit App
2026-04-13T03:36:04Z,1.34,Fitbit App
2026-04-13T03:37:04Z,12.08,Fitbit App
2026-04-13T03:38:04Z,7.38,Fitbit App
2026-04-13T03:39:04Z,34.22,Fitbit App
2026-04-13T03:40:04Z,20.80,Fitbit App
2026-04-13T03:41:04Z,33.55,Fitbit App
2026-04-13T03:42:04Z,18.12,Fitbit App
2026-04-13T03:43:04Z,32.88,Fitbit App
2026-04-13T03:44:04Z,0.67,Fitbit App
2026-04-13T03:45:04Z,4.03,Fitbit App
2026-04-13T03:46:04Z,23.49,Fitbit App
2026-04-13T03:47:04Z,18.12,Fitbit App
2026-04-13T03:48:04Z,8.05,Fitbit App
2026-04-13T03:49:04Z,34.89,Fitbit App
2026-04-13T03:50:04Z,11.41,Fitbit App
2026-04-13T03:51:04Z,10.74,Fitbit App
2026-04-13T03:52:04Z,10.07,Fitbit App
2026-04-13T03:53:04Z,11.41,Fitbit App
2026-04-13T03:54:04Z,18.12,Fitbit App
2026-04-13T03:55:04Z,77.07,Fitbit App
2026-04-13T03:56:04Z,78.81,Fitbit App
2026-04-13T03:57:04Z,100.46,Fitbit App
2026-04-13T03:58:04Z,109.98,Fitbit App
2026-04-13T03:59:04Z,103.92,Fitbit App
2026-04-13T04:00:04Z,12.75,Fitbit App
2026-04-13T04:10:04Z,2.68,Fitbit App
2026-04-13T04:11:04Z,12.08,Fitbit App
2026-04-13T04:12:04Z,0.67,Fitbit App
2026-04-13T04:13:04Z,9.39,Fitbit App
2026-04-13T04:27:04Z,3.36,Fitbit App
2026-04-13T04:28:04Z,34.22,Fitbit App
2026-04-13T04:29:04Z,109.98,Fitbit App
2026-04-13T04:30:04Z,76.21,Fitbit App
2026-04-13T04:31:04Z,10.74,Fitbit App
2026-04-13T04:56:04Z,8.72,Fitbit App
2026-04-13T04:57:04Z,4.03,Fitbit App
2026-04-13T05:07:04Z,0.67,Fitbit App
2026-04-13T05:08:04Z,3.36,Fitbit App
2026-04-13T08:17:04Z,1.34,Fitbit App
2026-04-13T08:18:04Z,12.75,Fitbit App
2026-04-13T08:19:04Z,17.45,Fitbit App
2026-04-13T08:20:04Z,21.47,Fitbit App
2026-04-13T08:21:04Z,28.18,Fitbit App
2026-04-13T08:22:04Z,30.87,Fitbit App
2026-04-13T08:23:04Z,103.92,Fitbit App
2026-04-13T08:24:04Z,12.75,Fitbit App
2026-04-13T08:25:04Z,4.03,Fitbit App
2026-04-13T08:26:04Z,2.68,Fitbit App
2026-04-13T08:56:04Z,4.70,Fitbit App
2026-04-13T08:57:04Z,80.54,Fitbit App
2026-04-13T08:58:04Z,88.33,Fitbit App
2026-04-13T08:59:04Z,65.82,Fitbit App
2026-04-13T09:00:04Z,91.80,Fitbit App
2026-04-13T09:01:04Z,19.46,Fitbit App
2026-04-13T09:02:04Z,26.17,Fitbit App
2026-04-13T09:39:04Z,2.01,Fitbit App
2026-04-13T09:40:04Z,6.04,Fitbit App
2026-04-13T11:33:04Z,7.38,Fitbit App
2026-04-13T11:34:04Z,3.36,Fitbit App
2026-04-13T11:45:04Z,2.01,Fitbit App
2026-04-13T11:46:04Z,3.36,Fitbit App
2026-04-13T11:47:04Z,5.37,Fitbit App
2026-04-13T11:48:04Z,11.41,Fitbit App
2026-04-13T12:24:04Z,10.74,Fitbit App
2026-04-13T12:25:04Z,17.45,Fitbit App
2026-04-13T12:31:04Z,1.34,Fitbit App
2026-04-13T12:32:04Z,2.68,Fitbit App
2026-04-13T20:00:04Z,4.03,Fitbit App
2026-04-13T20:01:04Z,26.84,Fitbit App
2026-04-13T20:02:04Z,10.74,Fitbit App
2026-04-13T20:03:04Z,77.94,Fitbit App
2026-04-13T20:04:04Z,110.85,Fitbit App
2026-04-13T20:05:04Z,12.75,Fitbit App
2026-04-13T20:27:04Z,0.67,Fitbit App
2026-04-13T20:28:04Z,13.42,Fitbit App
2026-04-13T20:29:04Z,104.79,Fitbit App
2026-04-13T20:30:04Z,104.79,Fitbit App
2026-04-13T20:31:04Z,103.92,Fitbit App
2026-04-13T20:32:04Z,68.41,Fitbit App
2026-04-13T20:33:04Z,12.08,Fitbit App
2026-04-13T20:34:04Z,5.37,Fitbit App
2026-04-13T20:35:04Z,8.05,Fitbit App
2026-04-13T20:36:04Z,19.46,Fitbit App
2026-04-13T20:37:04Z,18.79,Fitbit App
2026-04-13T20:38:04Z,34.89,Fitbit App
2026-04-13T20:39:04Z,64.95,Fitbit App
2026-04-13T20:40:04Z,12.08,Fitbit App
2026-04-13T20:41:04Z,2.01,Fitbit App
2026-04-13T20:42:04Z,24.16,Fitbit App
2026-04-13T20:43:04Z,68.41,Fitbit App
2026-04-13T20:45:04Z,2.01,Fitbit App
2026-04-13T20:46:04Z,16.10,Fitbit App
2026-04-13T20:47:04Z,26.84,Fitbit App
2026-04-13T20:48:04Z,26.84,Fitbit App
2026-04-13T20:49:04Z,21.47,Fitbit App
2026-04-13T20:50:04Z,39.59,Fitbit App
2026-04-13T20:51:04Z,3.36,Fitbit App
2026-04-13T20:52:04Z,1.34,Fitbit App
2026-04-13T20:53:04Z,16.10,Fitbit App
2026-04-13T20:54:04Z,90.06,Fitbit App
2026-04-13T20:55:04Z,37.58,Fitbit App
2026-04-13T20:56:04Z,33.55,Fitbit App
2026-04-13T20:57:04Z,4.70,Fitbit App
2026-04-13T20:58:04Z,16.78,Fitbit App
2026-04-13T20:59:04Z,17.45,Fitbit App
2026-04-13T21:00:04Z,8.05,Fitbit App
2026-04-13T21:01:04Z,2.68,Fitbit App
2026-04-13T21:02:04Z,3.36,Fitbit App
2026-04-13T21:03:04Z,12.75,Fitbit App
2026-04-13T21:06:04Z,2.68,Fitbit App
2026-04-13T21:07:04Z,12.75,Fitbit App
2026-04-13T21:11:04Z,4.03,Fitbit App
2026-04-13T21:12:04Z,29.52,Fitbit App
2026-04-13T21:13:04Z,18.12,Fitbit App
2026-04-13T21:14:04Z,7.38,Fitbit App
2026-04-13T21:15:04Z,6.71,Fitbit App
2026-04-13T21:16:04Z,4.70,Fitbit App
2026-04-13T21:17:04Z,16.78,Fitbit App
2026-04-13T21:18:04Z,16.78,Fitbit App
2026-04-13T21:21:04Z,1.34,Fitbit App
2026-04-13T21:22:04Z,14.76,Fitbit App
2026-04-13T21:23:04Z,18.12,Fitbit App
2026-04-13T21:24:04Z,18.79,Fitbit App
2026-04-13T21:25:04Z,40.26,Fitbit App
2026-04-13T21:26:04Z,10.74,Fitbit App
2026-04-13T21:27:04Z,4.70,Fitbit App
2026-04-13T21:28:04Z,11.41,Fitbit App
2026-04-13T21:29:04Z,32.21,Fitbit App
2026-04-13T21:30:04Z,22.81,Fitbit App
2026-04-13T21:31:04Z,12.75,Fitbit App
2026-04-13T21:32:04Z,13.42,Fitbit App
2026-04-13T21:33:04Z,23.49,Fitbit App
2026-04-13T21:34:04Z,16.10,Fitbit App
2026-04-13T21:35:04Z,14.76,Fitbit App
2026-04-13T21:36:04Z,26.17,Fitbit App
2026-04-13T21:37:04Z,2.68,Fitbit App
2026-04-13T21:39:04Z,10.07,Fitbit App
2026-04-13T21:40:04Z,26.84,Fitbit App
2026-04-13T21:43:04Z,6.71,Fitbit App
2026-04-13T21:44:04Z,19.46,Fitbit App
2026-04-13T21:45:04Z,6.71,Fitbit App
2026-04-13T21:46:04Z,6.71,Fitbit App
2026-04-13T21:47:04Z,8.72,Fitbit App
2026-04-13T21:48:04Z,12.08,Fitbit App
2026-04-13T21:49:04Z,60.62,Fitbit App
2026-04-13T21:50:04Z,88.33,Fitbit App
2026-04-13T21:51:04Z,44.96,Fitbit App
2026-04-13T21:52:04Z,25.50,Fitbit App
2026-04-13T21:53:04Z,28.18,Fitbit App
2026-04-13T21:54:04Z,35.56,Fitbit App
2026-04-13T21:55:04Z,70.15,Fitbit App
2026-04-13T21:56:04Z,36.91,Fitbit App
2026-04-13T21:57:04Z,77.07,Fitbit App
2026-04-13T21:58:04Z,22.81,Fitbit App
2026-04-13T21:59:04Z,12.08,Fitbit App
2026-04-13T22:00:04Z,14.76,Fitbit App
2026-04-13T22:01:04Z,3.36,Fitbit App
2026-04-13T22:02:04Z,29.52,Fitbit App
2026-04-13T22:03:04Z,42.27,Fitbit App
2026-04-13T22:04:04Z,61.49,Fitbit App
2026-04-13T22:05:04Z,2.01,Fitbit App
2026-04-13T22:08:04Z,10.07,Fitbit App
2026-04-13T22:09:04Z,3.36,Fitbit App
2026-04-13T22:12:04Z,9.39,Fitbit App
2026-04-13T22:13:04Z,20.80,Fitbit App
2026-04-13T22:14:04Z,20.80,Fitbit App
2026-04-13T22:29:04Z,4.70,Fitbit App
2026-04-13T22:30:04Z,14.76,Fitbit App
2026-04-13T22:35:04Z,8.72,Fitbit App
2026-04-13T22:36:04Z,12.08,Fitbit App
2026-04-13T22:37:04Z,6.71,Fitbit App
2026-04-13T22:38:04Z,10.74,Fitbit App
2026-04-13T22:39:04Z,18.79,Fitbit App
2026-04-13T22:40:04Z,10.74,Fitbit App
2026-04-13T22:47:04Z,4.03,Fitbit App
2026-04-13T22:48:04Z,12.08,Fitbit App
2026-04-13T22:52:04Z,0.67,Fitbit App
2026-04-13T22:53:04Z,6.04,Fitbit App
2026-04-13T22:54:04Z,8.72,Fitbit App
2026-04-13T22:55:04Z,17.45,Fitbit App
2026-04-13T22:56:04Z,4.70,Fitbit App
2026-04-13T22:57:04Z,10.07,Fitbit App
2026-04-13T22:58:04Z,30.20,Fitbit App
2026-04-13T23:05:04Z,4.03,Fitbit App
2026-04-13T23:06:04Z,7.38,Fitbit App
2026-04-13T23:07:04Z,3.36,Fitbit App
2026-04-13T23:08:04Z,7.38,Fitbit App
2026-04-13T23:09:04Z,2.68,Fitbit App
2026-04-13T23:10:04Z,6.71,Fitbit App
2026-04-13T23:11:04Z,4.03,Fitbit App
2026-04-13T23:12:04Z,8.72,Fitbit App
2026-04-13T23:13:04Z,13.42,Fitbit App
2026-04-13T23:14:04Z,6.04,Fitbit App
2026-04-13T23:15:04Z,5.37,Fitbit App
2026-04-13T23:18:04Z,4.03,Fitbit App
2026-04-13T23:19:04Z,10.07,Fitbit App
2026-04-13T23:22:04Z,9.39,Fitbit App
2026-04-13T23:23:04Z,13.42,Fitbit App
2026-04-13T23:28:04Z,4.03,Fitbit App
2026-04-13T23:29:04Z,12.08,Fitbit App
2026-04-13T23:30:04Z,16.78,Fitbit App
2026-04-13T23:31:04Z,11.41,Fitbit App
2026-04-13T23:32:04Z,25.50,Fitbit App
2026-04-13T23:33:04Z,4.70,Fitbit App
2026-04-13T23:34:04Z,19.46,Fitbit App
2026-04-13T23:36:04Z,5.37,Fitbit App
2026-04-13T23:37:04Z,0.67,Fitbit App
2026-04-13T23:38:04Z,3.36,Fitbit App
2026-04-13T23:39:04Z,6.71,Fitbit App
2026-04-13T23:46:04Z,0.67,Fitbit App
2026-04-13T23:47:04Z,4.03,Fitbit App
2026-04-13T23:50:04Z,7.38,Fitbit App
2026-04-13T23:51:04Z,30.20,Fitbit App
2026-04-14T00:03:04Z,4.70,Fitbit App
2026-04-14T00:04:04Z,22.14,Fitbit App
2026-04-14T00:09:04Z,4.03,Fitbit App
2026-04-14T00:10:04Z,12.75,Fitbit App
2026-04-14T00:11:04Z,13.42,Fitbit App
2026-04-14T00:12:04Z,11.41,Fitbit App
2026-04-14T00:13:04Z,29.52,Fitbit App
2026-04-14T00:14:04Z,6.04,Fitbit App
2026-04-14T00:24:04Z,5.37,Fitbit App
2026-04-14T00:25:04Z,16.10,Fitbit App
2026-04-14T00:26:04Z,8.05,Fitbit App
2026-04-14T00:27:04Z,10.74,Fitbit App
2026-04-14T00:28:04Z,8.05,Fitbit App
2026-04-14T00:29:04Z,10.74,Fitbit App
2026-04-14T00:30:04Z,11.41,Fitbit App
2026-04-14T00:31:04Z,10.74,Fitbit App
2026-04-14T00:35:04Z,1.34,Fitbit App
2026-04-14T00:36:04Z,14.09,Fitbit App
2026-04-14T00:37:04Z,5.37,Fitbit App
2026-04-14T00:38:04Z,2.01,Fitbit App
2026-04-14T00:39:04Z,10.07,Fitbit App
2026-04-14T00:40:04Z,10.74,Fitbit App
2026-04-14T00:41:04Z,30.20,Fitbit App
2026-04-14T00:43:04Z,5.37,Fitbit App
2026-04-14T00:44:04Z,8.05,Fitbit App
2026-04-14T00:45:04Z,6.71,Fitbit App
2026-04-14T00:46:04Z,11.41,Fitbit App
2026-04-14T00:47:04Z,26.17,Fitbit App
2026-04-14T00:56:04Z,9.39,Fitbit App
2026-04-14T00:57:04Z,16.10,Fitbit App
2026-04-14T00:58:04Z,39.59,Fitbit App
2026-04-14T00:59:04Z,40.26,Fitbit App
2026-04-14T01:00:04Z,19.46,Fitbit App
2026-04-14T01:01:04Z,4.70,Fitbit App
2026-04-14T01:02:04Z,17.45,Fitbit App
2026-04-14T01:03:04Z,36.23,Fitbit App
2026-04-14T01:04:04Z,10.07,Fitbit App
2026-04-14T01:05:04Z,10.07,Fitbit App
2026-04-14T01:06:04Z,14.76,Fitbit App
2026-04-14T01:10:04Z,4.03,Fitbit App
2026-04-14T01:11:04Z,7.38,Fitbit App
2026-04-14T01:13:04Z,6.04,Fitbit App
2026-04-14T01:14:04Z,32.21,Fitbit App
2026-04-14T01:15:04Z,5.37,Fitbit App
2026-04-14T01:16:04Z,5.37,Fitbit App
2026-04-14T01:17:04Z,2.68,Fitbit App
2026-04-14T01:18:04Z,10.74,Fitbit App
2026-04-14T01:20:04Z,4.03,Fitbit App
2026-04-14T01:21:04Z,17.45,Fitbit App
2026-04-14T01:22:04Z,2.68,Fitbit App
2026-04-14T01:23:04Z,12.75,Fitbit App
2026-04-14T01:26:04Z,10.07,Fitbit App
2026-04-14T01:27:04Z,2.01,Fitbit App
2026-04-14T01:34:04Z,8.72,Fitbit App
2026-04-14T01:35:04Z,20.13,Fitbit App
2026-04-14T01:41:04Z,0.67,Fitbit App
2026-04-14T01:42:04Z,15.43,Fitbit App
2026-04-14T01:43:04Z,12.08,Fitbit App
2026-04-14T01:44:04Z,4.70,Fitbit App
2026-04-14T01:45:04Z,10.74,Fitbit App
2026-04-14T01:46:04Z,9.39,Fitbit App
2026-04-14T01:47:04Z,9.39,Fitbit App
2026-04-14T01:48:04Z,24.16,Fitbit App
2026-04-14T01:49:04Z,32.21,Fitbit App
2026-04-14T01:50:04Z,3.36,Fitbit App
2026-04-14T01:51:04Z,22.14,Fitbit App
2026-04-14T01:52:04Z,67.55,Fitbit App
2026-04-14T01:53:04Z,31.54,Fitbit App
2026-04-14T01:54:04Z,35.56,Fitbit App
2026-04-14T01:55:04Z,18.12,Fitbit App
2026-04-14T01:56:04Z,6.71,Fitbit App
2026-04-14T01:57:04Z,67.55,Fitbit App
2026-04-14T01:58:04Z,17.45,Fitbit App
2026-04-14T01:59:04Z,36.23,Fitbit App
2026-04-14T02:00:04Z,34.22,Fitbit App
2026-04-14T02:01:04Z,30.87,Fitbit App
2026-04-14T02:02:04Z,24.16,Fitbit App
2026-04-14T02:03:04Z,62.35,Fitbit App
2026-04-14T02:04:04Z,44.29,Fitbit App
2026-04-14T02:05:04Z,35.56,Fitbit App
2026-04-14T02:06:04Z,20.13,Fitbit App
2026-04-14T02:07:04Z,75.34,Fitbit App
2026-04-14T02:08:04Z,80.54,Fitbit App
2026-04-14T02:09:04Z,9.39,Fitbit App
2026-04-14T02:10:04Z,12.08,Fitbit App
2026-04-14T02:11:04Z,22.14,Fitbit App
2026-04-14T02:12:04Z,12.75,Fitbit App
2026-04-14T02:13:04Z,61.49,Fitbit App
2026-04-14T02:14:04Z,4.03,Fitbit App
2026-04-14T02:15:04Z,8.05,Fitbit App
2026-04-14T02:16:04Z,31.54,Fitbit App
2026-04-14T02:17:04Z,41.60,Fitbit App
2026-04-14T02:18:04Z,34.22,Fitbit App
2026-04-14T02:19:04Z,26.84,Fitbit App
2026-04-14T02:20:04Z,28.85,Fitbit App
2026-04-14T02:21:04Z,4.03,Fitbit App
2026-04-14T02:26:04Z,1.34,Fitbit App
2026-04-14T02:27:04Z,16.78,Fitbit App
2026-04-14T02:28:04Z,9.39,Fitbit App
2026-04-14T02:29:04Z,24.83,Fitbit App
2026-04-14T02:30:04Z,16.10,Fitbit App
2026-04-14T02:51:04Z,8.72,Fitbit App
2026-04-14T02:52:04Z,19.46,Fitbit App
2026-04-14T02:53:04Z,14.09,Fitbit App
2026-04-14T02:55:04Z,2.68,Fitbit App
2026-04-14T02:56:04Z,8.72,Fitbit App
2026-04-14T02:57:04Z,36.23,Fitbit App
2026-04-14T02:58:04Z,13.42,Fitbit App
2026-04-14T02:59:04Z,2.01,Fitbit App
2026-04-14T03:05:04Z,7.38,Fitbit App
2026-04-14T03:06:04Z,14.76,Fitbit App
2026-04-14T03:07:04Z,31.54,Fitbit App
2026-04-14T03:10:04Z,5.37,Fitbit App
2026-04-14T03:11:04Z,61.49,Fitbit App
2026-04-14T03:12:04Z,26.84,Fitbit App
2026-04-14T03:13:04Z,64.95,Fitbit App
2026-04-14T03:14:04Z,81.40,Fitbit App
2026-04-14T03:15:04Z,11.41,Fitbit App
2026-04-14T03:16:04Z,12.08,Fitbit App
2026-04-14T03:17:04Z,28.85,Fitbit App
2026-04-14T03:18:04Z,42.94,Fitbit App
2026-04-14T03:19:04Z,34.22,Fitbit App
2026-04-14T03:20:04Z,26.17,Fitbit App
2026-04-14T03:21:04Z,27.51,Fitbit App
2026-04-14T03:22:04Z,13.42,Fitbit App
2026-04-14T03:23:04Z,16.10,Fitbit App
2026-04-14T03:24:04Z,7.38,Fitbit App
2026-04-14T03:25:04Z,27.51,Fitbit App
2026-04-14T03:29:04Z,6.04,Fitbit App
2026-04-14T03:30:04Z,12.75,Fitbit App
2026-04-14T03:31:04Z,4.70,Fitbit App
2026-04-14T03:36:04Z,5.37,Fitbit App
2026-04-14T03:38:04Z,6.71,Fitbit App
2026-04-14T03:39:04Z,6.04,Fitbit App
2026-04-14T03:42:04Z,8.05,Fitbit App
2026-04-14T03:43:04Z,8.05,Fitbit App
2026-04-14T03:45:04Z,2.01,Fitbit App
2026-04-14T03:46:04Z,6.04,Fitbit App
2026-04-14T03:47:04Z,2.01,Fitbit App
2026-04-14T03:48:04Z,22.81,Fitbit App
2026-04-14T03:49:04Z,25.50,Fitbit App
2026-04-14T03:50:04Z,29.52,Fitbit App
2026-04-14T03:51:04Z,20.13,Fitbit App
2026-04-14T03:56:04Z,6.71,Fitbit App
2026-04-14T03:57:04Z,6.71,Fitbit App
2026-04-14T04:01:04Z,3.36,Fitbit App
2026-04-14T04:02:04Z,30.87,Fitbit App
2026-04-14T04:04:04Z,2.68,Fitbit App
2026-04-14T04:05:04Z,22.14,Fitbit App
2026-04-14T04:06:04Z,34.89,Fitbit App
2026-04-14T04:07:04Z,26.84,Fitbit App
2026-04-14T04:08:04Z,33.55,Fitbit App
2026-04-14T04:09:04Z,10.07,Fitbit App
2026-04-14T04:10:04Z,22.14,Fitbit App
2026-04-14T04:11:04Z,12.75,Fitbit App
2026-04-14T04:12:04Z,2.68,Fitbit App
2026-04-14T04:19:04Z,4.03,Fitbit App
2026-04-14T04:20:04Z,60.62,Fitbit App
2026-04-14T04:21:04Z,34.22,Fitbit App
2026-04-14T04:22:04Z,37.58,Fitbit App
2026-04-14T04:23:04Z,2.01,Fitbit App
2026-04-14T04:32:04Z,11.41,Fitbit App
2026-04-14T04:33:04Z,16.78,Fitbit App
2026-04-14T04:35:04Z,7.38,Fitbit App
2026-04-14T04:36:04Z,20.13,Fitbit App
2026-04-14T04:37:04Z,5.37,Fitbit App
2026-04-14T04:38:04Z,11.41,Fitbit App
2026-04-14T04:39:04Z,23.49,Fitbit App
2026-04-14T04:40:04Z,0.67,Fitbit App
2026-04-14T04:41:04Z,14.76,Fitbit App
2026-04-14T04:42:04Z,14.76,Fitbit App
2026-04-14T04:43:04Z,15.43,Fitbit App
2026-04-14T04:47:04Z,2.68,Fitbit App
2026-04-14T04:48:04Z,18.12,Fitbit App
2026-04-14T04:49:04Z,32.88,Fitbit App
2026-04-14T04:50:04Z,32.21,Fitbit App
2026-04-14T04:51:04Z,7.38,Fitbit App
2026-04-14T04:52:04Z,16.10,Fitbit App
2026-04-14T04:53:04Z,8.05,Fitbit App
2026-04-14T04:54:04Z,34.89,Fitbit App
2026-04-14T04:55:04Z,82.27,Fitbit App
2026-04-14T04:56:04Z,112.58,Fitbit App
2026-04-14T04:57:04Z,105.65,Fitbit App
2026-04-14T04:58:04Z,106.52,Fitbit App
2026-04-14T04:59:04Z,18.79,Fitbit App
2026-04-14T05:03:04Z,3.36,Fitbit App
2026-04-14T05:04:04Z,0.67,Fitbit App
2026-04-14T05:06:04Z,0.67,Fitbit App
2026-04-14T05:07:04Z,4.70,Fitbit App
2026-04-14T05:31:04Z,9.39,Fitbit App
2026-04-14T05:32:04Z,93.53,Fitbit App
2026-04-14T05:33:04Z,93.53,Fitbit App
2026-04-14T05:34:04Z,22.14,Fitbit App
2026-04-14T08:16:04Z,3.36,Fitbit App
2026-04-14T08:17:04Z,4.70,Fitbit App
2026-04-14T08:33:04Z,4.70,Fitbit App
2026-04-14T08:34:04Z,12.08,Fitbit App
2026-04-14T10:49:04Z,2.68,Fitbit App
2026-04-14T10:50:04Z,9.39,Fitbit App
2026-04-14T10:51:04Z,6.71,Fitbit App
2026-04-14T11:10:04Z,3.36,Fitbit App
2026-04-14T11:11:04Z,6.71,Fitbit App
2026-04-14T11:25:04Z,0.67,Fitbit App
2026-04-14T11:26:04Z,6.04,Fitbit App
2026-04-14T12:06:04Z,0.67,Fitbit App
2026-04-14T12:07:04Z,10.07,Fitbit App
2026-04-14T19:51:04Z,0.67,Fitbit App
2026-04-14T19:52:04Z,7.38,Fitbit App
2026-04-14T19:55:04Z,3.36,Fitbit App
2026-04-14T19:56:04Z,7.38,Fitbit App
2026-04-14T20:01:04Z,2.01,Fitbit App
2026-04-14T20:02:04Z,10.74,Fitbit App
2026-04-14T20:03:04Z,20.80,Fitbit App
2026-04-14T20:04:04Z,25.50,Fitbit App
2026-04-14T20:05:04Z,38.25,Fitbit App
2026-04-14T20:06:04Z,115.18,Fitbit App
2026-04-14T20:07:04Z,61.49,Fitbit App
2026-04-14T20:13:04Z,0.67,Fitbit App
2026-04-14T20:14:04Z,9.39,Fitbit App
2026-04-14T20:15:04Z,3.36,Fitbit App
2026-04-14T20:21:04Z,6.71,Fitbit App
2026-04-14T20:22:04Z,2.01,Fitbit App
2026-04-14T20:37:04Z,4.03,Fitbit App
2026-04-14T20:38:04Z,38.92,Fitbit App
2026-04-14T20:39:04Z,104.79,Fitbit App
2026-04-14T20:40:04Z,103.92,Fitbit App
2026-04-14T20:41:04Z,102.19,Fitbit App
2026-04-14T20:42:04Z,17.45,Fitbit App
2026-04-14T20:43:04Z,19.46,Fitbit App
2026-04-14T20:44:04Z,71.88,Fitbit App
2026-04-14T20:45:04Z,14.09,Fitbit App
2026-04-14T20:46:04Z,8.72,Fitbit App
2026-04-14T20:48:04Z,2.01,Fitbit App
2026-04-14T20:49:04Z,13.42,Fitbit App
2026-04-14T20:50:04Z,26.17,Fitbit App
2026-04-14T20:51:04Z,3.36,Fitbit App
2026-04-14T20:52:04Z,4.03,Fitbit App
2026-04-14T20:53:04Z,13.42,Fitbit App
2026-04-14T20:54:04Z,18.12,Fitbit App
2026-04-14T20:55:04Z,13.42,Fitbit App
2026-04-14T20:59:04Z,10.74,Fitbit App
2026-04-14T21:00:04Z,39.59,Fitbit App
2026-04-14T21:01:04Z,3.36,Fitbit App
2026-04-14T21:02:04Z,9.39,Fitbit App
2026-04-14T21:03:04Z,61.49,Fitbit App
2026-04-14T21:04:04Z,31.54,Fitbit App
2026-04-14T21:05:04Z,3.36,Fitbit App
2026-04-14T21:06:04Z,6.04,Fitbit App
2026-04-14T21:07:04Z,33.55,Fitbit App
2026-04-14T21:08:04Z,26.17,Fitbit App
2026-04-14T21:09:04Z,14.09,Fitbit App
2026-04-14T21:10:04Z,40.93,Fitbit App
2026-04-14T21:11:04Z,2.01,Fitbit App
2026-04-14T21:12:04Z,14.76,Fitbit App
2026-04-14T21:13:04Z,13.42,Fitbit App
2026-04-14T21:16:04Z,6.04,Fitbit App
2026-04-14T21:17:04Z,2.68,Fitbit App
2026-04-14T21:18:04Z,14.09,Fitbit App
2026-04-14T21:19:04Z,4.70,Fitbit App
2026-04-14T21:20:04Z,20.13,Fitbit App
2026-04-14T21:21:04Z,33.55,Fitbit App
2026-04-14T21:22:04Z,5.37,Fitbit App
2026-04-14T21:23:04Z,11.41,Fitbit App
2026-04-14T21:24:04Z,26.17,Fitbit App
2026-04-14T21:25:04Z,13.42,Fitbit App
2026-04-14T21:26:04Z,5.37,Fitbit App
2026-04-14T21:27:04Z,34.89,Fitbit App
2026-04-14T21:28:04Z,2.01,Fitbit App
2026-04-14T21:32:04Z,1.34,Fitbit App
2026-04-14T21:33:04Z,19.46,Fitbit App
2026-04-14T21:34:04Z,88.33,Fitbit App
2026-04-14T21:35:04Z,30.20,Fitbit App
2026-04-14T21:36:04Z,9.39,Fitbit App
2026-04-14T21:37:04Z,65.82,Fitbit App
2026-04-14T21:38:04Z,6.04,Fitbit App
2026-04-14T21:39:04Z,3.36,Fitbit App
2026-04-14T21:40:04Z,6.71,Fitbit App
2026-04-14T21:41:04Z,8.72,Fitbit App
2026-04-14T21:42:04Z,24.83,Fitbit App
2026-04-14T21:43:04Z,22.14,Fitbit App
2026-04-14T21:44:04Z,73.61,Fitbit App
2026-04-14T21:45:04Z,9.39,Fitbit App
2026-04-14T21:46:04Z,38.25,Fitbit App
2026-04-14T21:47:04Z,16.10,Fitbit App
2026-04-14T21:48:04Z,13.42,Fitbit App
2026-04-14T21:49:04Z,21.47,Fitbit App
2026-04-14T21:50:04Z,18.79,Fitbit App
2026-04-14T21:52:04Z,1.34,Fitbit App
2026-04-14T21:53:04Z,12.08,Fitbit App
2026-04-14T21:54:04Z,17.45,Fitbit App
2026-04-14T21:55:04Z,26.84,Fitbit App
2026-04-14T21:56:04Z,14.09,Fitbit App
2026-04-14T21:57:04Z,26.84,Fitbit App
2026-04-14T21:58:04Z,33.55,Fitbit App
2026-04-14T21:59:04Z,20.80,Fitbit App
2026-04-14T22:00:04Z,18.79,Fitbit App
2026-04-14T22:01:04Z,12.75,Fitbit App
2026-04-14T22:02:04Z,15.43,Fitbit App
2026-04-14T22:03:04Z,13.42,Fitbit App
2026-04-14T22:04:04Z,18.12,Fitbit App
2026-04-14T22:05:04Z,45.63,Fitbit App
2026-04-14T22:06:04Z,24.16,Fitbit App
2026-04-14T22:07:04Z,14.09,Fitbit App
2026-04-14T22:08:04Z,17.45,Fitbit App
2026-04-14T22:09:04Z,25.50,Fitbit App
2026-04-14T22:10:04Z,34.22,Fitbit App
2026-04-14T22:11:04Z,29.52,Fitbit App
2026-04-14T22:12:04Z,31.54,Fitbit App
2026-04-14T22:13:04Z,79.67,Fitbit App
2026-04-14T22:14:04Z,21.47,Fitbit App
2026-04-14T22:15:04Z,20.13,Fitbit App
2026-04-14T22:16:04Z,3.36,Fitbit App
2026-04-14T22:17:04Z,10.07,Fitbit App
2026-04-14T22:18:04Z,7.38,Fitbit App
2026-04-14T22:19:04Z,12.08,Fitbit App
2026-04-14T22:20:04Z,28.85,Fitbit App
2026-04-14T22:21:04Z,30.20,Fitbit App
2026-04-14T22:22:04Z,23.49,Fitbit App
2026-04-14T22:27:04Z,6.71,Fitbit App
2026-04-14T22:28:04Z,40.26,Fitbit App
2026-04-14T22:29:04Z,36.23,Fitbit App
2026-04-14T22:30:04Z,0.67,Fitbit App
2026-04-14T22:31:04Z,12.75,Fitbit App
2026-04-14T22:32:04Z,14.76,Fitbit App
2026-04-14T22:33:04Z,74.48,Fitbit App
2026-04-14T22:34:04Z,26.84,Fitbit App
2026-04-14T22:35:04Z,36.91,Fitbit App
2026-04-14T22:36:04Z,43.62,Fitbit App
2026-04-14T22:37:04Z,17.45,Fitbit App
2026-04-14T22:40:04Z,4.70,Fitbit App
2026-04-14T22:41:04Z,23.49,Fitbit App
2026-04-14T22:42:04Z,40.93,Fitbit App
2026-04-14T22:43:04Z,1.34,Fitbit App
2026-04-14T22:44:04Z,8.72,Fitbit App
2026-04-14T22:45:04Z,12.75,Fitbit App
2026-04-14T22:46:04Z,8.05,Fitbit App
2026-04-14T22:47:04Z,77.94,Fitbit App
2026-04-14T22:48:04Z,17.45,Fitbit App
2026-04-14T22:49:04Z,3.36,Fitbit App
2026-04-14T22:50:04Z,6.04,Fitbit App
2026-04-14T22:51:04Z,10.74,Fitbit App
2026-04-14T22:53:04Z,3.36,Fitbit App
2026-04-14T22:54:04Z,32.88,Fitbit App
2026-04-14T22:55:04Z,8.72,Fitbit App
2026-04-14T22:56:04Z,40.26,Fitbit App
2026-04-14T22:57:04Z,11.41,Fitbit App
2026-04-14T22:58:04Z,8.05,Fitbit App
2026-04-14T22:59:04Z,7.38,Fitbit App
2026-04-14T23:00:04Z,70.15,Fitbit App
2026-04-14T23:01:04Z,15.43,Fitbit App
2026-04-14T23:05:04Z,6.71,Fitbit App
2026-04-14T23:07:04Z,3.36,Fitbit App
2026-04-14T23:08:04Z,38.25,Fitbit App
2026-04-14T23:09:04Z,40.26,Fitbit App
2026-04-14T23:10:04Z,22.81,Fitbit App
2026-04-14T23:12:04Z,2.68,Fitbit App
2026-04-14T23:13:04Z,14.76,Fitbit App
2026-04-14T23:14:04Z,5.37,Fitbit App
2026-04-14T23:20:04Z,4.70,Fitbit App
2026-04-14T23:21:04Z,17.45,Fitbit App
2026-04-14T23:22:04Z,16.10,Fitbit App
2026-04-14T23:23:04Z,8.05,Fitbit App
2026-04-14T23:24:04Z,18.79,Fitbit App
2026-04-14T23:26:04Z,2.68,Fitbit App
2026-04-14T23:27:04Z,22.81,Fitbit App
2026-04-14T23:28:04Z,30.20,Fitbit App
2026-04-14T23:29:04Z,13.42,Fitbit App
2026-04-14T23:30:04Z,37.58,Fitbit App
2026-04-14T23:31:04Z,27.51,Fitbit App
2026-04-14T23:32:04Z,10.74,Fitbit App
2026-04-14T23:33:04Z,16.10,Fitbit App
2026-04-14T23:34:04Z,16.10,Fitbit App
2026-04-14T23:58:04Z,10.07,Fitbit App
2026-04-14T23:59:04Z,14.76,Fitbit App
2026-04-15T00:02:04Z,3.36,Fitbit App
2026-04-15T00:03:04Z,20.13,Fitbit App
2026-04-15T00:04:04Z,42.94,Fitbit App
2026-04-15T00:05:04Z,84.00,Fitbit App
2026-04-15T00:06:04Z,16.78,Fitbit App
2026-04-15T00:07:04Z,25.50,Fitbit App
2026-04-15T00:08:04Z,86.60,Fitbit App
2026-04-15T00:09:04Z,70.15,Fitbit App
2026-04-15T00:10:04Z,24.83,Fitbit App
2026-04-15T00:11:04Z,8.72,Fitbit App
2026-04-15T00:12:04Z,4.03,Fitbit App
2026-04-15T00:13:04Z,8.05,Fitbit App
2026-04-15T00:17:04Z,12.08,Fitbit App
2026-04-15T00:18:04Z,16.10,Fitbit App
2026-04-15T00:22:04Z,3.36,Fitbit App
2026-04-15T00:23:04Z,12.75,Fitbit App
2026-04-15T00:24:04Z,2.68,Fitbit App
2026-04-15T00:25:04Z,0.67,Fitbit App
2026-04-15T00:26:04Z,8.72,Fitbit App
2026-04-15T00:27:04Z,5.37,Fitbit App
2026-04-15T00:28:04Z,23.49,Fitbit App
2026-04-15T00:29:04Z,81.40,Fitbit App
2026-04-15T00:30:04Z,34.89,Fitbit App
2026-04-15T00:31:04Z,77.07,Fitbit App
2026-04-15T00:32:04Z,15.43,Fitbit App
2026-04-15T00:33:04Z,60.62,Fitbit App
2026-04-15T00:34:04Z,24.16,Fitbit App
2026-04-15T00:35:04Z,14.09,Fitbit App
2026-04-15T00:36:04Z,24.16,Fitbit App
2026-04-15T00:41:04Z,1.34,Fitbit App
2026-04-15T00:42:04Z,5.37,Fitbit App
2026-04-15T00:49:04Z,2.68,Fitbit App
2026-04-15T00:50:04Z,32.21,Fitbit App
2026-04-15T00:51:04Z,32.21,Fitbit App
2026-04-15T00:52:04Z,30.20,Fitbit App
2026-04-15T00:53:04Z,15.43,Fitbit App
2026-04-15T00:54:04Z,22.14,Fitbit App
2026-04-15T00:55:04Z,21.47,Fitbit App
2026-04-15T00:56:04Z,2.01,Fitbit App
2026-04-15T01:04:04Z,10.74,Fitbit App
2026-04-15T01:05:04Z,6.71,Fitbit App
2026-04-15T01:08:04Z,6.71,Fitbit App
2026-04-15T01:09:04Z,11.41,Fitbit App
2026-04-15T01:10:04Z,8.05,Fitbit App
2026-04-15T01:11:04Z,20.80,Fitbit App
2026-04-15T01:15:04Z,6.71,Fitbit App
2026-04-15T01:16:04Z,24.83,Fitbit App
2026-04-15T01:17:04Z,12.08,Fitbit App
2026-04-15T01:18:04Z,26.84,Fitbit App
2026-04-15T01:23:04Z,4.03,Fitbit App
2026-04-15T01:24:04Z,32.88,Fitbit App
2026-04-15T01:25:04Z,71.01,Fitbit App
2026-04-15T01:26:04Z,25.50,Fitbit App
2026-04-15T01:27:04Z,20.80,Fitbit App
2026-04-15T01:28:04Z,10.74,Fitbit App
2026-04-15T01:29:04Z,29.52,Fitbit App
2026-04-15T01:30:04Z,40.93,Fitbit App
2026-04-15T01:31:04Z,19.46,Fitbit App
2026-04-15T01:32:04Z,24.16,Fitbit App
2026-04-15T01:33:04Z,17.45,Fitbit App
2026-04-15T01:34:04Z,34.89,Fitbit App
2026-04-15T01:35:04Z,15.43,Fitbit App
2026-04-15T01:36:04Z,10.07,Fitbit App
2026-04-15T01:37:04Z,13.42,Fitbit App
2026-04-15T01:38:04Z,9.39,Fitbit App
2026-04-15T01:39:04Z,4.03,Fitbit App
2026-04-15T01:40:04Z,5.37,Fitbit App
2026-04-15T01:41:04Z,10.74,Fitbit App
2026-04-15T01:42:04Z,8.05,Fitbit App
2026-04-15T01:43:04Z,22.14,Fitbit App
2026-04-15T01:44:04Z,8.05,Fitbit App
2026-04-15T01:45:04Z,61.49,Fitbit App
2026-04-15T01:46:04Z,5.37,Fitbit App
2026-04-15T01:47:04Z,14.09,Fitbit App
2026-04-15T01:48:04Z,28.18,Fitbit App
2026-04-15T01:49:04Z,2.01,Fitbit App
2026-04-15T01:50:04Z,12.75,Fitbit App
2026-04-15T01:51:04Z,59.75,Fitbit App
2026-04-15T01:52:04Z,23.49,Fitbit App
2026-04-15T01:53:04Z,11.41,Fitbit App
2026-04-15T01:54:04Z,11.41,Fitbit App
2026-04-15T01:55:04Z,27.51,Fitbit App
2026-04-15T01:56:04Z,10.74,Fitbit App
2026-04-15T01:57:04Z,2.01,Fitbit App
2026-04-15T01:58:04Z,9.39,Fitbit App
2026-04-15T01:59:04Z,36.91,Fitbit App
2026-04-15T02:00:04Z,13.42,Fitbit App
2026-04-15T02:01:04Z,4.70,Fitbit App
2026-04-15T02:02:04Z,20.13,Fitbit App
2026-04-15T02:03:04Z,14.76,Fitbit App
2026-04-15T02:04:04Z,12.08,Fitbit App
2026-04-15T02:05:04Z,30.87,Fitbit App
2026-04-15T02:06:04Z,14.76,Fitbit App
2026-04-15T02:07:04Z,35.56,Fitbit App
2026-04-15T02:08:04Z,24.83,Fitbit App
2026-04-15T02:09:04Z,41.60,Fitbit App
2026-04-15T02:10:04Z,81.40,Fitbit App
2026-04-15T02:11:04Z,76.21,Fitbit App
2026-04-15T02:12:04Z,18.79,Fitbit App
2026-04-15T02:13:04Z,9.39,Fitbit App
2026-04-15T02:14:04Z,19.46,Fitbit App
2026-04-15T02:15:04Z,21.47,Fitbit App
2026-04-15T02:16:04Z,4.70,Fitbit App
2026-04-15T02:17:04Z,2.68,Fitbit App
2026-04-15T02:18:04Z,15.43,Fitbit App
2026-04-15T02:19:04Z,22.81,Fitbit App
2026-04-15T02:20:04Z,24.83,Fitbit App
2026-04-15T02:21:04Z,24.83,Fitbit App
2026-04-15T02:22:04Z,30.87,Fitbit App
2026-04-15T02:23:04Z,18.79,Fitbit App
2026-04-15T02:24:04Z,8.05,Fitbit App
2026-04-15T02:25:04Z,9.39,Fitbit App
2026-04-15T02:26:04Z,17.45,Fitbit App
2026-04-15T02:27:04Z,11.41,Fitbit App
2026-04-15T02:28:04Z,25.50,Fitbit App
2026-04-15T02:29:04Z,6.04,Fitbit App
2026-04-15T02:30:04Z,42.94,Fitbit App
2026-04-15T02:54:04Z,2.68,Fitbit App
2026-04-15T02:55:04Z,20.80,Fitbit App
2026-04-15T02:56:04Z,16.10,Fitbit App
2026-04-15T02:57:04Z,33.55,Fitbit App
2026-04-15T02:58:04Z,20.80,Fitbit App
2026-04-15T02:59:04Z,17.45,Fitbit App
2026-04-15T03:00:04Z,2.01,Fitbit App
2026-04-15T03:03:04Z,3.36,Fitbit App
2026-04-15T03:04:04Z,7.38,Fitbit App
2026-04-15T03:05:04Z,10.74,Fitbit App
2026-04-15T03:06:04Z,6.04,Fitbit App
2026-04-15T03:07:04Z,38.25,Fitbit App
2026-04-15T03:08:04Z,22.14,Fitbit App
2026-04-15T03:09:04Z,22.14,Fitbit App
2026-04-15T03:10:04Z,39.59,Fitbit App
2026-04-15T03:11:04Z,12.75,Fitbit App
2026-04-15T03:12:04Z,13.42,Fitbit App
2026-04-15T03:13:04Z,10.07,Fitbit App
2026-04-15T03:14:04Z,8.72,Fitbit App
2026-04-15T03:15:04Z,14.76,Fitbit App
2026-04-15T03:16:04Z,63.22,Fitbit App
2026-04-15T03:17:04Z,18.79,Fitbit App
2026-04-15T03:18:04Z,22.81,Fitbit App
2026-04-15T03:19:04Z,23.49,Fitbit App
2026-04-15T03:20:04Z,6.71,Fitbit App
2026-04-15T03:23:04Z,7.38,Fitbit App
2026-04-15T03:24:04Z,25.50,Fitbit App
2026-04-15T03:25:04Z,8.72,Fitbit App
2026-04-15T03:39:04Z,1.34,Fitbit App
2026-04-15T03:40:04Z,13.42,Fitbit App
2026-04-15T03:41:04Z,8.72,Fitbit App
2026-04-15T03:42:04Z,9.39,Fitbit App
2026-04-15T03:44:04Z,2.01,Fitbit App
2026-04-15T03:45:04Z,3.36,Fitbit App
2026-04-15T03:49:04Z,2.01,Fitbit App
2026-04-15T03:50:04Z,2.68,Fitbit App
2026-04-15T03:59:04Z,3.36,Fitbit App
2026-04-15T04:00:04Z,5.37,Fitbit App
2026-04-15T04:05:04Z,2.01,Fitbit App
2026-04-15T04:06:04Z,26.84,Fitbit App
2026-04-15T04:07:04Z,8.05,Fitbit App
2026-04-15T04:08:04Z,33.55,Fitbit App
2026-04-15T04:09:04Z,32.88,Fitbit App
2026-04-15T04:10:04Z,8.72,Fitbit App
2026-04-15T04:17:04Z,2.01,Fitbit App
2026-04-15T04:18:04Z,15.43,Fitbit App
2026-04-15T04:19:04Z,7.38,Fitbit App
2026-04-15T04:20:04Z,15.43,Fitbit App
2026-04-15T04:21:04Z,26.17,Fitbit App
2026-04-15T04:22:04Z,5.37,Fitbit App
2026-04-15T04:26:04Z,2.68,Fitbit App
2026-04-15T04:27:04Z,14.76,Fitbit App
2026-04-15T04:28:04Z,38.25,Fitbit App
2026-04-15T04:29:04Z,12.75,Fitbit App
2026-04-15T04:31:04Z,7.38,Fitbit App
2026-04-15T04:32:04Z,2.68,Fitbit App
2026-04-15T04:33:04Z,11.41,Fitbit App
2026-04-15T04:34:04Z,12.08,Fitbit App
2026-04-15T04:37:04Z,6.71,Fitbit App
2026-04-15T04:38:04Z,17.45,Fitbit App
2026-04-15T04:41:04Z,4.70,Fitbit App
2026-04-15T04:42:04Z,15.43,Fitbit App
2026-04-15T04:43:04Z,8.05,Fitbit App
2026-04-15T04:44:04Z,44.29,Fitbit App
2026-04-15T04:45:04Z,18.79,Fitbit App
2026-04-15T04:46:04Z,8.05,Fitbit App
2026-04-15T04:47:04Z,35.56,Fitbit App
2026-04-15T04:48:04Z,88.33,Fitbit App
2026-04-15T04:49:04Z,28.18,Fitbit App
2026-04-15T04:50:04Z,72.74,Fitbit App
2026-04-15T04:51:04Z,63.22,Fitbit App
2026-04-15T04:52:04Z,3.36,Fitbit App
2026-04-15T04:58:04Z,2.68,Fitbit App
2026-04-15T04:59:04Z,12.75,Fitbit App
2026-04-15T05:00:04Z,33.55,Fitbit App
2026-04-15T05:01:04Z,40.26,Fitbit App
2026-04-15T05:02:04Z,12.75,Fitbit App
2026-04-15T05:03:04Z,9.39,Fitbit App
2026-04-15T05:04:04Z,19.46,Fitbit App
2026-04-15T05:05:04Z,40.26,Fitbit App
2026-04-15T05:06:04Z,105.65,Fitbit App
2026-04-15T05:07:04Z,109.98,Fitbit App
2026-04-15T05:08:04Z,107.38,Fitbit App
2026-04-15T05:09:04Z,98.72,Fitbit App
2026-04-15T05:10:04Z,14.76,Fitbit App
2026-04-15T05:22:04Z,0.67,Fitbit App
2026-04-15T05:23:04Z,13.42,Fitbit App
2026-04-15T05:24:04Z,11.41,Fitbit App
2026-04-15T05:42:04Z,6.71,Fitbit App
2026-04-15T05:43:04Z,68.41,Fitbit App
2026-04-15T05:44:04Z,101.32,Fitbit App
2026-04-15T05:45:04Z,24.16,Fitbit App
2026-04-15T05:46:04Z,22.14,Fitbit App
2026-04-15T05:51:04Z,2.01,Fitbit App
2026-04-15T05:52:04Z,3.36,Fitbit App
2026-04-15T05:53:04Z,4.03,Fitbit App
2026-04-15T05:59:04Z,4.03,Fitbit App
2026-04-15T06:00:04Z,18.12,Fitbit App
2026-04-15T06:01:04Z,21.47,Fitbit App
2026-04-15T06:02:04Z,8.05,Fitbit App
2026-04-15T06:03:04Z,17.45,Fitbit App
2026-04-15T06:04:04Z,2.68,Fitbit App
2026-04-15T06:32:04Z,4.70,Fitbit App
2026-04-15T06:33:04Z,4.70,Fitbit App
2026-04-15T09:20:04Z,2.68,Fitbit App
2026-04-15T09:21:04Z,2.01,Fitbit App
2026-04-15T12:11:04Z,5.37,Fitbit App
2026-04-15T12:12:04Z,5.37,Fitbit App
2026-04-15T12:41:04Z,2.68,Fitbit App
2026-04-15T12:42:04Z,5.37,Fitbit App
2026-04-15T12:43:04Z,10.07,Fitbit App
2026-04-15T12:50:04Z,2.68,Fitbit App
2026-04-15T12:51:04Z,25.50,Fitbit App
2026-04-15T13:26:04Z,3.36,Fitbit App
2026-04-15T13:27:04Z,4.03,Fitbit App
2026-04-15T13:28:04Z,5.37,Fitbit App
2026-04-15T20:00:04Z,0.67,Fitbit App
2026-04-15T20:01:04Z,6.04,Fitbit App
2026-04-15T20:02:04Z,10.74,Fitbit App
2026-04-15T20:03:04Z,8.05,Fitbit App
2026-04-15T20:04:04Z,71.01,Fitbit App
2026-04-15T20:05:04Z,109.98,Fitbit App
2026-04-15T20:06:04Z,28.85,Fitbit App
2026-04-15T20:13:04Z,0.67,Fitbit App
2026-04-15T20:14:04Z,12.08,Fitbit App
2026-04-15T20:20:04Z,2.68,Fitbit App
2026-04-15T20:21:04Z,12.08,Fitbit App
2026-04-15T20:35:04Z,1.34,Fitbit App
2026-04-15T20:36:04Z,18.79,Fitbit App
2026-04-15T20:37:04Z,107.38,Fitbit App
2026-04-15T20:38:04Z,105.65,Fitbit App
2026-04-15T20:39:04Z,103.92,Fitbit App
2026-04-15T20:40:04Z,24.83,Fitbit App
2026-04-15T20:41:04Z,5.37,Fitbit App
2026-04-15T20:42:04Z,42.94,Fitbit App
2026-04-15T20:43:04Z,64.08,Fitbit App
2026-04-15T20:44:04Z,9.39,Fitbit App
2026-04-15T20:45:04Z,3.36,Fitbit App
2026-04-15T20:46:04Z,32.21,Fitbit App
2026-04-15T20:47:04Z,61.49,Fitbit App
2026-04-15T20:48:04Z,88.33,Fitbit App
2026-04-15T20:49:04Z,80.54,Fitbit App
2026-04-15T20:50:04Z,63.22,Fitbit App
2026-04-15T20:51:04Z,35.56,Fitbit App
2026-04-15T20:52:04Z,11.41,Fitbit App
2026-04-15T20:54:04Z,6.71,Fitbit App
2026-04-15T20:55:04Z,18.79,Fitbit App
2026-04-15T20:57:04Z,4.70,Fitbit App
2026-04-15T20:58:04Z,27.51,Fitbit App
2026-04-15T20:59:04Z,14.09,Fitbit App
2026-04-15T21:00:04Z,4.70,Fitbit App
2026-04-15T21:03:04Z,4.03,Fitbit App
2026-04-15T21:04:04Z,12.08,Fitbit App
2026-04-15T21:05:04Z,16.78,Fitbit App
2026-04-15T21:06:04Z,6.04,Fitbit App
2026-04-15T21:11:04Z,6.04,Fitbit App
2026-04-15T21:12:04Z,20.13,Fitbit App
2026-04-15T21:13:04Z,3.36,Fitbit App
2026-04-15T21:18:04Z,0.67,Fitbit App
2026-04-15T21:19:04Z,12.75,Fitbit App
2026-04-15T21:20:04Z,44.96,Fitbit App
2026-04-15T21:21:04Z,14.76,Fitbit App
2026-04-15T21:22:04Z,10.07,Fitbit App
2026-04-15T21:23:04Z,31.54,Fitbit App
2026-04-15T21:24:04Z,6.71,Fitbit App
2026-04-15T21:25:04Z,36.23,Fitbit App
2026-04-15T21:26:04Z,8.05,Fitbit App
2026-04-15T21:27:04Z,14.09,Fitbit App
2026-04-15T21:31:04Z,4.70,Fitbit App
2026-04-15T21:32:04Z,27.51,Fitbit App
2026-04-15T21:33:04Z,62.35,Fitbit App
2026-04-15T21:34:04Z,75.34,Fitbit App
2026-04-15T21:35:04Z,13.42,Fitbit App
2026-04-15T21:36:04Z,4.70,Fitbit App
2026-04-15T21:37:04Z,10.07,Fitbit App
2026-04-15T21:38:04Z,3.36,Fitbit App
2026-04-15T21:39:04Z,3.36,Fitbit App
2026-04-15T21:40:04Z,6.04,Fitbit App
2026-04-15T21:41:04Z,31.54,Fitbit App
2026-04-15T21:42:04Z,0.67,Fitbit App
2026-04-15T21:43:04Z,4.70,Fitbit App
2026-04-15T21:44:04Z,35.56,Fitbit App
2026-04-15T21:45:04Z,36.23,Fitbit App
2026-04-15T21:46:04Z,6.71,Fitbit App
2026-04-15T21:47:04Z,12.08,Fitbit App
2026-04-15T21:48:04Z,20.13,Fitbit App
2026-04-15T21:49:04Z,78.81,Fitbit App
2026-04-15T21:50:04Z,10.07,Fitbit App
2026-04-15T21:51:04Z,9.39,Fitbit App
2026-04-15T21:52:04Z,22.81,Fitbit App
2026-04-15T21:53:04Z,65.82,Fitbit App
2026-04-15T21:54:04Z,6.71,Fitbit App
2026-04-15T21:55:04Z,12.75,Fitbit App
2026-04-15T21:56:04Z,18.79,Fitbit App
2026-04-15T21:57:04Z,15.43,Fitbit App
2026-04-15T21:58:04Z,4.03,Fitbit App
2026-04-15T21:59:04Z,22.14,Fitbit App
2026-04-15T22:00:04Z,13.42,Fitbit App
2026-04-15T22:01:04Z,3.36,Fitbit App
2026-04-15T22:02:04Z,9.39,Fitbit App
2026-04-15T22:04:04Z,2.68,Fitbit App
2026-04-15T22:05:04Z,11.41,Fitbit App
2026-04-15T22:07:04Z,11.41,Fitbit App
2026-04-15T22:08:04Z,35.56,Fitbit App
2026-04-15T22:09:04Z,12.08,Fitbit App
2026-04-15T22:11:04Z,4.03,Fitbit App
2026-04-15T22:12:04Z,13.42,Fitbit App
2026-04-15T22:13:04Z,31.54,Fitbit App
2026-04-15T22:14:04Z,11.41,Fitbit App
2026-04-15T22:17:04Z,10.74,Fitbit App
2026-04-15T22:18:04Z,72.74,Fitbit App
2026-04-15T22:19:04Z,64.08,Fitbit App
2026-04-15T22:20:04Z,98.72,Fitbit App
2026-04-15T22:21:04Z,104.79,Fitbit App
2026-04-15T22:22:04Z,32.88,Fitbit App
2026-04-15T22:23:04Z,4.70,Fitbit App
2026-04-15T22:26:04Z,5.37,Fitbit App
2026-04-15T22:27:04Z,2.68,Fitbit App
2026-04-15T22:28:04Z,2.68,Fitbit App
2026-04-15T22:30:04Z,4.70,Fitbit App
2026-04-15T22:31:04Z,61.49,Fitbit App
2026-04-15T22:32:04Z,29.52,Fitbit App
2026-04-15T22:33:04Z,76.21,Fitbit App
2026-04-15T22:34:04Z,40.93,Fitbit App
2026-04-15T22:35:04Z,21.47,Fitbit App
2026-04-15T22:36:04Z,33.55,Fitbit App
2026-04-15T22:37:04Z,16.78,Fitbit App
2026-04-15T22:38:04Z,5.37,Fitbit App
2026-04-15T22:39:04Z,12.08,Fitbit App
2026-04-15T22:40:04Z,36.91,Fitbit App
2026-04-15T22:41:04Z,71.01,Fitbit App
2026-04-15T22:42:04Z,16.78,Fitbit App
2026-04-15T22:43:04Z,40.93,Fitbit App
2026-04-15T22:44:04Z,23.49,Fitbit App
2026-04-15T22:45:04Z,7.38,Fitbit App
2026-04-15T22:46:04Z,13.42,Fitbit App
2026-04-15T22:47:04Z,18.79,Fitbit App
2026-04-15T22:48:04Z,24.83,Fitbit App
2026-04-15T22:49:04Z,20.13,Fitbit App
2026-04-15T22:50:04Z,25.50,Fitbit App
2026-04-15T22:51:04Z,18.12,Fitbit App
2026-04-15T22:53:04Z,2.01,Fitbit App
2026-04-15T22:54:04Z,16.78,Fitbit App
2026-04-15T22:55:04Z,12.75,Fitbit App
2026-04-15T22:56:04Z,8.05,Fitbit App
2026-04-15T22:57:04Z,4.70,Fitbit App
2026-04-15T22:58:04Z,9.39,Fitbit App
2026-04-15T22:59:04Z,8.72,Fitbit App
2026-04-15T23:00:04Z,14.76,Fitbit App
2026-04-15T23:01:04Z,36.91,Fitbit App
2026-04-15T23:02:04Z,41.60,Fitbit App
2026-04-15T23:03:04Z,0.67,Fitbit App
2026-04-15T23:04:04Z,8.05,Fitbit App
2026-04-15T23:05:04Z,9.39,Fitbit App
2026-04-15T23:06:04Z,6.04,Fitbit App
2026-04-15T23:07:04Z,15.43,Fitbit App
2026-04-15T23:08:04Z,28.18,Fitbit App
2026-04-15T23:09:04Z,12.08,Fitbit App
2026-04-15T23:10:04Z,17.45,Fitbit App
2026-04-15T23:11:04Z,22.81,Fitbit App
2026-04-15T23:12:04Z,14.76,Fitbit App
2026-04-15T23:13:04Z,12.08,Fitbit App
2026-04-15T23:14:04Z,20.13,Fitbit App
2026-04-15T23:15:04Z,2.68,Fitbit App
2026-04-15T23:16:04Z,6.71,Fitbit App
2026-04-15T23:17:04Z,16.10,Fitbit App
2026-04-15T23:18:04Z,14.09,Fitbit App
2026-04-15T23:20:04Z,3.36,Fitbit App
2026-04-15T23:21:04Z,13.42,Fitbit App
2026-04-15T23:22:04Z,22.81,Fitbit App
2026-04-15T23:24:04Z,4.03,Fitbit App
2026-04-15T23:25:04Z,30.20,Fitbit App
2026-04-15T23:26:04Z,7.38,Fitbit App
2026-04-15T23:27:04Z,22.81,Fitbit App
2026-04-15T23:28:04Z,29.52,Fitbit App
2026-04-15T23:29:04Z,78.81,Fitbit App
2026-04-15T23:30:04Z,14.76,Fitbit App
2026-04-15T23:31:04Z,73.61,Fitbit App
2026-04-15T23:32:04Z,30.20,Fitbit App
2026-04-15T23:33:04Z,4.03,Fitbit App
2026-04-15T23:34:04Z,2.68,Fitbit App
2026-04-15T23:35:04Z,18.12,Fitbit App
2026-04-15T23:38:04Z,7.38,Fitbit App
2026-04-15T23:39:04Z,25.50,Fitbit App
2026-04-15T23:40:04Z,6.04,Fitbit App
2026-04-15T23:41:04Z,8.72,Fitbit App
2026-04-15T23:42:04Z,14.76,Fitbit App
2026-04-15T23:43:04Z,31.54,Fitbit App
2026-04-15T23:44:04Z,4.03,Fitbit App
2026-04-15T23:45:04Z,17.45,Fitbit App
2026-04-15T23:47:04Z,12.75,Fitbit App
2026-04-15T23:48:04Z,14.09,Fitbit App
2026-04-15T23:49:04Z,8.72,Fitbit App
2026-04-15T23:50:04Z,34.89,Fitbit App
2026-04-15T23:53:04Z,10.07,Fitbit App
2026-04-15T23:54:04Z,36.91,Fitbit App
2026-04-15T23:55:04Z,1.34,Fitbit App
2026-04-15T23:56:04Z,6.71,Fitbit App
2026-04-15T23:57:04Z,3.36,Fitbit App
2026-04-15T23:58:04Z,11.41,Fitbit App
2026-04-16T00:00:04Z,2.68,Fitbit App
2026-04-16T00:01:04Z,2.01,Fitbit App
2026-04-16T00:10:04Z,4.70,Fitbit App
2026-04-16T00:11:04Z,12.08,Fitbit App
2026-04-16T00:12:04Z,12.08,Fitbit App
2026-04-16T00:15:04Z,8.05,Fitbit App
2026-04-16T00:16:04Z,3.36,Fitbit App
2026-04-16T00:17:04Z,10.74,Fitbit App
2026-04-16T00:18:04Z,12.75,Fitbit App
2026-04-16T00:19:04Z,22.81,Fitbit App
2026-04-16T00:20:04Z,13.42,Fitbit App
2026-04-16T00:21:04Z,8.72,Fitbit App
2026-04-16T00:22:04Z,1.34,Fitbit App
2026-04-16T00:23:04Z,14.76,Fitbit App
2026-04-16T00:24:04Z,9.39,Fitbit App
2026-04-16T00:30:04Z,4.70,Fitbit App
2026-04-16T00:31:04Z,17.45,Fitbit App
2026-04-16T00:32:04Z,14.76,Fitbit App
2026-04-16T00:33:04Z,38.92,Fitbit App
2026-04-16T00:34:04Z,10.74,Fitbit App
2026-04-16T00:35:04Z,4.70,Fitbit App
2026-04-16T00:36:04Z,23.49,Fitbit App
2026-04-16T00:39:04Z,0.67,Fitbit App
2026-04-16T00:40:04Z,4.03,Fitbit App
2026-04-16T00:41:04Z,0.67,Fitbit App
2026-04-16T00:42:04Z,8.72,Fitbit App
2026-04-16T00:48:04Z,4.70,Fitbit App
2026-04-16T00:49:04Z,18.79,Fitbit App
2026-04-16T00:50:04Z,6.71,Fitbit App
2026-04-16T00:59:04Z,8.05,Fitbit App
2026-04-16T01:00:04Z,23.49,Fitbit App
2026-04-16T01:02:04Z,5.37,Fitbit App
2026-04-16T01:03:04Z,19.46,Fitbit App
2026-04-16T01:04:04Z,8.72,Fitbit App
2026-04-16T01:05:04Z,9.39,Fitbit App
2026-04-16T01:08:04Z,5.37,Fitbit App
2026-04-16T01:09:04Z,35.56,Fitbit App
2026-04-16T01:13:04Z,6.71,Fitbit App
2026-04-16T01:14:04Z,9.39,Fitbit App
2026-04-16T01:15:04Z,8.05,Fitbit App
2026-04-16T01:16:04Z,17.45,Fitbit App
2026-04-16T01:17:04Z,42.94,Fitbit App
2026-04-16T01:18:04Z,16.78,Fitbit App
2026-04-16T01:19:04Z,12.75,Fitbit App
2026-04-16T01:20:04Z,14.76,Fitbit App
2026-04-16T01:21:04Z,11.41,Fitbit App
2026-04-16T01:22:04Z,14.76,Fitbit App
2026-04-16T01:23:04Z,5.37,Fitbit App
2026-04-16T01:24:04Z,16.78,Fitbit App
2026-04-16T01:25:04Z,10.74,Fitbit App
2026-04-16T01:26:04Z,10.07,Fitbit App
2026-04-16T01:27:04Z,8.05,Fitbit App
2026-04-16T01:28:04Z,0.67,Fitbit App
2026-04-16T01:29:04Z,8.72,Fitbit App
2026-04-16T01:30:04Z,11.41,Fitbit App
2026-04-16T01:31:04Z,14.09,Fitbit App
2026-04-16T01:32:04Z,30.20,Fitbit App
2026-04-16T01:33:04Z,43.62,Fitbit App
2026-04-16T01:34:04Z,18.79,Fitbit App
2026-04-16T01:37:04Z,1.34,Fitbit App
2026-04-16T01:38:04Z,16.78,Fitbit App
2026-04-16T01:39:04Z,11.41,Fitbit App
2026-04-16T01:43:04Z,4.70,Fitbit App
2026-04-16T01:44:04Z,19.46,Fitbit App
2026-04-16T01:45:04Z,21.47,Fitbit App
2026-04-16T01:46:04Z,10.07,Fitbit App
2026-04-16T01:47:04Z,8.05,Fitbit App
2026-04-16T01:48:04Z,34.89,Fitbit App
2026-04-16T01:49:04Z,20.80,Fitbit App
2026-04-16T01:50:04Z,6.04,Fitbit App
2026-04-16T01:51:04Z,13.42,Fitbit App
2026-04-16T01:52:04Z,34.22,Fitbit App
2026-04-16T01:53:04Z,9.39,Fitbit App
2026-04-16T01:54:04Z,21.47,Fitbit App
2026-04-16T01:55:04Z,18.12,Fitbit App
2026-04-16T01:56:04Z,11.41,Fitbit App
2026-04-16T01:57:04Z,63.22,Fitbit App
2026-04-16T01:58:04Z,28.85,Fitbit App
2026-04-16T01:59:04Z,24.83,Fitbit App
2026-04-16T02:00:04Z,32.21,Fitbit App
2026-04-16T02:01:04Z,22.81,Fitbit App
2026-04-16T02:02:04Z,4.70,Fitbit App
2026-04-16T02:03:04Z,10.74,Fitbit App
2026-04-16T02:04:04Z,3.36,Fitbit App
2026-04-16T02:05:04Z,10.07,Fitbit App
2026-04-16T02:06:04Z,8.05,Fitbit App
2026-04-16T02:07:04Z,14.09,Fitbit App
2026-04-16T02:08:04Z,6.71,Fitbit App
2026-04-16T02:09:04Z,9.39,Fitbit App
2026-04-16T02:10:04Z,6.04,Fitbit App
2026-04-16T02:11:04Z,30.20,Fitbit App
2026-04-16T02:12:04Z,28.85,Fitbit App
2026-04-16T02:13:04Z,26.84,Fitbit App
2026-04-16T02:14:04Z,30.20,Fitbit App
2026-04-16T02:15:04Z,21.47,Fitbit App
2026-04-16T02:16:04Z,42.27,Fitbit App
2026-04-16T02:17:04Z,42.94,Fitbit App
2026-04-16T02:18:04Z,95.26,Fitbit App
2026-04-16T02:19:04Z,35.56,Fitbit App
2026-04-16T02:20:04Z,20.13,Fitbit App
2026-04-16T02:21:04Z,26.84,Fitbit App
2026-04-16T02:25:04Z,3.36,Fitbit App
2026-04-16T02:26:04Z,24.83,Fitbit App
2026-04-16T02:27:04Z,25.50,Fitbit App
2026-04-16T02:28:04Z,19.46,Fitbit App
2026-04-16T02:29:04Z,32.88,Fitbit App
2026-04-16T02:30:04Z,36.91,Fitbit App
2026-04-16T02:31:04Z,6.04,Fitbit App
2026-04-16T02:32:04Z,32.88,Fitbit App
2026-04-16T02:33:04Z,18.12,Fitbit App
2026-04-16T02:35:04Z,2.01,Fitbit App
2026-04-16T02:36:04Z,17.45,Fitbit App
2026-04-16T02:37:04Z,38.25,Fitbit App
2026-04-16T02:57:04Z,3.36,Fitbit App
2026-04-16T02:58:04Z,14.76,Fitbit App
2026-04-16T02:59:04Z,77.94,Fitbit App
2026-04-16T03:00:04Z,70.15,Fitbit App
2026-04-16T03:05:04Z,3.36,Fitbit App
2026-04-16T03:06:04Z,22.14,Fitbit App
2026-04-16T03:09:04Z,5.37,Fitbit App
2026-04-16T03:10:04Z,4.03,Fitbit App
2026-04-16T03:11:04Z,30.87,Fitbit App
2026-04-16T03:12:04Z,18.79,Fitbit App
2026-04-16T03:13:04Z,32.88,Fitbit App
2026-04-16T03:14:04Z,23.49,Fitbit App
2026-04-16T03:15:04Z,6.71,Fitbit App
2026-04-16T03:16:04Z,21.47,Fitbit App
2026-04-16T03:17:04Z,21.47,Fitbit App
2026-04-16T03:18:04Z,13.42,Fitbit App
2026-04-16T03:19:04Z,8.72,Fitbit App
2026-04-16T03:20:04Z,16.10,Fitbit App
2026-04-16T03:21:04Z,66.68,Fitbit App
2026-04-16T03:22:04Z,81.40,Fitbit App
2026-04-16T03:23:04Z,22.81,Fitbit App
2026-04-16T03:24:04Z,9.39,Fitbit App
2026-04-16T03:27:04Z,8.05,Fitbit App
2026-04-16T03:28:04Z,29.52,Fitbit App
2026-04-16T03:29:04Z,10.74,Fitbit App
2026-04-16T03:30:04Z,78.81,Fitbit App
2026-04-16T03:31:04Z,16.10,Fitbit App
2026-04-16T03:33:04Z,10.07,Fitbit App
2026-04-16T03:34:04Z,20.13,Fitbit App
2026-04-16T03:35:04Z,9.39,Fitbit App
2026-04-16T03:36:04Z,16.10,Fitbit App
2026-04-16T03:37:04Z,25.50,Fitbit App
2026-04-16T03:38:04Z,4.70,Fitbit App
2026-04-16T03:42:04Z,12.75,Fitbit App
2026-04-16T03:43:04Z,14.76,Fitbit App
2026-04-16T03:44:04Z,6.04,Fitbit App
2026-04-16T03:45:04Z,8.05,Fitbit App
2026-04-16T03:46:04Z,22.81,Fitbit App
2026-04-16T03:50:04Z,3.36,Fitbit App
2026-04-16T03:51:04Z,4.70,Fitbit App
2026-04-16T03:52:04Z,7.38,Fitbit App
2026-04-16T03:53:04Z,29.52,Fitbit App
2026-04-16T03:55:04Z,9.39,Fitbit App
2026-04-16T03:56:04Z,15.43,Fitbit App
2026-04-16T03:57:04Z,7.38,Fitbit App
2026-04-16T03:58:04Z,14.76,Fitbit App
2026-04-16T03:59:04Z,6.04,Fitbit App
2026-04-16T04:01:04Z,6.04,Fitbit App
2026-04-16T04:02:04Z,9.39,Fitbit App
2026-04-16T04:03:04Z,1.34,Fitbit App
2026-04-16T04:04:04Z,16.10,Fitbit App
2026-04-16T04:05:04Z,1.34,Fitbit App
2026-04-16T04:06:04Z,9.39,Fitbit App
2026-04-16T04:07:04Z,18.12,Fitbit App
2026-04-16T04:08:04Z,8.72,Fitbit App
2026-04-16T04:09:04Z,62.35,Fitbit App
2026-04-16T04:10:04Z,31.54,Fitbit App
2026-04-16T04:11:04Z,22.81,Fitbit App
2026-04-16T04:12:04Z,64.08,Fitbit App
2026-04-16T04:13:04Z,44.29,Fitbit App
2026-04-16T04:14:04Z,19.46,Fitbit App
2026-04-16T04:16:04Z,6.04,Fitbit App
2026-04-16T04:17:04Z,4.03,Fitbit App
2026-04-16T04:18:04Z,6.71,Fitbit App
2026-04-16T04:19:04Z,11.41,Fitbit App
2026-04-16T04:20:04Z,18.12,Fitbit App
2026-04-16T04:21:04Z,9.39,Fitbit App
2026-04-16T04:22:04Z,19.46,Fitbit App
2026-04-16T04:23:04Z,13.42,Fitbit App
2026-04-16T04:24:04Z,8.05,Fitbit App
2026-04-16T04:25:04Z,26.17,Fitbit App
2026-04-16T04:26:04Z,16.78,Fitbit App
2026-04-16T04:27:04Z,34.89,Fitbit App
2026-04-16T04:28:04Z,30.87,Fitbit App
2026-04-16T04:30:04Z,10.74,Fitbit App
2026-04-16T04:31:04Z,18.79,Fitbit App
2026-04-16T04:32:04Z,29.52,Fitbit App
2026-04-16T04:33:04Z,40.93,Fitbit App
2026-04-16T04:34:04Z,26.17,Fitbit App
2026-04-16T04:35:04Z,0.67,Fitbit App
2026-04-16T04:36:04Z,12.08,Fitbit App
2026-04-16T04:37:04Z,12.08,Fitbit App
2026-04-16T04:38:04Z,10.07,Fitbit App
2026-04-16T04:39:04Z,12.75,Fitbit App
2026-04-16T04:40:04Z,96.13,Fitbit App
2026-04-16T04:41:04Z,102.19,Fitbit App
2026-04-16T04:42:04Z,109.12,Fitbit App
2026-04-16T04:43:04Z,110.85,Fitbit App
2026-04-16T04:44:04Z,62.35,Fitbit App
2026-04-16T04:47:04Z,3.36,Fitbit App
2026-04-16T04:48:04Z,12.08,Fitbit App
2026-04-16T05:03:04Z,2.01,Fitbit App
2026-04-16T05:04:04Z,7.38,Fitbit App
2026-04-16T05:08:04Z,10.07,Fitbit App
2026-04-16T05:09:04Z,66.68,Fitbit App
2026-04-16T05:10:04Z,69.28,Fitbit App
2026-04-16T05:11:04Z,5.37,Fitbit App
2026-04-16T05:12:04Z,1.34,Fitbit App
2026-04-16T05:13:04Z,24.16,Fitbit App
2026-04-16T05:14:04Z,32.21,Fitbit App
2026-04-16T05:15:04Z,44.96,Fitbit App
2026-04-16T05:16:04Z,16.78,Fitbit App
2026-04-16T05:17:04Z,10.07,Fitbit App
2026-04-16T05:29:04Z,10.07,Fitbit App
2026-04-16T05:30:04Z,100.46,Fitbit App
2026-04-16T05:31:04Z,42.94,Fitbit App
2026-04-16T05:32:04Z,22.14,Fitbit App
2026-04-16T05:33:04Z,7.38,Fitbit App
2026-04-16T05:34:04Z,12.08,Fitbit App
2026-04-16T05:35:04Z,16.10,Fitbit App
2026-04-16T05:41:04Z,6.04,Fitbit App
2026-04-16T05:42:04Z,1.34,Fitbit App
2026-04-16T06:26:04Z,4.70,Fitbit App
2026-04-16T06:27:04Z,29.52,Fitbit App
2026-04-16T06:28:04Z,20.80,Fitbit App
2026-04-16T06:29:04Z,5.37,Fitbit App
2026-04-16T06:30:04Z,41.60,Fitbit App
2026-04-16T06:31:04Z,96.99,Fitbit App
2026-04-16T06:32:04Z,71.88,Fitbit App
2026-04-16T06:33:04Z,34.89,Fitbit App
2026-04-16T06:34:04Z,27.51,Fitbit App
2026-04-16T06:35:04Z,32.88,Fitbit App
2026-04-16T06:36:04Z,59.75,Fitbit App
2026-04-16T06:37:04Z,16.10,Fitbit App
2026-04-16T06:38:04Z,20.80,Fitbit App
2026-04-16T06:39:04Z,30.87,Fitbit App
2026-04-16T06:40:04Z,93.53,Fitbit App
2026-04-16T06:41:04Z,65.82,Fitbit App
2026-04-16T06:42:04Z,8.05,Fitbit App
2026-04-16T06:43:04Z,2.01,Fitbit App
2026-04-16T08:18:04Z,8.72,Fitbit App
2026-04-16T08:19:04Z,18.79,Fitbit App
2026-04-16T08:20:04Z,26.84,Fitbit App
2026-04-16T08:21:04Z,12.08,Fitbit App
2026-04-16T08:22:04Z,43.62,Fitbit App
2026-04-16T08:23:04Z,99.59,Fitbit App
2026-04-16T08:24:04Z,81.40,Fitbit App
2026-04-16T08:25:04Z,3.36,Fitbit App
2026-04-16T08:29:04Z,1.34,Fitbit App
2026-04-16T08:30:04Z,4.70,Fitbit App
2026-04-16T08:31:04Z,6.71,Fitbit App
2026-04-16T08:32:04Z,67.55,Fitbit App
2026-04-16T08:33:04Z,22.81,Fitbit App
2026-04-16T09:07:04Z,3.36,Fitbit App
2026-04-16T09:08:04Z,4.03,Fitbit App
2026-04-16T09:11:04Z,6.04,Fitbit App
2026-04-16T09:12:04Z,89.20,Fitbit App
2026-04-16T09:13:04Z,93.53,Fitbit App
2026-04-16T09:14:04Z,37.58,Fitbit App
2026-04-16T09:15:04Z,25.50,Fitbit App
2026-04-16T20:03:04Z,9.39,Fitbit App
2026-04-16T20:04:04Z,93.53,Fitbit App
2026-04-16T20:05:04Z,90.06,Fitbit App
2026-04-16T20:12:04Z,0.67,Fitbit App
2026-04-16T20:13:04Z,6.71,Fitbit App
2026-04-16T20:14:04Z,14.09,Fitbit App
2026-04-16T20:36:04Z,8.05,Fitbit App
2026-04-16T20:37:04Z,77.94,Fitbit App
2026-04-16T20:38:04Z,107.38,Fitbit App
2026-04-16T20:39:04Z,104.79,Fitbit App
2026-04-16T20:40:04Z,42.94,Fitbit App
2026-04-16T20:41:04Z,8.05,Fitbit App
2026-04-16T20:42:04Z,39.59,Fitbit App
2026-04-16T20:43:04Z,83.14,Fitbit App
2026-04-16T20:44:04Z,42.27,Fitbit App
2026-04-16T20:45:04Z,30.87,Fitbit App
2026-04-16T20:47:04Z,1.34,Fitbit App
2026-04-16T20:48:04Z,4.03,Fitbit App
2026-04-16T21:05:04Z,1.34,Fitbit App
2026-04-16T21:06:04Z,8.05,Fitbit App
2026-04-16T21:07:04Z,14.09,Fitbit App
2026-04-16T21:10:04Z,1.34,Fitbit App
2026-04-16T21:11:04Z,10.07,Fitbit App
2026-04-16T21:14:04Z,2.01,Fitbit App
2026-04-16T21:15:04Z,9.39,Fitbit App
2026-04-16T21:16:04Z,10.07,Fitbit App
2026-04-16T21:17:04Z,30.87,Fitbit App
2026-04-16T21:20:04Z,10.07,Fitbit App
2026-04-16T21:21:04Z,9.39,Fitbit App
2026-04-16T21:22:04Z,22.81,Fitbit App
2026-04-16T21:23:04Z,6.04,Fitbit App
2026-04-16T21:24:04Z,15.43,Fitbit App
2026-04-16T21:25:04Z,6.04,Fitbit App
2026-04-16T21:26:04Z,20.13,Fitbit App
2026-04-16T21:27:04Z,34.89,Fitbit App
2026-04-16T21:28:04Z,10.74,Fitbit App
2026-04-16T21:29:04Z,4.70,Fitbit App
2026-04-16T21:30:04Z,42.94,Fitbit App
2026-04-16T21:31:04Z,10.07,Fitbit App
2026-04-16T21:32:04Z,12.08,Fitbit App
2026-04-16T21:33:04Z,36.91,Fitbit App
2026-04-16T21:34:04Z,2.01,Fitbit App
2026-04-16T21:35:04Z,7.38,Fitbit App
2026-04-16T21:36:04Z,33.55,Fitbit App
2026-04-16T21:37:04Z,36.23,Fitbit App
2026-04-16T21:38:04Z,24.83,Fitbit App
2026-04-16T21:39:04Z,4.70,Fitbit App
2026-04-16T21:40:04Z,23.49,Fitbit App
2026-04-16T21:41:04Z,38.25,Fitbit App
2026-04-16T21:42:04Z,2.01,Fitbit App
2026-04-16T21:43:04Z,16.10,Fitbit App
2026-04-16T21:44:04Z,8.72,Fitbit App
2026-04-16T21:45:04Z,66.68,Fitbit App
2026-04-16T21:46:04Z,4.03,Fitbit App
2026-04-16T21:53:04Z,7.38,Fitbit App
2026-04-16T21:54:04Z,10.74,Fitbit App
2026-04-16T21:55:04Z,41.60,Fitbit App
2026-04-16T21:56:04Z,6.71,Fitbit App
2026-04-16T22:06:04Z,5.37,Fitbit App
2026-04-16T22:07:04Z,22.14,Fitbit App
2026-04-16T22:08:04Z,18.12,Fitbit App
2026-04-16T22:09:04Z,20.80,Fitbit App
2026-04-16T22:12:04Z,9.39,Fitbit App
2026-04-16T22:13:04Z,4.03,Fitbit App
2026-04-16T22:14:04Z,7.38,Fitbit App
2026-04-16T22:15:04Z,0.67,Fitbit App
2026-04-16T23:57:04Z,6.71,Fitbit App
2026-04-16T23:58:04Z,4.03,Fitbit App
2026-04-16T23:59:04Z,3.36,Fitbit App
2026-04-17T00:00:04Z,38.92,Fitbit App
2026-04-17T00:01:04Z,33.55,Fitbit App
2026-04-17T00:02:04Z,19.46,Fitbit App
2026-04-17T00:03:04Z,20.80,Fitbit App
2026-04-17T00:04:04Z,11.41,Fitbit App
2026-04-17T00:05:04Z,20.80,Fitbit App
2026-04-17T00:06:04Z,24.16,Fitbit App
2026-04-17T00:07:04Z,28.85,Fitbit App
2026-04-17T00:08:04Z,44.29,Fitbit App
2026-04-17T00:09:04Z,75.34,Fitbit App
2026-04-17T00:10:04Z,26.17,Fitbit App
2026-04-17T00:11:04Z,16.78,Fitbit App
2026-04-17T00:12:04Z,3.36,Fitbit App
2026-04-17T00:13:04Z,15.43,Fitbit App
2026-04-17T00:14:04Z,25.50,Fitbit App
2026-04-17T00:15:04Z,4.03,Fitbit App
2026-04-17T00:16:04Z,9.39,Fitbit App
2026-04-17T00:17:04Z,35.56,Fitbit App
2026-04-17T00:18:04Z,19.46,Fitbit App
2026-04-17T00:19:04Z,3.36,Fitbit App
2026-04-17T00:20:04Z,6.71,Fitbit App
2026-04-17T00:21:04Z,22.81,Fitbit App
2026-04-17T00:22:04Z,28.85,Fitbit App
2026-04-17T00:23:04Z,16.78,Fitbit App
2026-04-17T00:24:04Z,35.56,Fitbit App
2026-04-17T00:25:04Z,45.63,Fitbit App
2026-04-17T00:26:04Z,10.74,Fitbit App
2026-04-17T00:27:04Z,12.75,Fitbit App
2026-04-17T00:28:04Z,42.27,Fitbit App
2026-04-17T00:29:04Z,24.16,Fitbit App
2026-04-17T00:30:04Z,60.62,Fitbit App
2026-04-17T00:31:04Z,10.74,Fitbit App
2026-04-17T00:32:04Z,9.39,Fitbit App
2026-04-17T00:33:04Z,43.62,Fitbit App
2026-04-17T00:34:04Z,62.35,Fitbit App
2026-04-17T00:35:04Z,8.72,Fitbit App
2026-04-17T00:36:04Z,14.09,Fitbit App
2026-04-17T00:37:04Z,26.84,Fitbit App
2026-04-17T00:38:04Z,11.41,Fitbit App
2026-04-17T00:39:04Z,30.87,Fitbit App
2026-04-17T00:40:04Z,40.93,Fitbit App
2026-04-17T00:41:04Z,22.81,Fitbit App
2026-04-17T00:42:04Z,12.08,Fitbit App
2026-04-17T00:47:04Z,6.04,Fitbit App
2026-04-17T00:48:04Z,19.46,Fitbit App
2026-04-17T00:54:04Z,5.37,Fitbit App
2026-04-17T00:55:04Z,28.85,Fitbit App
2026-04-17T00:56:04Z,22.14,Fitbit App
2026-04-17T00:57:04Z,13.42,Fitbit App
2026-04-17T00:59:04Z,1.34,Fitbit App
2026-04-17T01:00:04Z,13.42,Fitbit App
2026-04-17T01:01:04Z,10.74,Fitbit App
2026-04-17T01:02:04Z,4.70,Fitbit App
2026-04-17T01:03:04Z,10.07,Fitbit App
2026-04-17T01:04:04Z,12.08,Fitbit App
2026-04-17T01:05:04Z,40.93,Fitbit App
2026-04-17T01:06:04Z,12.75,Fitbit App
2026-04-17T01:07:04Z,14.09,Fitbit App
2026-04-17T01:09:04Z,4.70,Fitbit App
2026-04-17T01:10:04Z,7.38,Fitbit App
2026-04-17T01:11:04Z,4.70,Fitbit App
2026-04-17T01:17:04Z,3.36,Fitbit App
2026-04-17T01:18:04Z,42.27,Fitbit App
2026-04-17T01:19:04Z,14.09,Fitbit App
2026-04-17T01:20:04Z,17.45,Fitbit App
2026-04-17T01:21:04Z,10.74,Fitbit App
2026-04-17T01:22:04Z,22.81,Fitbit App
2026-04-17T01:24:04Z,2.68,Fitbit App
2026-04-17T01:25:04Z,12.08,Fitbit App
2026-04-17T01:26:04Z,19.46,Fitbit App
2026-04-17T01:27:04Z,28.85,Fitbit App
2026-04-17T01:28:04Z,22.81,Fitbit App
2026-04-17T01:29:04Z,39.59,Fitbit App
2026-04-17T01:31:04Z,0.67,Fitbit App
2026-04-17T01:32:04Z,14.76,Fitbit App
2026-04-17T01:33:04Z,31.54,Fitbit App
2026-04-17T01:34:04Z,23.49,Fitbit App
2026-04-17T01:35:04Z,12.08,Fitbit App
2026-04-17T01:36:04Z,34.22,Fitbit App
2026-04-17T01:40:04Z,1.34,Fitbit App
2026-04-17T01:41:04Z,14.09,Fitbit App
2026-04-17T01:42:04Z,6.04,Fitbit App
2026-04-17T01:44:04Z,6.71,Fitbit App
2026-04-17T01:45:04Z,44.96,Fitbit App
2026-04-17T01:46:04Z,12.75,Fitbit App
2026-04-17T01:47:04Z,38.25,Fitbit App
2026-04-17T01:48:04Z,18.79,Fitbit App
2026-04-17T01:49:04Z,2.01,Fitbit App
2026-04-17T01:50:04Z,4.70,Fitbit App
2026-04-17T01:51:04Z,21.47,Fitbit App
2026-04-17T01:55:04Z,8.72,Fitbit App
2026-04-17T01:56:04Z,63.22,Fitbit App
2026-04-17T01:57:04Z,4.70,Fitbit App
2026-04-17T01:58:04Z,31.54,Fitbit App
2026-04-17T01:59:04Z,22.14,Fitbit App
2026-04-17T02:00:04Z,18.79,Fitbit App
2026-04-17T02:01:04Z,28.18,Fitbit App
2026-04-17T02:02:04Z,20.13,Fitbit App
2026-04-17T02:03:04Z,5.37,Fitbit App
2026-04-17T02:04:04Z,14.09,Fitbit App
2026-04-17T02:05:04Z,62.35,Fitbit App
2026-04-17T02:06:04Z,30.20,Fitbit App
2026-04-17T02:07:04Z,40.26,Fitbit App
2026-04-17T02:08:04Z,32.21,Fitbit App
2026-04-17T02:09:04Z,14.09,Fitbit App
2026-04-17T02:10:04Z,35.56,Fitbit App
2026-04-17T02:11:04Z,6.71,Fitbit App
2026-04-17T02:12:04Z,34.22,Fitbit App
2026-04-17T02:13:04Z,30.87,Fitbit App
2026-04-17T02:15:04Z,9.39,Fitbit App
2026-04-17T02:16:04Z,42.27,Fitbit App
2026-04-17T02:17:04Z,32.88,Fitbit App
2026-04-17T02:18:04Z,20.13,Fitbit App
2026-04-17T02:19:04Z,37.58,Fitbit App
2026-04-17T02:20:04Z,29.52,Fitbit App
2026-04-17T02:21:04Z,12.08,Fitbit App
2026-04-17T02:22:04Z,12.08,Fitbit App
2026-04-17T02:23:04Z,62.35,Fitbit App
2026-04-17T02:24:04Z,68.41,Fitbit App
2026-04-17T02:25:04Z,30.20,Fitbit App
2026-04-17T02:26:04Z,26.84,Fitbit App
2026-04-17T02:27:04Z,28.85,Fitbit App
2026-04-17T02:28:04Z,38.92,Fitbit App
2026-04-17T02:29:04Z,28.85,Fitbit App
2026-04-17T02:30:04Z,24.16,Fitbit App
2026-04-17T02:31:04Z,36.23,Fitbit App
2026-04-17T02:32:04Z,32.21,Fitbit App
2026-04-17T02:33:04Z,30.20,Fitbit App
2026-04-17T02:34:04Z,18.79,Fitbit App
2026-04-17T02:35:04Z,66.68,Fitbit App
2026-04-17T02:36:04Z,73.61,Fitbit App
2026-04-17T02:37:04Z,16.10,Fitbit App
2026-04-17T02:38:04Z,24.16,Fitbit App
2026-04-17T02:40:04Z,3.36,Fitbit App
2026-04-17T02:41:04Z,26.84,Fitbit App
2026-04-17T02:42:04Z,26.17,Fitbit App
2026-04-17T02:43:04Z,26.84,Fitbit App
2026-04-17T02:44:04Z,65.82,Fitbit App
2026-04-17T02:45:04Z,30.87,Fitbit App
2026-04-17T02:46:04Z,40.93,Fitbit App
2026-04-17T02:47:04Z,30.20,Fitbit App
2026-04-17T02:48:04Z,27.51,Fitbit App
2026-04-17T02:49:04Z,28.18,Fitbit App
2026-04-17T02:50:04Z,11.41,Fitbit App
2026-04-17T02:51:04Z,7.38,Fitbit App
2026-04-17T02:52:04Z,10.07,Fitbit App
2026-04-17T02:53:04Z,18.79,Fitbit App
2026-04-17T02:54:04Z,27.51,Fitbit App
2026-04-17T02:55:04Z,0.67,Fitbit App
2026-04-17T03:04:04Z,0.67,Fitbit App
2026-04-17T03:05:04Z,15.43,Fitbit App
2026-04-17T03:06:04Z,44.29,Fitbit App
2026-04-17T03:07:04Z,59.75,Fitbit App
2026-04-17T03:08:04Z,26.17,Fitbit App
2026-04-17T03:09:04Z,8.05,Fitbit App
2026-04-17T03:10:04Z,15.43,Fitbit App
2026-04-17T03:11:04Z,17.45,Fitbit App
2026-04-17T03:12:04Z,25.50,Fitbit App
2026-04-17T03:24:04Z,5.37,Fitbit App
2026-04-17T03:25:04Z,23.49,Fitbit App
2026-04-17T03:26:04Z,13.42,Fitbit App
2026-04-17T03:27:04Z,10.07,Fitbit App
2026-04-17T03:28:04Z,26.84,Fitbit App
2026-04-17T03:29:04Z,4.70,Fitbit App
2026-04-17T03:30:04Z,14.09,Fitbit App
2026-04-17T03:33:04Z,2.68,Fitbit App
2026-04-17T03:34:04Z,19.46,Fitbit App
2026-04-17T03:35:04Z,14.76,Fitbit App
2026-04-17T03:36:04Z,13.42,Fitbit App
2026-04-17T03:37:04Z,20.80,Fitbit App
2026-04-17T03:38:04Z,13.42,Fitbit App
2026-04-17T03:39:04Z,16.10,Fitbit App
2026-04-17T03:40:04Z,16.10,Fitbit App
2026-04-17T03:41:04Z,10.07,Fitbit App
2026-04-17T03:42:04Z,42.94,Fitbit App
2026-04-17T03:43:04Z,39.59,Fitbit App
2026-04-17T03:44:04Z,69.28,Fitbit App
2026-04-17T03:45:04Z,42.94,Fitbit App
2026-04-17T03:46:04Z,20.13,Fitbit App
2026-04-17T03:47:04Z,43.62,Fitbit App
2026-04-17T03:48:04Z,41.60,Fitbit App
2026-04-17T03:49:04Z,70.15,Fitbit App
2026-04-17T03:50:04Z,16.10,Fitbit App
2026-04-17T03:51:04Z,72.74,Fitbit App
2026-04-17T03:52:04Z,45.63,Fitbit App
2026-04-17T03:53:04Z,29.52,Fitbit App
2026-04-17T03:54:04Z,28.18,Fitbit App
2026-04-17T03:55:04Z,69.28,Fitbit App
2026-04-17T03:56:04Z,37.58,Fitbit App
2026-04-17T03:57:04Z,82.27,Fitbit App
2026-04-17T03:58:04Z,14.76,Fitbit App
2026-04-17T03:59:04Z,10.07,Fitbit App
2026-04-17T04:00:04Z,37.58,Fitbit App
2026-04-17T04:01:04Z,64.08,Fitbit App
2026-04-17T04:02:04Z,42.94,Fitbit App
2026-04-17T04:03:04Z,14.76,Fitbit App
2026-04-17T04:04:04Z,24.83,Fitbit App
2026-04-17T04:05:04Z,45.63,Fitbit App
2026-04-17T04:06:04Z,35.56,Fitbit App
2026-04-17T04:07:04Z,9.39,Fitbit App
2026-04-17T04:08:04Z,81.40,Fitbit App
2026-04-17T04:09:04Z,82.27,Fitbit App
2026-04-17T04:10:04Z,83.14,Fitbit App
2026-04-17T04:11:04Z,64.08,Fitbit App
2026-04-17T04:12:04Z,17.45,Fitbit App
2026-04-17T04:13:04Z,12.08,Fitbit App
2026-04-17T04:14:04Z,17.45,Fitbit App
2026-04-17T04:15:04Z,4.70,Fitbit App
2026-04-17T04:16:04Z,22.81,Fitbit App
2026-04-17T04:17:04Z,12.08,Fitbit App
2026-04-17T04:18:04Z,2.01,Fitbit App
2026-04-17T04:20:04Z,5.37,Fitbit App
2026-04-17T04:21:04Z,21.47,Fitbit App
2026-04-17T04:22:04Z,18.12,Fitbit App
2026-04-17T04:23:04Z,43.62,Fitbit App
2026-04-17T04:24:04Z,60.62,Fitbit App
2026-04-17T04:25:04Z,24.16,Fitbit App
2026-04-17T04:26:04Z,11.41,Fitbit App
2026-04-17T04:28:04Z,4.03,Fitbit App
2026-04-17T04:29:04Z,12.75,Fitbit App
2026-04-17T04:30:04Z,28.85,Fitbit App
2026-04-17T04:31:04Z,38.25,Fitbit App
2026-04-17T04:32:04Z,70.15,Fitbit App
2026-04-17T04:33:04Z,93.53,Fitbit App
2026-04-17T04:34:04Z,10.74,Fitbit App
2026-04-17T04:35:04Z,82.27,Fitbit App
2026-04-17T04:36:04Z,26.84,Fitbit App
2026-04-17T04:37:04Z,77.07,Fitbit App
2026-04-17T04:38:04Z,63.22,Fitbit App
2026-04-17T04:39:04Z,30.20,Fitbit App
2026-04-17T04:41:04Z,4.70,Fitbit App
2026-04-17T04:42:04Z,32.21,Fitbit App
2026-04-17T04:43:04Z,73.61,Fitbit App
2026-04-17T04:44:04Z,38.92,Fitbit App
2026-04-17T04:45:04Z,16.10,Fitbit App
2026-04-17T04:46:04Z,69.28,Fitbit App
2026-04-17T04:47:04Z,60.62,Fitbit App
2026-04-17T04:48:04Z,61.49,Fitbit App
2026-04-17T04:49:04Z,33.55,Fitbit App
2026-04-17T04:50:04Z,85.73,Fitbit App
2026-04-17T04:51:04Z,18.12,Fitbit App
2026-04-17T04:52:04Z,81.40,Fitbit App
2026-04-17T04:53:04Z,1.34,Fitbit App
2026-04-17T04:55:04Z,3.36,Fitbit App
2026-04-17T04:56:04Z,38.25,Fitbit App
2026-04-17T04:57:04Z,17.45,Fitbit App
2026-04-17T04:58:04Z,14.09,Fitbit App
2026-04-17T04:59:04Z,91.80,Fitbit App
2026-04-17T05:02:04Z,4.70,Fitbit App
2026-04-17T05:03:04Z,36.91,Fitbit App
2026-04-17T05:04:04Z,70.15,Fitbit App
2026-04-17T05:05:04Z,71.01,Fitbit App
2026-04-17T05:06:04Z,78.81,Fitbit App
2026-04-17T05:07:04Z,69.28,Fitbit App
2026-04-17T05:08:04Z,74.48,Fitbit App
2026-04-17T05:09:04Z,34.89,Fitbit App
2026-04-17T05:14:04Z,2.01,Fitbit App
2026-04-17T05:15:04Z,34.89,Fitbit App
2026-04-17T05:16:04Z,35.56,Fitbit App
2026-04-17T05:17:04Z,36.91,Fitbit App
2026-04-17T05:18:04Z,32.21,Fitbit App
2026-04-17T05:19:04Z,34.89,Fitbit App
2026-04-17T05:20:04Z,4.70,Fitbit App
2026-04-17T05:21:04Z,62.35,Fitbit App
2026-04-17T05:22:04Z,69.28,Fitbit App
2026-04-17T05:23:04Z,10.74,Fitbit App
2026-04-17T05:24:04Z,34.89,Fitbit App
2026-04-17T05:25:04Z,17.45,Fitbit App
2026-04-17T05:26:04Z,7.38,Fitbit App
2026-04-17T05:27:04Z,30.20,Fitbit App
2026-04-17T05:28:04Z,10.07,Fitbit App
2026-04-17T05:29:04Z,0.67,Fitbit App
2026-04-17T05:30:04Z,2.68,Fitbit App
2026-04-17T05:31:04Z,38.92,Fitbit App
2026-04-17T05:32:04Z,30.20,Fitbit App
2026-04-17T05:33:04Z,63.22,Fitbit App
2026-04-17T05:34:04Z,2.68,Fitbit App
2026-04-17T05:35:04Z,5.37,Fitbit App
2026-04-17T05:36:04Z,18.79,Fitbit App
2026-04-17T05:37:04Z,64.95,Fitbit App
2026-04-17T05:38:04Z,2.68,Fitbit App
2026-04-17T05:41:04Z,2.01,Fitbit App
2026-04-17T05:42:04Z,25.50,Fitbit App
2026-04-17T05:43:04Z,4.03,Fitbit App
2026-04-17T05:44:04Z,1.34,Fitbit App
2026-04-17T05:45:04Z,18.12,Fitbit App
2026-04-17T05:46:04Z,92.66,Fitbit App
2026-04-17T05:47:04Z,102.19,Fitbit App
2026-04-17T05:48:04Z,100.46,Fitbit App
2026-04-17T05:49:04Z,97.86,Fitbit App
2026-04-17T05:50:04Z,43.62,Fitbit App
2026-04-17T05:51:04Z,1.34,Fitbit App
2026-04-17T06:00:04Z,8.05,Fitbit App
2026-04-17T06:01:04Z,3.36,Fitbit App
2026-04-17T06:18:04Z,10.07,Fitbit App
2026-04-17T06:19:04Z,96.99,Fitbit App
2026-04-17T06:20:04Z,93.53,Fitbit App
2026-04-17T06:21:04Z,9.39,Fitbit App
2026-04-17T06:22:04Z,11.41,Fitbit App
2026-04-17T06:30:04Z,5.37,Fitbit App
2026-04-17T06:55:04Z,0.67,Fitbit App
2026-04-17T06:56:04Z,14.09,Fitbit App
2026-04-17T06:57:04Z,0.67,Fitbit App
2026-04-17T07:55:04Z,7.38,Fitbit App
2026-04-17T07:56:04Z,3.36,Fitbit App
2026-04-17T07:57:04Z,5.37,Fitbit App
2026-04-17T10:41:04Z,2.01,Fitbit App
2026-04-17T10:42:04Z,17.45,Fitbit App
2026-04-17T10:43:04Z,30.87,Fitbit App
2026-04-17T10:44:04Z,23.49,Fitbit App
2026-04-17T10:45:04Z,6.71,Fitbit App
2026-04-17T10:58:04Z,2.01,Fitbit App
2026-04-17T10:59:04Z,13.42,Fitbit App
2026-04-17T11:00:04Z,22.14,Fitbit App
2026-04-17T11:01:04Z,100.46,Fitbit App
2026-04-17T11:02:04Z,97.86,Fitbit App
2026-04-17T11:03:04Z,18.12,Fitbit App
2026-04-17T11:04:04Z,22.81,Fitbit App
2026-04-17T11:05:04Z,4.03,Fitbit App
2026-04-17T11:21:04Z,2.68,Fitbit App
2026-04-17T11:22:04Z,1.34,Fitbit App
2026-04-17T12:11:04Z,4.70,Fitbit App
2026-04-17T12:36:04Z,4.70,Fitbit App
2026-04-17T12:37:04Z,8.05,Fitbit App
2026-04-17T13:05:04Z,2.68,Fitbit App
2026-04-17T13:06:04Z,9.39,Fitbit App
2026-04-17T13:07:04Z,2.01,Fitbit App
2026-04-17T14:13:04Z,3.36,Fitbit App
2026-04-17T14:14:04Z,6.04,Fitbit App
2026-04-17T14:25:04Z,4.70,Fitbit App
2026-04-17T14:26:04Z,12.75,Fitbit App
2026-04-17T14:27:04Z,12.08,Fitbit App
2026-04-18T01:59:04Z,2.68,Fitbit App
2026-04-18T02:00:04Z,4.03,Fitbit App
2026-04-18T02:27:04Z,4.70,Fitbit App
2026-04-18T02:28:04Z,8.05,Fitbit App
2026-04-18T02:29:04Z,4.03,Fitbit App
2026-04-18T02:30:04Z,9.39,Fitbit App
2026-04-18T05:06:04Z,4.70,Fitbit App
2026-04-18T05:07:04Z,22.14,Fitbit App
2026-04-18T05:08:04Z,5.37,Fitbit App
2026-04-18T05:09:04Z,15.43,Fitbit App
2026-04-18T05:10:04Z,2.68,Fitbit App
2026-04-18T05:11:04Z,7.38,Fitbit App
2026-04-18T05:12:04Z,21.47,Fitbit App
2026-04-18T05:13:04Z,40.93,Fitbit App
2026-04-18T05:14:04Z,101.32,Fitbit App
2026-04-18T05:15:04Z,101.32,Fitbit App
2026-04-18T05:16:04Z,20.13,Fitbit App
2026-04-18T05:26:04Z,2.68,Fitbit App
2026-04-18T05:27:04Z,22.14,Fitbit App
2026-04-18T05:28:04Z,59.75,Fitbit App
2026-04-18T05:29:04Z,84.00,Fitbit App
2026-04-18T05:30:04Z,77.94,Fitbit App
2026-04-18T05:31:04Z,88.33,Fitbit App
2026-04-18T05:32:04Z,69.28,Fitbit App
2026-04-18T05:33:04Z,89.20,Fitbit App
2026-04-18T05:34:04Z,40.26,Fitbit App
2026-04-18T05:35:04Z,86.60,Fitbit App
2026-04-18T05:36:04Z,35.56,Fitbit App
2026-04-18T05:41:04Z,0.67,Fitbit App
2026-04-18T05:42:04Z,5.37,Fitbit App
2026-04-18T05:43:04Z,2.01,Fitbit App
2026-04-18T05:44:04Z,4.70,Fitbit App
2026-04-18T05:55:04Z,5.37,Fitbit App
2026-04-18T05:56:04Z,88.33,Fitbit App
2026-04-18T05:57:04Z,86.60,Fitbit App
2026-04-18T05:58:04Z,37.58,Fitbit App
2026-04-18T05:59:04Z,64.08,Fitbit App
2026-04-18T06:00:04Z,42.94,Fitbit App
2026-04-18T06:01:04Z,1.34,Fitbit App
2026-04-18T06:02:04Z,4.70,Fitbit App
2026-04-18T06:03:04Z,10.07,Fitbit App
2026-04-18T06:04:04Z,89.20,Fitbit App
2026-04-18T06:05:04Z,91.80,Fitbit App
2026-04-18T06:06:04Z,94.39,Fitbit App
2026-04-18T06:07:04Z,103.05,Fitbit App
2026-04-18T06:08:04Z,106.52,Fitbit App
2026-04-18T06:09:04Z,104.79,Fitbit App
2026-04-18T06:10:04Z,103.05,Fitbit App
2026-04-18T06:11:04Z,84.87,Fitbit App
2026-04-18T06:30:04Z,6.71,Fitbit App
2026-04-18T06:31:04Z,43.62,Fitbit App
2026-04-18T06:32:04Z,61.49,Fitbit App
2026-04-18T06:33:04Z,104.79,Fitbit App
2026-04-18T06:34:04Z,67.55,Fitbit App
2026-04-18T06:35:04Z,100.46,Fitbit App
2026-04-18T06:36:04Z,90.93,Fitbit App
2026-04-18T06:37:04Z,32.21,Fitbit App
2026-04-18T06:38:04Z,109.12,Fitbit App
2026-04-18T06:39:04Z,109.98,Fitbit App
2026-04-18T06:40:04Z,109.12,Fitbit App
2026-04-18T06:41:04Z,109.98,Fitbit App
2026-04-18T06:42:04Z,60.62,Fitbit App
2026-04-18T07:03:04Z,5.37,Fitbit App
2026-04-18T07:04:04Z,45.63,Fitbit App
2026-04-18T07:05:04Z,101.32,Fitbit App
2026-04-18T07:06:04Z,30.20,Fitbit App
2026-04-18T10:32:04Z,6.71,Fitbit App
2026-04-18T10:33:04Z,6.71,Fitbit App
2026-04-18T10:40:04Z,4.03,Fitbit App
2026-04-18T10:41:04Z,4.70,Fitbit App
2026-04-18T10:46:04Z,3.36,Fitbit App
2026-04-18T10:47:04Z,12.08,Fitbit App
2026-04-18T11:04:04Z,2.68,Fitbit App
2026-04-18T11:05:04Z,3.36,Fitbit App
2026-04-18T11:27:04Z,4.03,Fitbit App
2026-04-18T11:48:04Z,1.34,Fitbit App
2026-04-18T11:49:04Z,13.42,Fitbit App
2026-04-18T11:50:04Z,19.46,Fitbit App
2026-04-18T11:51:04Z,99.59,Fitbit App
2026-04-18T11:52:04Z,100.46,Fitbit App
2026-04-18T11:53:04Z,89.20,Fitbit App
2026-04-18T11:54:04Z,94.39,Fitbit App
2026-04-18T11:55:04Z,73.61,Fitbit App
2026-04-18T11:56:04Z,21.47,Fitbit App
2026-04-18T11:57:04Z,17.45,Fitbit App
2026-04-18T11:58:04Z,4.03,Fitbit App
2026-04-18T12:51:19Z,1.34,Fitbit App
2026-04-18T12:52:19Z,12.75,Fitbit App
2026-04-18T12:53:19Z,25.50,Fitbit App
2026-04-18T12:54:19Z,20.80,Fitbit App
2026-04-18T12:55:19Z,5.37,Fitbit App
2026-04-18T23:09:19Z,4.03,Fitbit App
2026-04-18T23:10:19Z,39.59,Fitbit App
2026-04-18T23:11:19Z,111.71,Fitbit App
2026-04-18T23:12:19Z,102.19,Fitbit App
2026-04-18T23:13:19Z,111.71,Fitbit App
2026-04-18T23:14:19Z,112.58,Fitbit App
2026-04-18T23:15:19Z,112.58,Fitbit App
2026-04-18T23:16:19Z,98.72,Fitbit App
2026-04-18T23:19:19Z,6.04,Fitbit App
2026-04-18T23:20:19Z,18.12,Fitbit App
2026-04-18T23:29:19Z,3.36,Fitbit App
2026-04-18T23:30:19Z,34.89,Fitbit App
2026-04-18T23:31:19Z,60.62,Fitbit App
2026-04-18T23:32:19Z,3.36,Fitbit App
2026-04-18T23:33:19Z,14.76,Fitbit App
2026-04-18T23:34:19Z,4.70,Fitbit App
2026-04-18T23:35:19Z,38.92,Fitbit App
2026-04-18T23:36:19Z,70.15,Fitbit App
2026-04-19T00:53:19Z,3.36,Fitbit App
2026-04-19T00:54:19Z,8.05,Fitbit App
2026-04-19T01:02:19Z,2.01,Fitbit App
2026-04-19T01:03:19Z,3.36,Fitbit App
2026-04-19T01:05:19Z,3.36,Fitbit App
2026-04-19T01:06:19Z,5.37,Fitbit App
2026-04-19T01:09:19Z,2.01,Fitbit App
2026-04-19T01:10:19Z,13.42,Fitbit App
2026-04-19T01:11:19Z,40.26,Fitbit App
2026-04-19T01:12:19Z,40.93,Fitbit App
2026-04-19T01:13:19Z,70.15,Fitbit App
2026-04-19T01:14:19Z,80.54,Fitbit App
2026-04-19T01:15:19Z,43.62,Fitbit App
2026-04-19T01:17:19Z,4.03,Fitbit App
2026-04-19T01:18:19Z,13.42,Fitbit App
2026-04-19T01:22:19Z,2.68,Fitbit App
2026-04-19T01:23:19Z,1.34,Fitbit App
2026-04-19T01:29:19Z,0.67,Fitbit App
2026-04-19T01:30:19Z,8.72,Fitbit App
2026-04-19T01:31:19Z,27.51,Fitbit App
2026-04-19T01:39:19Z,0.67,Fitbit App
2026-04-19T01:40:19Z,5.37,Fitbit App
2026-04-19T01:41:19Z,45.63,Fitbit App
2026-04-19T01:42:19Z,96.99,Fitbit App
2026-04-19T01:43:19Z,33.55,Fitbit App
2026-04-19T01:44:19Z,81.40,Fitbit App
2026-04-19T01:45:19Z,91.80,Fitbit App
2026-04-19T01:46:19Z,35.56,Fitbit App
2026-04-19T01:47:19Z,2.68,Fitbit App
2026-04-19T01:48:19Z,2.01,Fitbit App
2026-04-19T01:49:19Z,5.37,Fitbit App
2026-04-19T01:51:19Z,3.36,Fitbit App
2026-04-19T01:52:19Z,38.25,Fitbit App
2026-04-19T01:53:19Z,90.06,Fitbit App
2026-04-19T01:54:19Z,96.13,Fitbit App
2026-04-19T01:55:19Z,99.59,Fitbit App
2026-04-19T01:56:19Z,69.28,Fitbit App
2026-04-19T01:57:19Z,5.37,Fitbit App
2026-04-19T01:58:19Z,25.50,Fitbit App
2026-04-19T01:59:19Z,64.95,Fitbit App
2026-04-19T02:00:19Z,98.72,Fitbit App
2026-04-19T02:01:19Z,102.19,Fitbit App
2026-04-19T02:02:19Z,85.73,Fitbit App
2026-04-19T02:03:19Z,83.14,Fitbit App
2026-04-19T02:04:19Z,100.46,Fitbit App
2026-04-19T02:05:19Z,97.86,Fitbit App
2026-04-19T02:06:19Z,33.55,Fitbit App
2026-04-19T02:07:19Z,8.05,Fitbit App
2026-04-19T02:08:19Z,7.38,Fitbit App
2026-04-19T02:09:19Z,4.03,Fitbit App
2026-04-19T02:10:19Z,5.37,Fitbit App
2026-04-19T02:28:19Z,2.01,Fitbit App
2026-04-19T02:29:19Z,2.01,Fitbit App
2026-04-19T03:08:19Z,6.71,Fitbit App
2026-04-19T03:09:19Z,44.29,Fitbit App
2026-04-19T03:10:19Z,65.82,Fitbit App
2026-04-19T03:11:19Z,91.80,Fitbit App
2026-04-19T03:12:19Z,30.20,Fitbit App
2026-04-19T03:13:19Z,44.96,Fitbit App
2026-04-19T03:14:19Z,89.20,Fitbit App
2026-04-19T03:15:19Z,62.35,Fitbit App
2026-04-19T03:16:19Z,28.18,Fitbit App
2026-04-19T03:25:19Z,5.37,Fitbit App
2026-04-19T03:26:19Z,19.46,Fitbit App
2026-04-19T03:29:19Z,4.03,Fitbit App
2026-04-19T03:30:19Z,20.13,Fitbit App
2026-04-19T03:31:19Z,36.91,Fitbit App
2026-04-19T03:33:19Z,6.04,Fitbit App
2026-04-19T03:34:19Z,33.55,Fitbit App
2026-04-19T03:35:19Z,3.36,Fitbit App
2026-04-19T03:36:19Z,8.05,Fitbit App
2026-04-19T03:37:19Z,11.41,Fitbit App
2026-04-19T03:38:19Z,20.13,Fitbit App
2026-04-19T03:39:19Z,15.43,Fitbit App
2026-04-19T03:40:19Z,8.05,Fitbit App
2026-04-19T03:41:19Z,16.10,Fitbit App
2026-04-19T03:42:19Z,7.38,Fitbit App
2026-04-19T03:43:19Z,24.16,Fitbit App
2026-04-19T03:45:19Z,5.37,Fitbit App
2026-04-19T03:46:19Z,14.76,Fitbit App
2026-04-19T03:47:19Z,39.59,Fitbit App
2026-04-19T03:48:19Z,65.82,Fitbit App
2026-04-19T03:51:19Z,3.36,Fitbit App
2026-04-19T03:52:19Z,67.55,Fitbit App
2026-04-19T03:53:19Z,95.26,Fitbit App
2026-04-19T03:54:19Z,37.58,Fitbit App
2026-04-19T03:55:19Z,97.86,Fitbit App
2026-04-19T03:56:19Z,27.51,Fitbit App
2026-04-19T03:57:19Z,26.84,Fitbit App
2026-04-19T03:58:19Z,66.68,Fitbit App
2026-04-19T03:59:19Z,103.05,Fitbit App
2026-04-19T04:00:19Z,102.19,Fitbit App
2026-04-19T04:01:19Z,98.72,Fitbit App
2026-04-19T04:02:19Z,76.21,Fitbit App
2026-04-19T04:03:19Z,98.72,Fitbit App
2026-04-19T04:04:19Z,98.72,Fitbit App
2026-04-19T04:05:19Z,81.40,Fitbit App
2026-04-19T04:13:19Z,3.36,Fitbit App
2026-04-19T04:14:19Z,18.12,Fitbit App
2026-04-19T04:15:19Z,84.87,Fitbit App
2026-04-19T04:16:19Z,78.81,Fitbit App
2026-04-19T04:17:19Z,78.81,Fitbit App
2026-04-19T04:18:19Z,91.80,Fitbit App
2026-04-19T04:19:19Z,72.74,Fitbit App
2026-04-19T04:20:19Z,75.34,Fitbit App
2026-04-19T04:21:19Z,5.37,Fitbit App
2026-04-19T04:22:19Z,26.84,Fitbit App
2026-04-19T04:23:19Z,28.85,Fitbit App
2026-04-19T04:24:19Z,31.54,Fitbit App
2026-04-19T04:25:19Z,26.17,Fitbit App
2026-04-19T04:26:19Z,18.79,Fitbit App
2026-04-19T04:27:19Z,6.04,Fitbit App
2026-04-19T04:28:19Z,6.71,Fitbit App
2026-04-19T04:29:19Z,66.68,Fitbit App
2026-04-19T04:30:19Z,75.34,Fitbit App
2026-04-19T04:31:19Z,84.00,Fitbit App
2026-04-19T04:32:19Z,11.41,Fitbit App
2026-04-19T04:33:19Z,4.03,Fitbit App
2026-04-19T04:34:19Z,10.07,Fitbit App
2026-04-19T04:37:19Z,2.01,Fitbit App
2026-04-19T04:38:19Z,6.04,Fitbit App
2026-04-19T04:39:19Z,13.42,Fitbit App
2026-04-19T04:40:19Z,64.08,Fitbit App
2026-04-19T04:41:19Z,66.68,Fitbit App
2026-04-19T04:42:19Z,85.73,Fitbit App
2026-04-19T04:43:19Z,65.82,Fitbit App
2026-04-19T04:44:19Z,59.75,Fitbit App
2026-04-19T04:45:19Z,37.58,Fitbit App
2026-04-19T04:46:19Z,92.66,Fitbit App
2026-04-19T04:47:19Z,95.26,Fitbit App
2026-04-19T04:48:19Z,95.26,Fitbit App
2026-04-19T04:49:19Z,81.40,Fitbit App
2026-04-19T04:50:19Z,38.25,Fitbit App
2026-04-19T04:51:19Z,8.72,Fitbit App
2026-04-19T05:05:19Z,1.34,Fitbit App
2026-04-19T05:06:19Z,8.05,Fitbit App
2026-04-19T05:07:19Z,10.07,Fitbit App
2026-04-19T05:08:19Z,5.37,Fitbit App
2026-04-19T05:13:19Z,4.03,Fitbit App
2026-04-19T05:14:19Z,2.68,Fitbit App
2026-04-19T05:15:19Z,27.51,Fitbit App
2026-04-19T05:16:19Z,100.46,Fitbit App
2026-04-19T05:17:19Z,87.47,Fitbit App
2026-04-19T05:18:19Z,26.84,Fitbit App
2026-04-19T05:19:19Z,10.07,Fitbit App
2026-04-19T05:25:19Z,3.36,Fitbit App
2026-04-19T05:26:19Z,15.43,Fitbit App
2026-04-19T05:27:19Z,94.39,Fitbit App
2026-04-19T05:28:19Z,91.80,Fitbit App
2026-04-19T05:29:19Z,93.53,Fitbit App
2026-04-19T05:30:19Z,93.53,Fitbit App
2026-04-19T05:31:19Z,86.60,Fitbit App
2026-04-19T05:32:19Z,76.21,Fitbit App
2026-04-19T05:33:19Z,101.32,Fitbit App
2026-04-19T05:34:19Z,16.10,Fitbit App
2026-04-19T05:48:19Z,2.01,Fitbit App
2026-04-19T05:49:19Z,24.83,Fitbit App
2026-04-19T05:50:19Z,99.59,Fitbit App
2026-04-19T05:51:19Z,83.14,Fitbit App
2026-04-19T05:52:19Z,17.45,Fitbit App
2026-04-19T05:53:19Z,9.39,Fitbit App
2026-04-19T07:41:19Z,0.67,Fitbit App
2026-04-19T07:42:19Z,5.37,Fitbit App
2026-04-19T07:43:19Z,6.71,Fitbit App
2026-04-19T07:44:19Z,7.38,Fitbit App
2026-04-19T07:46:19Z,4.70,Fitbit App
2026-04-19T07:47:19Z,24.16,Fitbit App
2026-04-19T07:48:19Z,10.07,Fitbit App
2026-04-19T07:49:19Z,84.87,Fitbit App
2026-04-19T07:50:19Z,93.53,Fitbit App
2026-04-19T07:51:19Z,93.53,Fitbit App
2026-04-19T07:52:19Z,36.91,Fitbit App
2026-04-19T07:53:19Z,65.82,Fitbit App
2026-04-19T07:54:19Z,65.82,Fitbit App
2026-04-19T07:55:19Z,6.71,Fitbit App
2026-04-19T07:56:19Z,2.68,Fitbit App
2026-04-19T07:57:19Z,33.55,Fitbit App
2026-04-19T07:58:19Z,104.79,Fitbit App
2026-04-19T07:59:19Z,30.20,Fitbit App
2026-04-19T08:00:19Z,13.42,Fitbit App
2026-04-19T08:01:19Z,6.04,Fitbit App
2026-04-19T08:02:19Z,3.36,Fitbit App
2026-04-19T08:38:19Z,6.04,Fitbit App
2026-04-19T08:39:19Z,2.68,Fitbit App
2026-04-19T08:50:19Z,2.01,Fitbit App
2026-04-19T08:51:19Z,14.09,Fitbit App
2026-04-19T08:52:19Z,17.45,Fitbit App
2026-04-19T08:58:19Z,2.01,Fitbit App
2026-04-19T08:59:19Z,14.76,Fitbit App
2026-04-19T20:01:19Z,1.34,Fitbit App
2026-04-19T20:02:19Z,20.80,Fitbit App
2026-04-19T20:03:19Z,105.65,Fitbit App
2026-04-19T20:04:19Z,44.96,Fitbit App
2026-04-19T20:12:19Z,7.38,Fitbit App
2026-04-19T20:13:19Z,9.39,Fitbit App
2026-04-19T20:29:19Z,6.04,Fitbit App
2026-04-19T20:30:19Z,70.15,Fitbit App
2026-04-19T20:31:19Z,104.79,Fitbit App
2026-04-19T20:32:19Z,94.39,Fitbit App
2026-04-19T20:33:19Z,96.99,Fitbit App
2026-04-19T20:34:19Z,77.07,Fitbit App
2026-04-19T20:35:19Z,11.41,Fitbit App
2026-04-19T20:36:19Z,17.45,Fitbit App
2026-04-19T20:37:19Z,35.56,Fitbit App
2026-04-19T20:38:19Z,14.76,Fitbit App
2026-04-19T20:39:19Z,79.67,Fitbit App
2026-04-19T20:40:19Z,16.78,Fitbit App
2026-04-19T20:41:19Z,19.46,Fitbit App
2026-04-19T20:42:19Z,18.12,Fitbit App
2026-04-19T20:43:19Z,3.36,Fitbit App
2026-04-19T20:44:19Z,17.45,Fitbit App
2026-04-19T20:45:19Z,21.47,Fitbit App
2026-04-19T20:46:19Z,17.45,Fitbit App
2026-04-19T20:47:19Z,30.87,Fitbit App
2026-04-19T20:48:19Z,39.59,Fitbit App
2026-04-19T20:49:19Z,84.87,Fitbit App
2026-04-19T20:50:19Z,42.94,Fitbit App
2026-04-19T20:51:19Z,32.21,Fitbit App
2026-04-19T20:52:19Z,73.61,Fitbit App
2026-04-19T20:53:19Z,23.49,Fitbit App
2026-04-19T20:54:19Z,14.76,Fitbit App
2026-04-19T20:55:19Z,6.04,Fitbit App
2026-04-19T20:56:19Z,33.55,Fitbit App
2026-04-19T20:57:19Z,24.16,Fitbit App
2026-04-19T20:58:19Z,13.42,Fitbit App
2026-04-19T20:59:19Z,38.92,Fitbit App
2026-04-19T21:00:19Z,5.37,Fitbit App
2026-04-19T21:01:19Z,12.75,Fitbit App
2026-04-19T21:03:19Z,9.39,Fitbit App
2026-04-19T21:04:19Z,8.72,Fitbit App
2026-04-19T21:05:19Z,8.05,Fitbit App
2026-04-19T21:06:19Z,13.42,Fitbit App
2026-04-19T21:07:19Z,2.68,Fitbit App
2026-04-19T21:10:19Z,6.04,Fitbit App
2026-04-19T21:17:19Z,1.34,Fitbit App
2026-04-19T21:18:19Z,6.71,Fitbit App
2026-04-19T21:20:19Z,0.67,Fitbit App
2026-04-19T21:21:19Z,9.39,Fitbit App
2026-04-19T21:22:19Z,26.17,Fitbit App
2026-04-19T21:28:19Z,11.41,Fitbit App
2026-04-19T21:29:19Z,9.39,Fitbit App
2026-04-19T21:30:19Z,32.21,Fitbit App
2026-04-19T21:31:19Z,15.43,Fitbit App
2026-04-19T21:32:19Z,26.84,Fitbit App
2026-04-19T21:33:19Z,18.12,Fitbit App
2026-04-19T21:34:19Z,3.36,Fitbit App
2026-04-19T21:38:19Z,8.72,Fitbit App
2026-04-19T21:39:19Z,20.80,Fitbit App
2026-04-19T21:40:19Z,10.07,Fitbit App
2026-04-19T21:41:19Z,38.25,Fitbit App
2026-04-19T21:42:19Z,9.39,Fitbit App
2026-04-19T21:43:19Z,64.08,Fitbit App
2026-04-19T21:44:19Z,20.80,Fitbit App
2026-04-19T21:45:19Z,64.08,Fitbit App
2026-04-19T21:46:19Z,30.20,Fitbit App
2026-04-19T21:47:19Z,25.50,Fitbit App
2026-04-19T21:48:19Z,41.60,Fitbit App
2026-04-19T21:49:19Z,73.61,Fitbit App
2026-04-19T21:50:19Z,5.37,Fitbit App
2026-04-19T21:54:19Z,8.72,Fitbit App
2026-04-19T21:55:19Z,9.39,Fitbit App
2026-04-19T22:00:19Z,8.05,Fitbit App
2026-04-19T22:01:19Z,28.85,Fitbit App
2026-04-19T22:02:19Z,12.75,Fitbit App
2026-04-19T22:03:19Z,18.79,Fitbit App
2026-04-19T22:04:19Z,6.71,Fitbit App
2026-04-19T22:05:19Z,26.84,Fitbit App
2026-04-19T22:08:19Z,1.34,Fitbit App
2026-04-19T22:09:19Z,18.12,Fitbit App
2026-04-19T22:10:19Z,73.61,Fitbit App
2026-04-19T22:11:19Z,41.60,Fitbit App
2026-04-19T22:12:19Z,42.27,Fitbit App
2026-04-19T22:13:19Z,20.13,Fitbit App
2026-04-19T22:14:19Z,41.60,Fitbit App
2026-04-19T22:15:19Z,34.89,Fitbit App
2026-04-19T22:16:19Z,6.71,Fitbit App
2026-04-19T22:17:19Z,4.70,Fitbit App
2026-04-19T22:18:19Z,2.68,Fitbit App
2026-04-19T22:19:19Z,16.78,Fitbit App
2026-04-19T22:20:19Z,20.80,Fitbit App
2026-04-19T22:23:19Z,9.39,Fitbit App
2026-04-19T22:24:19Z,42.94,Fitbit App
2026-04-19T22:25:19Z,32.21,Fitbit App
2026-04-19T22:26:19Z,17.45,Fitbit App
2026-04-19T22:27:19Z,14.76,Fitbit App
2026-04-19T22:28:19Z,24.83,Fitbit App
2026-04-19T22:29:19Z,61.49,Fitbit App
2026-04-19T22:30:19Z,21.47,Fitbit App
2026-04-19T22:31:19Z,86.60,Fitbit App
2026-04-19T22:32:19Z,30.20,Fitbit App
2026-04-19T22:33:19Z,71.01,Fitbit App
2026-04-19T22:34:19Z,34.22,Fitbit App
2026-04-19T22:44:19Z,8.05,Fitbit App
2026-04-19T22:45:19Z,16.10,Fitbit App
2026-04-19T22:46:19Z,10.07,Fitbit App
2026-04-19T22:47:19Z,6.71,Fitbit App
2026-04-19T22:48:19Z,7.38,Fitbit App
2026-04-19T22:55:19Z,8.72,Fitbit App
2026-04-19T22:56:19Z,6.71,Fitbit App
2026-04-19T23:15:19Z,6.04,Fitbit App
2026-04-19T23:16:19Z,13.42,Fitbit App
2026-04-19T23:25:19Z,4.70,Fitbit App
2026-04-19T23:26:19Z,16.78,Fitbit App
2026-04-19T23:27:19Z,12.08,Fitbit App
2026-04-19T23:28:19Z,4.03,Fitbit App
2026-04-19T23:29:19Z,13.42,Fitbit App
2026-04-19T23:30:19Z,15.43,Fitbit App
2026-04-19T23:31:19Z,10.07,Fitbit App
2026-04-19T23:32:19Z,26.17,Fitbit App
2026-04-19T23:33:19Z,32.88,Fitbit App
2026-04-19T23:34:19Z,5.37,Fitbit App
2026-04-19T23:46:19Z,12.08,Fitbit App
2026-04-19T23:47:19Z,30.20,Fitbit App
2026-04-19T23:48:19Z,3.36,Fitbit App
2026-04-19T23:49:19Z,13.42,Fitbit App
2026-04-19T23:50:19Z,4.70,Fitbit App
2026-04-19T23:51:19Z,24.83,Fitbit App
2026-04-19T23:52:19Z,28.18,Fitbit App
2026-04-20T00:00:19Z,1.34,Fitbit App
2026-04-20T00:01:19Z,16.78,Fitbit App
2026-04-20T00:02:19Z,32.88,Fitbit App
2026-04-20T00:20:19Z,5.37,Fitbit App
2026-04-20T00:21:19Z,18.79,Fitbit App
2026-04-20T00:22:19Z,17.45,Fitbit App
2026-04-20T00:23:19Z,24.16,Fitbit App
2026-04-20T00:24:19Z,21.47,Fitbit App
2026-04-20T00:25:19Z,20.80,Fitbit App
2026-04-20T00:26:19Z,5.37,Fitbit App
2026-04-20T00:27:19Z,10.74,Fitbit App
2026-04-20T00:28:19Z,11.41,Fitbit App
2026-04-20T00:32:19Z,3.36,Fitbit App
2026-04-20T00:33:19Z,12.75,Fitbit App
2026-04-20T00:34:19Z,6.71,Fitbit App
2026-04-20T00:35:19Z,6.71,Fitbit App
2026-04-20T00:36:19Z,34.22,Fitbit App
2026-04-20T00:37:19Z,17.45,Fitbit App
2026-04-20T00:38:19Z,98.72,Fitbit App
2026-04-20T00:39:19Z,18.79,Fitbit App
2026-04-20T00:40:19Z,12.08,Fitbit App
2026-04-20T00:42:19Z,4.70,Fitbit App
2026-04-20T00:43:19Z,18.12,Fitbit App
2026-04-20T00:44:19Z,11.41,Fitbit App
2026-04-20T00:45:19Z,28.85,Fitbit App
2026-04-20T00:46:19Z,21.47,Fitbit App
2026-04-20T00:48:19Z,8.05,Fitbit App
2026-04-20T00:49:19Z,12.08,Fitbit App
2026-04-20T00:50:19Z,8.72,Fitbit App
2026-04-20T00:51:19Z,18.79,Fitbit App
2026-04-20T00:52:19Z,4.70,Fitbit App
2026-04-20T00:53:19Z,24.83,Fitbit App
2026-04-20T00:54:19Z,10.74,Fitbit App
2026-04-20T00:55:19Z,6.04,Fitbit App
2026-04-20T00:56:19Z,13.42,Fitbit App
2026-04-20T00:57:19Z,10.74,Fitbit App
2026-04-20T00:58:19Z,12.75,Fitbit App
2026-04-20T00:59:19Z,7.38,Fitbit App
2026-04-20T01:06:19Z,6.04,Fitbit App
2026-04-20T01:07:19Z,33.55,Fitbit App
2026-04-20T01:08:19Z,23.49,Fitbit App
2026-04-20T01:09:19Z,15.43,Fitbit App
2026-04-20T01:11:19Z,4.70,Fitbit App
2026-04-20T01:12:19Z,18.12,Fitbit App
2026-04-20T01:13:19Z,12.75,Fitbit App
2026-04-20T01:14:19Z,38.92,Fitbit App
2026-04-20T01:15:19Z,20.80,Fitbit App
2026-04-20T01:16:19Z,19.46,Fitbit App
2026-04-20T01:20:19Z,4.70,Fitbit App
2026-04-20T01:21:19Z,14.76,Fitbit App
2026-04-20T01:22:19Z,14.76,Fitbit App
2026-04-20T01:23:19Z,63.22,Fitbit App
2026-04-20T01:24:19Z,12.75,Fitbit App
2026-04-20T01:25:19Z,64.08,Fitbit App
2026-04-20T01:26:19Z,3.36,Fitbit App
2026-04-20T01:27:19Z,12.75,Fitbit App
2026-04-20T01:29:19Z,4.03,Fitbit App
2026-04-20T01:30:19Z,11.41,Fitbit App
2026-04-20T01:31:19Z,10.74,Fitbit App
2026-04-20T01:32:19Z,15.43,Fitbit App
2026-04-20T01:33:19Z,1.34,Fitbit App
2026-04-20T01:34:19Z,4.70,Fitbit App
2026-04-20T01:35:19Z,20.80,Fitbit App
2026-04-20T01:36:19Z,8.05,Fitbit App
2026-04-20T01:37:19Z,3.36,Fitbit App
2026-04-20T01:38:19Z,3.36,Fitbit App
2026-04-20T01:39:19Z,4.03,Fitbit App
2026-04-20T01:40:19Z,4.70,Fitbit App
2026-04-20T01:41:19Z,26.17,Fitbit App
2026-04-20T01:42:19Z,32.21,Fitbit App
2026-04-20T01:43:19Z,10.07,Fitbit App
2026-04-20T01:44:19Z,8.72,Fitbit App
2026-04-20T01:45:19Z,16.78,Fitbit App
2026-04-20T01:46:19Z,3.36,Fitbit App
2026-04-20T01:47:19Z,5.37,Fitbit App
2026-04-20T01:48:19Z,22.81,Fitbit App
2026-04-20T01:50:19Z,5.37,Fitbit App
2026-04-20T01:51:19Z,13.42,Fitbit App
2026-04-20T01:52:19Z,7.38,Fitbit App
2026-04-20T01:53:19Z,18.79,Fitbit App
2026-04-20T01:54:19Z,18.79,Fitbit App
2026-04-20T01:56:19Z,10.07,Fitbit App
2026-04-20T01:57:19Z,22.81,Fitbit App
2026-04-20T01:58:19Z,16.78,Fitbit App
2026-04-20T01:59:19Z,30.20,Fitbit App
2026-04-20T02:00:19Z,42.94,Fitbit App
2026-04-20T02:01:19Z,6.71,Fitbit App
2026-04-20T02:02:19Z,38.92,Fitbit App
2026-04-20T02:03:19Z,13.42,Fitbit App
2026-04-20T02:04:19Z,0.67,Fitbit App
2026-04-20T02:05:19Z,13.42,Fitbit App
2026-04-20T02:06:19Z,20.13,Fitbit App
2026-04-20T02:07:19Z,12.75,Fitbit App
2026-04-20T02:08:19Z,25.50,Fitbit App
2026-04-20T02:09:19Z,25.50,Fitbit App
2026-04-20T02:10:19Z,38.25,Fitbit App
2026-04-20T02:11:19Z,37.58,Fitbit App
2026-04-20T02:12:19Z,3.36,Fitbit App
2026-04-20T02:13:19Z,22.81,Fitbit App
2026-04-20T02:14:19Z,30.20,Fitbit App
2026-04-20T02:15:19Z,16.78,Fitbit App
2026-04-20T02:17:19Z,0.67,Fitbit App
2026-04-20T02:18:19Z,12.08,Fitbit App
2026-04-20T02:19:19Z,38.92,Fitbit App
2026-04-20T02:20:19Z,19.46,Fitbit App
2026-04-20T02:21:19Z,1.34,Fitbit App
2026-04-20T02:22:19Z,13.42,Fitbit App
2026-04-20T02:23:19Z,9.39,Fitbit App
2026-04-20T02:24:19Z,21.47,Fitbit App
2026-04-20T02:25:19Z,34.89,Fitbit App
2026-04-20T02:26:19Z,5.37,Fitbit App
2026-04-20T02:28:19Z,2.01,Fitbit App
2026-04-20T02:29:19Z,20.80,Fitbit App
2026-04-20T02:30:19Z,1.34,Fitbit App
2026-04-20T02:47:19Z,6.04,Fitbit App
2026-04-20T02:48:19Z,34.89,Fitbit App
2026-04-20T02:49:19Z,11.41,Fitbit App
2026-04-20T03:31:19Z,1.34,Fitbit App
2026-04-20T03:32:19Z,14.09,Fitbit App
2026-04-20T03:33:19Z,15.43,Fitbit App
2026-04-20T03:34:19Z,20.80,Fitbit App
2026-04-20T03:35:19Z,41.60,Fitbit App
2026-04-20T04:08:19Z,11.41,Fitbit App
2026-04-20T04:09:19Z,16.78,Fitbit App
2026-04-20T04:10:19Z,20.80,Fitbit App
2026-04-20T04:11:19Z,26.17,Fitbit App
2026-04-20T04:17:19Z,4.03,Fitbit App
2026-04-20T04:18:19Z,8.72,Fitbit App
2026-04-20T04:21:19Z,11.41,Fitbit App
2026-04-20T04:22:19Z,14.09,Fitbit App
2026-04-20T04:30:19Z,6.71,Fitbit App
2026-04-20T04:31:19Z,10.74,Fitbit App
2026-04-20T04:34:19Z,3.36,Fitbit App
2026-04-20T04:35:19Z,18.12,Fitbit App
2026-04-20T04:36:19Z,16.10,Fitbit App
2026-04-20T04:37:19Z,9.39,Fitbit App
2026-04-20T04:38:19Z,40.26,Fitbit App
2026-04-20T04:39:19Z,11.41,Fitbit App
2026-04-20T04:40:19Z,36.91,Fitbit App
2026-04-20T04:41:19Z,4.03,Fitbit App
2026-04-20T04:42:19Z,2.01,Fitbit App
2026-04-20T04:43:19Z,28.18,Fitbit App
2026-04-20T04:44:19Z,38.25,Fitbit App
2026-04-20T04:45:19Z,90.06,Fitbit App
2026-04-20T04:46:19Z,36.23,Fitbit App
2026-04-20T04:50:19Z,5.37,Fitbit App
2026-04-20T04:51:19Z,5.37,Fitbit App
2026-04-20T04:52:19Z,65.82,Fitbit App
2026-04-20T04:53:19Z,79.67,Fitbit App
2026-04-20T05:24:19Z,0.67,Fitbit App
2026-04-20T05:25:19Z,14.09,Fitbit App
2026-04-20T05:26:19Z,78.81,Fitbit App
2026-04-20T05:27:19Z,16.10,Fitbit App
2026-04-20T05:28:19Z,6.04,Fitbit App
2026-04-20T05:30:19Z,10.74,Fitbit App
2026-04-20T05:31:19Z,17.45,Fitbit App
2026-04-20T05:37:19Z,3.36,Fitbit App
2026-04-20T05:38:19Z,28.85,Fitbit App
2026-04-20T05:39:19Z,94.39,Fitbit App
2026-04-20T05:40:19Z,85.73,Fitbit App
2026-04-20T05:41:08Z,105.65,Fitbit App
2026-04-20T05:42:08Z,106.52,Fitbit App
2026-04-20T05:43:08Z,70.15,Fitbit App
2026-04-20T06:08:08Z,3.36,Fitbit App
2026-04-20T06:09:08Z,30.87,Fitbit App
2026-04-20T06:10:08Z,105.65,Fitbit App
2026-04-20T06:11:08Z,20.80,Fitbit App
2026-04-20T06:12:08Z,44.96,Fitbit App
2026-04-20T06:13:08Z,9.39,Fitbit App
2026-04-20T06:16:08Z,2.68,Fitbit App
2026-04-20T06:17:08Z,1.34,Fitbit App
2026-04-20T08:37:08Z,5.37,Fitbit App
2026-04-20T08:38:08Z,6.71,Fitbit App
2026-04-20T08:40:08Z,4.70,Fitbit App
2026-04-20T08:41:08Z,26.17,Fitbit App
2026-04-20T08:42:08Z,17.45,Fitbit App
2026-04-20T08:43:08Z,8.05,Fitbit App
2026-04-20T08:44:08Z,10.74,Fitbit App
2026-04-20T08:45:08Z,20.13,Fitbit App
2026-04-20T08:46:08Z,93.53,Fitbit App
2026-04-20T08:47:08Z,96.13,Fitbit App
2026-04-20T08:48:08Z,100.46,Fitbit App
2026-04-20T08:49:08Z,31.54,Fitbit App
2026-04-20T09:32:08Z,4.03,Fitbit App
2026-04-20T09:33:08Z,12.08,Fitbit App
2026-04-20T09:34:08Z,61.49,Fitbit App
2026-04-20T09:35:08Z,77.94,Fitbit App
2026-04-20T09:36:08Z,97.86,Fitbit App
2026-04-20T09:37:08Z,93.53,Fitbit App
2026-04-20T09:38:08Z,36.23,Fitbit App
2026-04-20T09:39:08Z,67.55,Fitbit App
2026-04-20T09:40:08Z,12.08,Fitbit App
2026-04-20T09:41:08Z,29.52,Fitbit App
2026-04-20T10:01:08Z,0.67,Fitbit App
2026-04-20T10:02:08Z,4.70,Fitbit App
2026-04-20T12:23:08Z,2.68,Fitbit App
2026-04-20T12:24:08Z,2.01,Fitbit App
2026-04-20T13:03:08Z,4.70,Fitbit App
2026-04-20T13:04:08Z,3.36,Fitbit App
2026-04-20T13:05:08Z,2.01,Fitbit App
2026-04-20T13:06:08Z,2.68,Fitbit App
2026-04-20T13:10:08Z,2.01,Fitbit App
2026-04-20T13:11:08Z,3.36,Fitbit App
2026-04-20T13:17:08Z,3.36,Fitbit App
2026-04-20T13:18:08Z,9.39,Fitbit App
2026-04-20T13:19:08Z,8.72,Fitbit App
2026-04-20T13:24:08Z,1.34,Fitbit App
2026-04-20T13:25:08Z,6.04,Fitbit App
2026-04-20T19:51:08Z,1.34,Fitbit App
2026-04-20T19:52:08Z,5.37,Fitbit App
2026-04-20T20:00:08Z,0.67,Fitbit App
2026-04-20T20:01:08Z,10.07,Fitbit App
2026-04-20T20:02:08Z,39.59,Fitbit App
2026-04-20T20:03:08Z,13.42,Fitbit App
2026-04-20T20:04:08Z,82.27,Fitbit App
2026-04-20T20:05:08Z,108.25,Fitbit App
2026-04-20T20:06:08Z,25.50,Fitbit App
2026-04-20T20:13:08Z,3.36,Fitbit App
2026-04-20T20:14:08Z,12.08,Fitbit App
2026-04-20T20:39:08Z,8.72,Fitbit App
2026-04-20T20:40:08Z,81.40,Fitbit App
2026-04-20T20:41:08Z,87.47,Fitbit App
2026-04-20T20:42:08Z,96.99,Fitbit App
2026-04-20T20:43:08Z,72.74,Fitbit App
2026-04-20T20:44:08Z,11.41,Fitbit App
2026-04-20T20:45:08Z,10.74,Fitbit App
2026-04-20T20:46:08Z,4.70,Fitbit App
2026-04-20T20:47:08Z,11.41,Fitbit App
2026-04-20T20:48:08Z,34.22,Fitbit App
2026-04-20T20:49:08Z,10.74,Fitbit App
2026-04-20T20:50:08Z,59.75,Fitbit App
2026-04-20T20:51:08Z,18.79,Fitbit App
2026-04-20T20:52:08Z,19.46,Fitbit App
2026-04-20T20:53:08Z,18.79,Fitbit App
2026-04-20T20:54:08Z,64.95,Fitbit App
2026-04-20T20:55:08Z,107.38,Fitbit App
2026-04-20T20:56:08Z,31.54,Fitbit App
2026-04-20T20:59:08Z,8.72,Fitbit App
2026-04-20T21:00:08Z,2.01,Fitbit App
2026-04-20T21:02:08Z,10.07,Fitbit App
2026-04-20T21:03:08Z,28.85,Fitbit App
2026-04-20T21:04:08Z,18.79,Fitbit App
2026-04-20T21:05:08Z,28.85,Fitbit App
2026-04-20T21:06:08Z,43.62,Fitbit App
2026-04-20T21:07:08Z,24.16,Fitbit App
2026-04-20T21:08:08Z,7.38,Fitbit App
2026-04-20T21:09:08Z,20.13,Fitbit App
2026-04-20T21:10:08Z,4.70,Fitbit App
2026-04-20T21:11:08Z,30.20,Fitbit App
2026-04-20T21:12:08Z,38.25,Fitbit App
2026-04-20T21:13:08Z,26.84,Fitbit App
2026-04-20T21:14:08Z,30.20,Fitbit App
2026-04-20T21:15:08Z,12.75,Fitbit App
2026-04-20T21:16:08Z,25.50,Fitbit App
2026-04-20T21:17:08Z,22.81,Fitbit App
2026-04-20T21:19:08Z,3.36,Fitbit App
2026-04-20T21:20:08Z,13.42,Fitbit App
2026-04-20T21:21:08Z,6.04,Fitbit App
2026-04-20T21:22:08Z,9.39,Fitbit App
2026-04-20T21:23:08Z,40.26,Fitbit App
2026-04-20T21:24:08Z,83.14,Fitbit App
2026-04-20T21:25:08Z,4.70,Fitbit App
2026-04-20T21:26:08Z,1.34,Fitbit App
2026-04-20T21:27:08Z,20.13,Fitbit App
2026-04-20T21:28:08Z,31.54,Fitbit App
2026-04-20T21:29:08Z,64.95,Fitbit App
2026-04-20T21:30:08Z,29.52,Fitbit App
2026-04-20T21:31:08Z,31.54,Fitbit App
2026-04-20T21:32:08Z,42.94,Fitbit App
2026-04-20T21:33:08Z,38.25,Fitbit App
2026-04-20T21:34:08Z,37.58,Fitbit App
2026-04-20T21:35:08Z,26.17,Fitbit App
2026-04-20T21:36:08Z,79.67,Fitbit App
2026-04-20T21:37:08Z,20.80,Fitbit App
2026-04-20T21:38:08Z,11.41,Fitbit App
2026-04-20T21:39:08Z,14.76,Fitbit App
2026-04-20T21:40:08Z,20.13,Fitbit App
2026-04-20T21:41:08Z,22.81,Fitbit App
2026-04-20T21:42:08Z,86.60,Fitbit App
2026-04-20T21:43:08Z,28.18,Fitbit App
2026-04-20T21:44:08Z,23.49,Fitbit App
2026-04-20T21:45:08Z,81.40,Fitbit App
2026-04-20T21:46:08Z,75.34,Fitbit App
2026-04-20T21:47:08Z,68.41,Fitbit App
2026-04-20T21:48:08Z,20.13,Fitbit App
2026-04-20T21:49:08Z,16.78,Fitbit App
2026-04-20T21:50:08Z,8.72,Fitbit App
2026-04-20T21:51:08Z,18.12,Fitbit App
2026-04-20T21:52:08Z,31.54,Fitbit App
2026-04-20T21:53:08Z,97.86,Fitbit App
2026-04-20T21:54:08Z,40.26,Fitbit App
2026-04-20T21:55:08Z,64.95,Fitbit App
2026-04-20T21:56:08Z,16.78,Fitbit App
2026-04-20T21:57:08Z,20.80,Fitbit App
2026-04-20T21:58:08Z,40.93,Fitbit App
2026-04-20T22:00:08Z,4.03,Fitbit App
2026-04-20T22:01:08Z,39.59,Fitbit App
2026-04-20T22:02:08Z,87.47,Fitbit App
2026-04-20T22:03:08Z,24.16,Fitbit App
2026-04-20T22:05:08Z,1.34,Fitbit App
2026-04-20T22:06:08Z,14.09,Fitbit App
2026-04-20T22:07:08Z,34.89,Fitbit App
2026-04-20T22:08:08Z,0.67,Fitbit App
2026-04-20T22:14:08Z,6.04,Fitbit App
2026-04-20T22:15:08Z,62.35,Fitbit App
2026-04-20T22:16:08Z,37.58,Fitbit App
2026-04-20T22:17:08Z,73.61,Fitbit App
2026-04-20T22:18:08Z,4.03,Fitbit App
2026-04-20T22:19:08Z,12.08,Fitbit App
2026-04-20T22:25:08Z,8.72,Fitbit App
2026-04-20T22:26:08Z,69.28,Fitbit App
2026-04-20T22:27:08Z,77.07,Fitbit App
2026-04-20T22:28:08Z,67.55,Fitbit App
2026-04-20T22:29:08Z,13.42,Fitbit App
2026-04-20T22:46:08Z,10.74,Fitbit App
2026-04-20T22:47:08Z,59.75,Fitbit App
2026-04-20T22:48:08Z,28.85,Fitbit App
2026-04-20T22:49:08Z,18.12,Fitbit App
2026-04-20T22:50:08Z,2.68,Fitbit App
2026-04-20T22:51:08Z,16.10,Fitbit App
2026-04-20T22:52:08Z,12.08,Fitbit App
2026-04-20T22:55:08Z,5.37,Fitbit App
2026-04-20T22:56:08Z,7.38,Fitbit App
2026-04-20T22:58:08Z,11.41,Fitbit App
2026-04-20T22:59:08Z,13.42,Fitbit App
2026-04-20T23:00:08Z,1.34,Fitbit App
2026-04-20T23:01:08Z,15.43,Fitbit App
2026-04-20T23:02:08Z,61.49,Fitbit App
2026-04-20T23:03:08Z,16.10,Fitbit App
2026-04-20T23:04:08Z,22.14,Fitbit App
2026-04-20T23:08:08Z,0.67,Fitbit App
2026-04-20T23:09:08Z,4.03,Fitbit App
2026-04-20T23:12:08Z,0.67,Fitbit App
2026-04-20T23:13:08Z,6.71,Fitbit App
2026-04-20T23:14:08Z,6.71,Fitbit App
2026-04-21T00:04:08Z,1.34,Fitbit App
2026-04-21T00:05:08Z,12.75,Fitbit App
2026-04-21T00:06:08Z,16.78,Fitbit App
2026-04-21T00:07:08Z,7.38,Fitbit App
2026-04-21T00:08:08Z,12.75,Fitbit App
2026-04-21T00:09:08Z,8.05,Fitbit App
2026-04-21T00:10:08Z,17.45,Fitbit App
2026-04-21T00:13:08Z,7.38,Fitbit App
2026-04-21T00:14:08Z,12.75,Fitbit App
2026-04-21T00:21:08Z,9.39,Fitbit App
2026-04-21T00:22:08Z,7.38,Fitbit App
2026-04-21T00:28:08Z,3.36,Fitbit App
2026-04-21T00:29:08Z,16.10,Fitbit App
2026-04-21T00:30:08Z,14.76,Fitbit App
2026-04-21T00:39:08Z,3.36,Fitbit App
2026-04-21T00:40:08Z,17.45,Fitbit App
2026-04-21T00:41:08Z,16.78,Fitbit App
2026-04-21T00:42:08Z,14.76,Fitbit App
2026-04-21T00:43:08Z,20.13,Fitbit App
2026-04-21T00:57:08Z,9.39,Fitbit App
2026-04-21T00:58:08Z,20.80,Fitbit App
2026-04-21T01:04:08Z,7.38,Fitbit App
2026-04-21T01:05:08Z,21.47,Fitbit App
2026-04-21T01:06:08Z,26.17,Fitbit App
2026-04-21T01:07:08Z,24.83,Fitbit App
2026-04-21T01:08:08Z,31.54,Fitbit App
2026-04-21T01:09:08Z,1.34,Fitbit App
2026-04-21T01:10:08Z,0.67,Fitbit App
2026-04-21T01:11:08Z,10.74,Fitbit App
2026-04-21T01:12:08Z,4.03,Fitbit App
2026-04-21T01:13:08Z,0.67,Fitbit App
2026-04-21T01:17:08Z,5.37,Fitbit App
2026-04-21T01:18:08Z,20.13,Fitbit App
2026-04-21T01:19:08Z,25.50,Fitbit App
2026-04-21T01:20:08Z,10.74,Fitbit App
2026-04-21T01:21:08Z,7.38,Fitbit App
2026-04-21T01:22:08Z,30.87,Fitbit App
2026-04-21T01:24:08Z,2.68,Fitbit App
2026-04-21T01:25:08Z,13.42,Fitbit App
2026-04-21T01:26:08Z,9.39,Fitbit App
2026-04-21T01:27:08Z,4.03,Fitbit App
2026-04-21T01:28:08Z,2.01,Fitbit App
2026-04-21T01:31:08Z,6.71,Fitbit App
2026-04-21T01:32:08Z,28.18,Fitbit App
2026-04-21T01:38:08Z,8.72,Fitbit App
2026-04-21T01:39:08Z,9.39,Fitbit App
2026-04-21T01:44:08Z,4.03,Fitbit App
2026-04-21T01:45:08Z,19.46,Fitbit App
2026-04-21T01:46:08Z,29.52,Fitbit App
2026-04-21T01:47:08Z,8.05,Fitbit App
2026-04-21T01:51:08Z,6.04,Fitbit App
2026-04-21T01:52:08Z,13.42,Fitbit App
2026-04-21T01:53:08Z,26.84,Fitbit App
2026-04-21T01:54:08Z,40.93,Fitbit App
2026-04-21T01:55:08Z,22.81,Fitbit App
2026-04-21T01:56:08Z,24.83,Fitbit App
2026-04-21T01:57:08Z,45.63,Fitbit App
2026-04-21T01:58:08Z,18.12,Fitbit App
2026-04-21T01:59:08Z,32.88,Fitbit App
2026-04-21T02:00:08Z,35.56,Fitbit App
2026-04-21T02:01:08Z,11.41,Fitbit App
2026-04-21T02:02:08Z,34.89,Fitbit App
2026-04-21T02:03:08Z,3.36,Fitbit App
2026-04-21T02:04:08Z,25.50,Fitbit App
2026-04-21T02:05:08Z,13.42,Fitbit App
2026-04-21T02:06:08Z,16.78,Fitbit App
2026-04-21T02:07:08Z,10.07,Fitbit App
2026-04-21T02:08:08Z,20.13,Fitbit App
2026-04-21T02:09:08Z,30.87,Fitbit App
2026-04-21T02:10:08Z,27.51,Fitbit App
2026-04-21T02:11:08Z,38.25,Fitbit App
2026-04-21T02:12:08Z,26.17,Fitbit App
2026-04-21T02:13:08Z,25.50,Fitbit App
2026-04-21T02:14:08Z,29.52,Fitbit App
2026-04-21T02:15:08Z,33.55,Fitbit App
2026-04-21T02:16:08Z,25.50,Fitbit App
2026-04-21T02:18:08Z,10.74,Fitbit App
2026-04-21T02:19:08Z,40.26,Fitbit App
2026-04-21T02:20:08Z,17.45,Fitbit App
2026-04-21T02:21:08Z,2.68,Fitbit App
2026-04-21T02:22:08Z,10.07,Fitbit App
2026-04-21T02:23:08Z,26.17,Fitbit App
2026-04-21T02:24:08Z,10.74,Fitbit App
2026-04-21T02:25:08Z,9.39,Fitbit App
2026-04-21T02:26:08Z,9.39,Fitbit App
2026-04-21T02:27:08Z,22.14,Fitbit App
2026-04-21T02:28:08Z,4.70,Fitbit App
2026-04-21T02:29:08Z,12.75,Fitbit App
2026-04-21T02:56:08Z,4.70,Fitbit App
2026-04-21T02:57:08Z,32.88,Fitbit App
2026-04-21T02:58:08Z,16.78,Fitbit App
2026-04-21T02:59:08Z,6.04,Fitbit App
2026-04-21T03:01:08Z,8.05,Fitbit App
2026-04-21T03:02:08Z,17.45,Fitbit App
2026-04-21T03:05:08Z,2.68,Fitbit App
2026-04-21T03:06:08Z,10.74,Fitbit App
2026-04-21T03:07:08Z,3.36,Fitbit App
2026-04-21T03:08:08Z,38.92,Fitbit App
2026-04-21T03:09:08Z,34.22,Fitbit App
2026-04-21T03:10:08Z,13.42,Fitbit App
2026-04-21T03:11:08Z,31.54,Fitbit App
2026-04-21T03:12:08Z,5.37,Fitbit App
2026-04-21T03:13:08Z,63.22,Fitbit App
2026-04-21T03:14:08Z,20.13,Fitbit App
2026-04-21T03:15:08Z,8.05,Fitbit App
2026-04-21T03:16:08Z,14.09,Fitbit App
2026-04-21T03:21:08Z,6.71,Fitbit App
2026-04-21T03:22:08Z,7.38,Fitbit App
2026-04-21T03:23:08Z,3.36,Fitbit App
2026-04-21T03:24:08Z,12.08,Fitbit App
2026-04-21T03:25:08Z,12.75,Fitbit App
2026-04-21T03:26:08Z,2.68,Fitbit App
2026-04-21T03:27:08Z,9.39,Fitbit App
2026-04-21T03:28:08Z,12.08,Fitbit App
2026-04-21T03:29:08Z,0.67,Fitbit App
2026-04-21T03:30:08Z,12.08,Fitbit App
2026-04-21T03:31:08Z,19.46,Fitbit App
2026-04-21T03:34:08Z,2.68,Fitbit App
2026-04-21T03:35:08Z,2.68,Fitbit App
2026-04-21T03:37:08Z,9.39,Fitbit App
2026-04-21T03:38:08Z,35.56,Fitbit App
2026-04-21T03:39:08Z,26.84,Fitbit App
2026-04-21T03:48:08Z,2.01,Fitbit App
2026-04-21T03:49:08Z,7.38,Fitbit App
2026-04-21T03:50:08Z,6.71,Fitbit App
2026-04-21T03:51:08Z,10.74,Fitbit App
2026-04-21T03:52:08Z,14.09,Fitbit App
2026-04-21T03:53:08Z,7.38,Fitbit App
2026-04-21T03:54:08Z,14.76,Fitbit App
2026-04-21T03:55:08Z,43.62,Fitbit App
2026-04-21T03:56:08Z,24.16,Fitbit App
2026-04-21T03:57:08Z,22.81,Fitbit App
2026-04-21T03:58:08Z,15.43,Fitbit App
2026-04-21T03:59:08Z,44.96,Fitbit App
2026-04-21T04:00:08Z,9.39,Fitbit App
2026-04-21T04:01:08Z,7.38,Fitbit App
2026-04-21T04:02:08Z,29.52,Fitbit App
2026-04-21T04:03:08Z,78.81,Fitbit App
2026-04-21T04:04:08Z,10.07,Fitbit App
2026-04-21T04:05:08Z,1.34,Fitbit App
2026-04-21T04:06:08Z,13.42,Fitbit App
2026-04-21T04:07:08Z,9.39,Fitbit App
2026-04-21T04:08:08Z,3.36,Fitbit App
2026-04-21T04:14:08Z,4.03,Fitbit App
2026-04-21T04:15:08Z,38.92,Fitbit App
2026-04-21T04:16:08Z,13.42,Fitbit App
2026-04-21T04:17:08Z,8.72,Fitbit App
2026-04-21T04:19:08Z,2.68,Fitbit App
2026-04-21T04:20:08Z,7.38,Fitbit App
2026-04-21T04:21:08Z,16.10,Fitbit App
2026-04-21T04:22:08Z,16.10,Fitbit App
2026-04-21T04:23:08Z,6.71,Fitbit App
2026-04-21T04:24:08Z,12.75,Fitbit App
2026-04-21T04:27:08Z,4.70,Fitbit App
2026-04-21T04:28:08Z,5.37,Fitbit App
2026-04-21T04:29:08Z,4.70,Fitbit App
2026-04-21T04:30:08Z,17.45,Fitbit App
2026-04-21T04:31:08Z,22.14,Fitbit App
2026-04-21T04:32:08Z,12.75,Fitbit App
2026-04-21T04:33:08Z,9.39,Fitbit App
2026-04-21T04:34:08Z,9.39,Fitbit App
2026-04-21T04:35:08Z,18.79,Fitbit App
2026-04-21T04:37:08Z,0.67,Fitbit App
2026-04-21T04:38:08Z,10.07,Fitbit App
2026-04-21T04:39:08Z,7.38,Fitbit App
2026-04-21T04:40:08Z,1.34,Fitbit App
2026-04-21T04:41:08Z,20.13,Fitbit App
2026-04-21T04:42:08Z,38.25,Fitbit App
2026-04-21T04:43:08Z,64.08,Fitbit App
2026-04-21T04:44:08Z,90.93,Fitbit App
2026-04-21T04:45:08Z,12.75,Fitbit App
2026-04-21T04:46:08Z,19.46,Fitbit App
2026-04-21T04:47:08Z,93.53,Fitbit App
2026-04-21T04:48:08Z,37.58,Fitbit App
2026-04-21T04:49:08Z,37.58,Fitbit App
2026-04-21T04:50:08Z,16.78,Fitbit App
2026-04-21T04:51:08Z,15.43,Fitbit App
2026-04-21T04:53:08Z,8.05,Fitbit App
2026-04-21T04:54:08Z,16.10,Fitbit App
2026-04-21T04:55:08Z,9.39,Fitbit App
2026-04-21T04:56:08Z,10.07,Fitbit App
2026-04-21T04:57:08Z,13.42,Fitbit App
2026-04-21T04:58:08Z,7.38,Fitbit App
2026-04-21T04:59:08Z,11.41,Fitbit App
2026-04-21T05:00:08Z,19.46,Fitbit App
2026-04-21T05:01:08Z,25.50,Fitbit App
2026-04-21T05:02:08Z,22.81,Fitbit App
2026-04-21T05:03:08Z,16.78,Fitbit App
2026-04-21T05:04:08Z,8.05,Fitbit App
2026-04-21T05:05:08Z,23.49,Fitbit App
2026-04-21T05:06:08Z,14.09,Fitbit App
2026-04-21T05:07:08Z,22.81,Fitbit App
2026-04-21T05:12:08Z,5.37,Fitbit App
2026-04-21T05:13:08Z,16.78,Fitbit App
2026-04-21T05:14:08Z,15.43,Fitbit App
2026-04-21T05:24:08Z,12.75,Fitbit App
2026-04-21T05:25:08Z,31.54,Fitbit App
2026-04-21T05:26:08Z,6.71,Fitbit App
2026-04-21T05:27:08Z,9.39,Fitbit App
2026-04-21T05:29:08Z,9.39,Fitbit App
2026-04-21T05:30:08Z,0.67,Fitbit App
2026-04-21T05:31:08Z,1.34,Fitbit App
2026-04-21T05:32:08Z,12.75,Fitbit App
2026-04-21T05:33:08Z,31.54,Fitbit App
2026-04-21T05:34:08Z,60.62,Fitbit App
2026-04-21T05:35:08Z,74.48,Fitbit App
2026-04-21T05:36:08Z,39.59,Fitbit App
2026-04-21T05:37:08Z,20.80,Fitbit App
2026-04-21T05:38:08Z,5.37,Fitbit App
2026-04-21T05:39:08Z,6.04,Fitbit App
2026-04-21T05:40:08Z,25.50,Fitbit App
2026-04-21T05:41:08Z,73.61,Fitbit App
2026-04-21T05:42:08Z,77.07,Fitbit App
2026-04-21T05:43:08Z,34.89,Fitbit App
2026-04-21T05:44:08Z,21.47,Fitbit App
2026-04-21T05:50:08Z,4.70,Fitbit App
2026-04-21T05:51:08Z,18.79,Fitbit App
2026-04-21T05:52:08Z,27.51,Fitbit App
2026-04-21T05:53:08Z,35.56,Fitbit App
2026-04-21T05:54:08Z,106.52,Fitbit App
2026-04-21T05:55:08Z,79.67,Fitbit App
2026-04-21T05:56:08Z,103.92,Fitbit App
2026-04-21T05:57:08Z,100.46,Fitbit App
2026-04-21T05:58:12Z,103.92,Fitbit App
2026-04-21T05:59:12Z,104.79,Fitbit App
2026-04-21T06:00:12Z,98.72,Fitbit App
2026-04-21T06:01:12Z,20.13,Fitbit App
2026-04-21T06:02:12Z,13.42,Fitbit App
2026-04-21T06:15:12Z,6.71,Fitbit App
2026-04-21T06:16:12Z,19.46,Fitbit App
2026-04-21T06:32:12Z,9.39,Fitbit App
2026-04-21T06:33:12Z,90.93,Fitbit App
2026-04-21T06:34:12Z,82.27,Fitbit App
2026-04-21T06:35:12Z,11.41,Fitbit App
2026-04-21T06:36:12Z,3.36,Fitbit App
2026-04-21T06:45:12Z,8.72,Fitbit App
2026-04-21T06:46:12Z,18.79,Fitbit App
2026-04-21T06:47:12Z,71.01,Fitbit App
2026-04-21T06:48:12Z,11.41,Fitbit App
2026-04-21T06:49:12Z,4.03,Fitbit App
2026-04-21T06:50:12Z,71.01,Fitbit App
2026-04-21T06:51:12Z,64.08,Fitbit App
2026-04-21T06:52:12Z,24.83,Fitbit App
2026-04-21T08:22:12Z,4.03,Fitbit App
2026-04-21T08:23:12Z,1.34,Fitbit App
2026-04-21T08:25:12Z,4.03,Fitbit App
2026-04-21T08:26:12Z,10.74,Fitbit App
2026-04-21T08:27:12Z,19.46,Fitbit App
2026-04-21T08:28:12Z,16.10,Fitbit App
2026-04-21T08:29:12Z,92.66,Fitbit App
2026-04-21T08:30:12Z,30.20,Fitbit App
2026-04-21T09:11:12Z,1.34,Fitbit App
2026-04-21T09:12:12Z,9.39,Fitbit App
2026-04-21T09:13:12Z,40.93,Fitbit App
2026-04-21T09:14:12Z,92.66,Fitbit App
2026-04-21T09:15:12Z,38.92,Fitbit App
2026-04-21T09:16:12Z,5.37,Fitbit App
2026-04-21T09:17:12Z,11.41,Fitbit App
2026-04-21T09:18:12Z,34.22,Fitbit App
2026-04-21T09:19:12Z,20.13,Fitbit App
2026-04-21T09:20:12Z,80.54,Fitbit App
2026-04-21T09:21:12Z,81.40,Fitbit App
2026-04-21T09:22:12Z,25.50,Fitbit App
2026-04-21T09:23:12Z,19.46,Fitbit App
2026-04-21T09:24:12Z,4.03,Fitbit App
2026-04-21T10:34:12Z,1.34,Fitbit App
2026-04-21T10:35:12Z,10.07,Fitbit App
2026-04-21T10:36:12Z,5.37,Fitbit App
2026-04-21T12:03:12Z,1.34,Fitbit App
2026-04-21T12:04:12Z,3.36,Fitbit App
2026-04-21T12:35:12Z,4.70,Fitbit App
2026-04-21T12:49:12Z,5.37,Fitbit App
2026-04-21T12:50:12Z,0.67,Fitbit App
2026-04-21T19:51:12Z,4.03,Fitbit App
2026-04-21T19:52:12Z,0.67,Fitbit App
2026-04-21T19:53:12Z,1.34,Fitbit App
2026-04-21T19:54:12Z,14.09,Fitbit App
2026-04-21T19:58:12Z,6.71,Fitbit App
2026-04-21T19:59:12Z,12.75,Fitbit App
2026-04-21T20:01:12Z,0.67,Fitbit App
2026-04-21T20:02:12Z,10.07,Fitbit App
2026-04-21T20:03:12Z,8.05,Fitbit App
2026-04-21T20:04:12Z,7.38,Fitbit App
2026-04-21T20:05:12Z,13.42,Fitbit App
2026-04-21T20:07:12Z,10.74,Fitbit App
2026-04-21T20:08:12Z,103.05,Fitbit App
2026-04-21T20:09:12Z,108.25,Fitbit App
2026-04-21T20:10:12Z,2.01,Fitbit App
2026-04-21T20:14:12Z,4.03,Fitbit App
2026-04-21T20:15:12Z,11.41,Fitbit App
2026-04-21T20:19:12Z,1.34,Fitbit App
2026-04-21T20:20:12Z,6.71,Fitbit App
2026-04-21T20:36:12Z,10.74,Fitbit App
2026-04-21T20:37:12Z,99.59,Fitbit App
2026-04-21T20:38:12Z,105.65,Fitbit App
2026-04-21T20:39:12Z,84.00,Fitbit App
2026-04-21T20:40:12Z,40.26,Fitbit App
2026-04-21T20:41:12Z,0.67,Fitbit App
2026-04-21T20:42:12Z,12.08,Fitbit App
2026-04-21T20:43:12Z,34.22,Fitbit App
2026-04-21T20:44:12Z,29.52,Fitbit App
2026-04-21T20:45:12Z,70.15,Fitbit App
2026-04-21T20:48:12Z,4.70,Fitbit App
2026-04-21T20:49:12Z,24.16,Fitbit App
2026-04-21T20:50:12Z,37.58,Fitbit App
2026-04-21T20:51:12Z,35.56,Fitbit App
2026-04-21T20:52:12Z,32.88,Fitbit App
2026-04-21T20:53:12Z,4.03,Fitbit App
2026-04-21T20:54:12Z,14.76,Fitbit App
2026-04-21T20:56:12Z,3.36,Fitbit App
2026-04-21T20:57:12Z,22.14,Fitbit App
2026-04-21T20:58:12Z,42.27,Fitbit App
2026-04-21T20:59:12Z,2.68,Fitbit App
2026-04-21T21:02:12Z,2.01,Fitbit App
2026-04-21T21:03:12Z,15.43,Fitbit App
2026-04-21T21:07:12Z,2.01,Fitbit App
2026-04-21T21:08:12Z,20.13,Fitbit App
2026-04-21T21:09:12Z,35.56,Fitbit App
2026-04-21T21:10:12Z,9.39,Fitbit App
2026-04-21T21:11:12Z,2.68,Fitbit App
2026-04-21T21:12:12Z,10.74,Fitbit App
2026-04-21T21:14:12Z,8.05,Fitbit App
2026-04-21T21:15:12Z,32.21,Fitbit App
2026-04-21T21:17:12Z,7.38,Fitbit App
2026-04-21T21:18:12Z,17.45,Fitbit App
2026-04-21T21:19:12Z,4.70,Fitbit App
2026-04-21T21:20:12Z,16.10,Fitbit App
2026-04-21T21:21:12Z,21.47,Fitbit App
2026-04-21T21:22:12Z,2.68,Fitbit App
2026-04-21T21:23:12Z,31.54,Fitbit App
2026-04-21T21:24:12Z,75.34,Fitbit App
2026-04-21T21:25:12Z,24.83,Fitbit App
2026-04-21T21:26:12Z,10.07,Fitbit App
2026-04-21T21:27:12Z,64.08,Fitbit App
2026-04-21T21:28:12Z,16.10,Fitbit App
2026-04-21T21:29:12Z,19.46,Fitbit App
2026-04-21T21:30:12Z,10.74,Fitbit App
2026-04-21T21:31:12Z,14.76,Fitbit App
2026-04-21T21:32:12Z,22.81,Fitbit App
2026-04-21T21:33:12Z,12.75,Fitbit App
2026-04-21T21:34:12Z,14.09,Fitbit App
2026-04-21T21:35:12Z,23.49,Fitbit App
2026-04-21T21:36:12Z,22.81,Fitbit App
2026-04-21T21:37:12Z,1.34,Fitbit App
2026-04-21T21:38:12Z,13.42,Fitbit App
2026-04-21T21:39:12Z,7.38,Fitbit App
2026-04-21T21:40:12Z,18.79,Fitbit App
2026-04-21T21:41:12Z,7.38,Fitbit App
2026-04-21T21:42:12Z,31.54,Fitbit App
2026-04-21T21:43:12Z,40.93,Fitbit App
2026-04-21T21:44:12Z,12.75,Fitbit App
2026-04-21T21:45:12Z,0.67,Fitbit App
2026-04-21T21:46:12Z,12.75,Fitbit App
2026-04-21T21:47:12Z,20.13,Fitbit App
2026-04-21T21:48:12Z,14.76,Fitbit App
2026-04-21T21:49:12Z,44.96,Fitbit App
2026-04-21T21:50:12Z,65.82,Fitbit App
2026-04-21T21:51:12Z,24.83,Fitbit App
2026-04-21T21:52:12Z,83.14,Fitbit App
2026-04-21T21:53:12Z,20.13,Fitbit App
2026-04-21T21:54:12Z,16.78,Fitbit App
2026-04-21T21:55:12Z,13.42,Fitbit App
2026-04-21T21:56:12Z,6.71,Fitbit App
2026-04-21T21:57:12Z,4.70,Fitbit App
2026-04-21T21:58:12Z,9.39,Fitbit App
2026-04-21T21:59:12Z,4.70,Fitbit App
2026-04-21T22:00:12Z,9.39,Fitbit App
2026-04-21T22:01:12Z,18.79,Fitbit App
2026-04-21T22:05:12Z,10.07,Fitbit App
2026-04-21T22:06:12Z,10.74,Fitbit App
2026-04-21T22:09:12Z,1.34,Fitbit App
2026-04-21T22:10:12Z,11.41,Fitbit App
2026-04-21T22:11:12Z,4.03,Fitbit App
2026-04-21T22:14:12Z,4.03,Fitbit App
2026-04-21T22:15:12Z,12.08,Fitbit App
2026-04-21T22:16:12Z,16.10,Fitbit App
2026-04-21T22:17:12Z,23.49,Fitbit App
2026-04-21T22:18:12Z,36.23,Fitbit App
2026-04-21T22:19:12Z,16.10,Fitbit App
2026-04-21T22:20:12Z,18.79,Fitbit App
2026-04-21T22:21:12Z,18.12,Fitbit App
2026-04-21T22:22:12Z,24.16,Fitbit App
2026-04-21T22:23:12Z,10.07,Fitbit App
2026-04-21T22:24:12Z,12.08,Fitbit App
2026-04-21T22:25:12Z,12.75,Fitbit App
2026-04-21T22:26:12Z,34.22,Fitbit App
2026-04-21T22:29:12Z,6.71,Fitbit App
2026-04-21T22:30:12Z,12.75,Fitbit App
2026-04-21T22:31:12Z,18.12,Fitbit App
2026-04-21T22:32:12Z,4.03,Fitbit App
2026-04-21T22:49:12Z,9.39,Fitbit App
2026-04-21T22:50:12Z,35.56,Fitbit App
2026-04-21T22:51:12Z,64.08,Fitbit App
2026-04-21T22:52:12Z,42.94,Fitbit App
2026-04-21T22:53:12Z,44.29,Fitbit App
2026-04-21T22:58:12Z,3.36,Fitbit App
2026-04-21T22:59:12Z,20.13,Fitbit App
2026-04-21T23:00:12Z,24.83,Fitbit App
2026-04-21T23:01:12Z,11.41,Fitbit App
2026-04-21T23:11:12Z,2.01,Fitbit App
2026-04-21T23:12:12Z,8.72,Fitbit App
2026-04-21T23:13:12Z,18.79,Fitbit App
2026-04-21T23:14:12Z,0.67,Fitbit App
2026-04-21T23:15:12Z,8.72,Fitbit App
2026-04-21T23:16:12Z,7.38,Fitbit App
2026-04-21T23:17:12Z,36.91,Fitbit App
2026-04-21T23:25:12Z,0.67,Fitbit App
2026-04-21T23:26:12Z,10.74,Fitbit App
2026-04-21T23:27:12Z,5.37,Fitbit App
2026-04-21T23:31:12Z,4.03,Fitbit App
2026-04-21T23:32:12Z,14.76,Fitbit App
2026-04-21T23:33:12Z,4.70,Fitbit App
2026-04-21T23:34:12Z,0.67,Fitbit App
2026-04-21T23:40:12Z,1.34,Fitbit App
2026-04-21T23:41:12Z,10.74,Fitbit App
2026-04-21T23:42:12Z,2.68,Fitbit App
2026-04-21T23:45:12Z,2.68,Fitbit App
2026-04-21T23:46:12Z,15.43,Fitbit App
2026-04-21T23:50:12Z,6.04,Fitbit App
2026-04-21T23:51:12Z,5.37,Fitbit App
2026-04-21T23:53:12Z,6.04,Fitbit App
2026-04-21T23:54:12Z,23.49,Fitbit App
2026-04-22T00:05:12Z,2.01,Fitbit App
2026-04-22T00:06:12Z,6.04,Fitbit App
2026-04-22T00:07:12Z,5.37,Fitbit App
2026-04-22T00:09:12Z,5.37,Fitbit App
2026-04-22T00:10:12Z,6.71,Fitbit App
2026-04-22T00:11:12Z,3.36,Fitbit App
2026-04-22T00:12:12Z,27.51,Fitbit App
2026-04-22T00:13:12Z,24.83,Fitbit App
2026-04-22T00:14:12Z,21.47,Fitbit App
2026-04-22T00:15:12Z,28.85,Fitbit App
2026-04-22T00:16:12Z,5.37,Fitbit App
2026-04-22T00:26:12Z,6.71,Fitbit App
2026-04-22T00:27:12Z,12.75,Fitbit App
2026-04-22T00:28:12Z,5.37,Fitbit App
2026-04-22T00:29:12Z,11.41,Fitbit App
2026-04-22T00:30:12Z,7.38,Fitbit App
2026-04-22T00:31:12Z,8.05,Fitbit App
2026-04-22T00:33:12Z,4.03,Fitbit App
2026-04-22T00:34:12Z,22.81,Fitbit App
2026-04-22T00:35:12Z,2.68,Fitbit App
2026-04-22T00:40:12Z,5.37,Fitbit App
2026-04-22T00:41:12Z,4.70,Fitbit App
2026-04-22T00:43:12Z,8.05,Fitbit App
2026-04-22T00:44:12Z,26.17,Fitbit App
2026-04-22T00:45:12Z,34.89,Fitbit App
2026-04-22T00:50:12Z,5.37,Fitbit App
2026-04-22T00:51:12Z,8.72,Fitbit App
2026-04-22T00:57:12Z,2.01,Fitbit App
2026-04-22T00:58:12Z,10.74,Fitbit App
2026-04-22T00:59:12Z,32.88,Fitbit App
2026-04-22T01:00:12Z,16.10,Fitbit App
2026-04-22T01:01:12Z,11.41,Fitbit App
2026-04-22T01:02:12Z,8.05,Fitbit App
2026-04-22T01:03:12Z,7.38,Fitbit App
2026-04-22T01:04:12Z,22.14,Fitbit App
2026-04-22T01:05:12Z,18.79,Fitbit App
2026-04-22T01:06:12Z,8.72,Fitbit App
2026-04-22T01:07:12Z,9.39,Fitbit App
2026-04-22T01:08:12Z,23.49,Fitbit App
2026-04-22T01:09:12Z,25.50,Fitbit App
2026-04-22T01:10:12Z,34.22,Fitbit App
2026-04-22T01:11:12Z,8.72,Fitbit App
2026-04-22T01:12:12Z,8.72,Fitbit App
2026-04-22T01:13:12Z,0.67,Fitbit App
2026-04-22T01:14:12Z,12.08,Fitbit App
2026-04-22T01:15:12Z,45.63,Fitbit App
2026-04-22T01:16:12Z,30.20,Fitbit App
2026-04-22T01:17:12Z,10.07,Fitbit App
2026-04-22T01:18:12Z,23.49,Fitbit App
2026-04-22T01:19:12Z,15.43,Fitbit App
2026-04-22T01:20:12Z,2.68,Fitbit App
2026-04-22T01:24:12Z,8.72,Fitbit App
2026-04-22T01:25:12Z,3.36,Fitbit App
2026-04-22T01:26:12Z,5.37,Fitbit App
2026-04-22T01:28:12Z,5.37,Fitbit App
2026-04-22T01:29:12Z,6.71,Fitbit App
2026-04-22T01:30:12Z,28.18,Fitbit App
2026-04-22T01:32:12Z,2.01,Fitbit App
2026-04-22T01:33:12Z,9.39,Fitbit App
2026-04-22T01:34:12Z,25.50,Fitbit App
2026-04-22T01:40:12Z,11.41,Fitbit App
2026-04-22T01:41:12Z,18.79,Fitbit App
2026-04-22T01:43:12Z,3.36,Fitbit App
2026-04-22T01:44:12Z,16.10,Fitbit App
2026-04-22T01:46:12Z,6.04,Fitbit App
2026-04-22T01:47:12Z,16.78,Fitbit App
2026-04-22T01:51:12Z,3.36,Fitbit App
2026-04-22T01:52:12Z,18.12,Fitbit App
2026-04-22T01:53:12Z,4.70,Fitbit App
2026-04-22T01:54:12Z,0.67,Fitbit App
2026-04-22T01:55:12Z,14.09,Fitbit App
2026-04-22T01:56:12Z,42.27,Fitbit App
2026-04-22T01:57:12Z,38.25,Fitbit App
2026-04-22T01:58:12Z,8.05,Fitbit App
2026-04-22T01:59:12Z,22.81,Fitbit App
2026-04-22T02:00:12Z,38.25,Fitbit App
2026-04-22T02:01:12Z,45.63,Fitbit App
2026-04-22T02:02:12Z,14.09,Fitbit App
2026-04-22T02:03:12Z,6.04,Fitbit App
2026-04-22T02:04:12Z,17.45,Fitbit App
2026-04-22T02:05:12Z,29.52,Fitbit App
2026-04-22T02:06:12Z,21.47,Fitbit App
2026-04-22T02:07:12Z,14.09,Fitbit App
2026-04-22T02:08:12Z,30.87,Fitbit App
2026-04-22T02:09:12Z,41.60,Fitbit App
2026-04-22T02:10:04Z,39.59,Fitbit App
2026-04-22T02:11:04Z,16.78,Fitbit App
2026-04-22T02:12:04Z,4.70,Fitbit App
2026-04-22T02:13:04Z,17.45,Fitbit App
2026-04-22T02:14:04Z,24.83,Fitbit App
2026-04-22T02:15:04Z,16.78,Fitbit App
2026-04-22T02:16:04Z,10.74,Fitbit App
2026-04-22T02:17:04Z,18.12,Fitbit App
2026-04-22T02:18:04Z,30.20,Fitbit App
2026-04-22T02:19:04Z,6.04,Fitbit App
2026-04-22T02:20:04Z,27.51,Fitbit App
2026-04-22T02:21:04Z,6.04,Fitbit App
2026-04-22T02:22:04Z,27.51,Fitbit App
2026-04-22T02:23:04Z,4.03,Fitbit App
2026-04-22T02:24:04Z,9.39,Fitbit App
2026-04-22T02:25:04Z,30.87,Fitbit App
2026-04-22T02:26:04Z,8.05,Fitbit App
2026-04-22T02:27:04Z,12.75,Fitbit App
2026-04-22T02:31:04Z,4.70,Fitbit App
2026-04-22T02:32:04Z,20.13,Fitbit App
2026-04-22T02:33:04Z,4.70,Fitbit App
2026-04-22T02:34:04Z,36.91,Fitbit App
2026-04-22T02:54:04Z,10.74,Fitbit App
2026-04-22T02:55:04Z,17.45,Fitbit App
2026-04-22T02:56:04Z,30.87,Fitbit App
2026-04-22T02:57:04Z,13.42,Fitbit App
2026-04-22T02:58:04Z,1.34,Fitbit App
2026-04-22T02:59:04Z,6.71,Fitbit App
2026-04-22T03:00:04Z,12.75,Fitbit App
2026-04-22T03:01:04Z,9.39,Fitbit App
2026-04-22T03:05:04Z,4.03,Fitbit App
2026-04-22T03:06:04Z,12.08,Fitbit App
2026-04-22T03:07:04Z,10.07,Fitbit App
2026-04-22T03:08:04Z,63.22,Fitbit App
2026-04-22T03:09:04Z,16.10,Fitbit App
2026-04-22T03:13:04Z,4.03,Fitbit App
2026-04-22T03:14:04Z,26.84,Fitbit App
2026-04-22T03:15:50Z,24.83,Fitbit App
2026-04-22T03:16:50Z,11.41,Fitbit App
2026-04-22T03:17:50Z,5.37,Fitbit App
2026-04-22T03:18:50Z,34.22,Fitbit App
2026-04-22T03:19:50Z,24.83,Fitbit App
2026-04-22T03:20:50Z,23.49,Fitbit App
2026-04-22T03:23:50Z,6.71,Fitbit App
2026-04-22T03:24:50Z,2.01,Fitbit App
2026-04-22T03:29:50Z,2.68,Fitbit App
2026-04-22T03:30:50Z,7.38,Fitbit App
2026-04-22T03:31:50Z,5.37,Fitbit App
2026-04-22T03:37:50Z,7.38,Fitbit App
2026-04-22T03:38:50Z,37.58,Fitbit App
2026-04-22T03:50:50Z,4.70,Fitbit App
2026-04-22T03:51:50Z,36.23,Fitbit App
2026-04-22T03:52:50Z,13.42,Fitbit App
2026-04-22T03:53:50Z,4.70,Fitbit App
2026-04-22T03:54:50Z,30.87,Fitbit App
2026-04-22T03:55:50Z,6.71,Fitbit App
2026-04-22T03:56:50Z,3.36,Fitbit App
2026-04-22T03:57:50Z,6.04,Fitbit App
2026-04-22T04:02:50Z,2.01,Fitbit App
2026-04-22T04:03:50Z,20.80,Fitbit App
2026-04-22T04:04:50Z,42.27,Fitbit App
2026-04-22T04:05:50Z,2.68,Fitbit App
2026-04-22T04:11:50Z,8.72,Fitbit App
2026-04-22T04:12:50Z,2.68,Fitbit App
2026-04-22T04:13:50Z,8.05,Fitbit App
2026-04-22T04:14:50Z,26.84,Fitbit App
2026-04-22T04:15:50Z,16.78,Fitbit App
2026-04-22T04:16:50Z,8.72,Fitbit App
2026-04-22T04:17:50Z,4.03,Fitbit App
2026-04-22T04:18:50Z,10.07,Fitbit App
2026-04-22T04:19:50Z,63.22,Fitbit App
2026-04-22T04:20:50Z,13.42,Fitbit App
2026-04-22T04:24:50Z,6.04,Fitbit App
2026-04-22T04:25:50Z,7.38,Fitbit App
2026-04-22T04:26:50Z,20.13,Fitbit App
2026-04-22T04:27:50Z,100.46,Fitbit App
2026-04-22T04:28:50Z,110.85,Fitbit App
2026-04-22T04:29:50Z,109.98,Fitbit App
2026-04-22T04:30:50Z,105.65,Fitbit App
2026-04-22T04:31:50Z,12.75,Fitbit App
2026-04-22T04:36:50Z,1.34,Fitbit App
2026-04-22T04:37:50Z,4.70,Fitbit App
2026-04-22T04:45:50Z,7.38,Fitbit App
2026-04-22T04:46:50Z,75.34,Fitbit App
2026-04-22T04:47:50Z,103.92,Fitbit App
2026-04-22T04:48:50Z,87.47,Fitbit App
2026-04-22T04:49:50Z,83.14,Fitbit App
2026-04-22T04:50:50Z,21.47,Fitbit App
2026-04-22T05:25:50Z,2.68,Fitbit App
2026-04-22T05:26:50Z,18.12,Fitbit App
2026-04-22T05:27:50Z,91.80,Fitbit App
2026-04-22T05:28:50Z,32.88,Fitbit App
2026-04-22T05:29:50Z,10.74,Fitbit App
2026-04-22T05:30:50Z,85.73,Fitbit App
2026-04-22T05:31:50Z,72.74,Fitbit App
2026-04-22T05:32:50Z,12.75,Fitbit App
2026-04-22T05:33:50Z,12.08,Fitbit App
2026-04-22T05:36:50Z,2.01,Fitbit App
2026-04-22T05:37:50Z,30.20,Fitbit App
2026-04-22T05:38:50Z,96.99,Fitbit App
2026-04-22T05:39:50Z,42.27,Fitbit App
2026-04-22T05:40:50Z,13.42,Fitbit App
2026-04-22T05:41:50Z,36.91,Fitbit App
2026-04-22T05:42:50Z,26.17,Fitbit App
2026-04-22T05:43:50Z,107.38,Fitbit App
2026-04-22T05:44:50Z,86.60,Fitbit App
2026-04-22T05:45:50Z,64.08,Fitbit App
2026-04-22T05:46:50Z,106.52,Fitbit App
2026-04-22T05:47:50Z,106.52,Fitbit App
2026-04-22T05:48:50Z,44.29,Fitbit App
2026-04-22T05:51:50Z,1.34,Fitbit App
2026-04-22T05:52:50Z,7.38,Fitbit App
2026-04-22T06:08:50Z,5.37,Fitbit App
2026-04-22T06:09:50Z,44.29,Fitbit App
2026-04-22T06:10:50Z,103.05,Fitbit App
2026-04-22T06:11:50Z,23.49,Fitbit App
2026-04-22T06:12:50Z,17.45,Fitbit App
2026-04-22T06:13:50Z,11.41,Fitbit App
2026-04-22T06:16:50Z,2.01,Fitbit App
2026-04-22T06:17:50Z,6.04,Fitbit App
2026-04-22T07:05:50Z,4.70,Fitbit App
2026-04-22T07:06:50Z,4.70,Fitbit App
2026-04-22T07:39:50Z,4.70,Fitbit App
2026-04-22T07:40:50Z,32.21,Fitbit App
2026-04-22T07:41:50Z,20.13,Fitbit App
2026-04-22T07:42:50Z,71.88,Fitbit App
2026-04-22T07:43:50Z,100.46,Fitbit App
2026-04-22T07:44:50Z,1.34,Fitbit App
2026-04-22T07:59:50Z,0.67,Fitbit App
2026-04-22T08:00:50Z,3.36,Fitbit App
2026-04-22T08:17:50Z,2.68,Fitbit App
2026-04-22T08:18:50Z,41.60,Fitbit App
2026-04-22T08:19:50Z,88.33,Fitbit App
2026-04-22T08:20:50Z,89.20,Fitbit App
2026-04-22T08:21:50Z,39.59,Fitbit App
2026-04-22T08:22:50Z,12.75,Fitbit App
2026-04-22T08:28:50Z,1.34,Fitbit App
2026-04-22T08:29:50Z,16.78,Fitbit App
2026-04-22T08:34:50Z,4.03,Fitbit App
2026-04-22T08:35:50Z,24.16,Fitbit App
2026-04-22T08:36:50Z,7.38,Fitbit App
2026-04-22T08:37:50Z,104.79,Fitbit App
2026-04-22T08:38:50Z,107.38,Fitbit App
2026-04-22T08:39:50Z,4.70,Fitbit App
2026-04-22T08:41:50Z,4.70,Fitbit App
2026-04-22T08:42:50Z,8.72,Fitbit App
2026-04-22T08:51:50Z,1.34,Fitbit App
2026-04-22T08:52:50Z,20.80,Fitbit App
2026-04-22T08:53:50Z,109.98,Fitbit App
2026-04-22T08:54:50Z,98.72,Fitbit App
2026-04-22T08:55:50Z,86.60,Fitbit App
2026-04-22T08:56:50Z,109.12,Fitbit App
2026-04-22T08:57:50Z,107.38,Fitbit App
2026-04-22T08:58:50Z,38.25,Fitbit App
2026-04-22T08:59:50Z,107.38,Fitbit App
2026-04-22T09:00:50Z,68.41,Fitbit App
2026-04-22T09:01:50Z,45.63,Fitbit App
2026-04-22T09:02:50Z,36.91,Fitbit App
2026-04-22T09:03:50Z,96.99,Fitbit App
2026-04-22T09:04:50Z,37.58,Fitbit App
2026-04-22T09:05:50Z,90.93,Fitbit App
2026-04-22T09:06:50Z,32.21,Fitbit App
2026-04-22T09:48:50Z,0.67,Fitbit App
2026-04-22T09:49:50Z,8.72,Fitbit App
2026-04-22T09:50:50Z,79.67,Fitbit App
2026-04-22T09:51:50Z,92.66,Fitbit App
2026-04-22T09:52:50Z,95.26,Fitbit App
2026-04-22T09:53:50Z,96.13,Fitbit App
2026-04-22T09:54:50Z,98.72,Fitbit App
2026-04-22T09:55:50Z,99.59,Fitbit App
2026-04-22T09:56:50Z,98.72,Fitbit App
2026-04-22T09:57:50Z,36.91,Fitbit App
2026-04-22T09:58:50Z,68.41,Fitbit App
2026-04-22T09:59:50Z,2.68,Fitbit App
2026-04-22T10:11:50Z,6.04,Fitbit App
2026-04-22T10:12:50Z,63.22,Fitbit App
2026-04-22T10:13:50Z,96.99,Fitbit App
2026-04-22T10:14:50Z,36.91,Fitbit App
2026-04-22T10:15:50Z,20.80,Fitbit App
2026-04-22T10:16:50Z,5.37,Fitbit App
2026-04-22T10:18:50Z,3.36,Fitbit App
2026-04-22T10:19:50Z,6.71,Fitbit App
2026-04-22T12:50:50Z,4.70,Fitbit App
2026-04-22T12:51:50Z,12.75,Fitbit App
2026-04-22T12:59:34Z,0.67,Fitbit App
2026-04-22T13:00:34Z,9.39,Fitbit App
2026-04-22T20:03:34Z,4.70,Fitbit App
2026-04-22T20:04:34Z,28.18,Fitbit App
2026-04-22T20:05:34Z,34.89,Fitbit App
2026-04-22T20:06:34Z,111.71,Fitbit App
2026-04-22T20:07:34Z,62.35,Fitbit App
2026-04-22T20:19:34Z,6.71,Fitbit App
2026-04-22T20:20:34Z,11.41,Fitbit App
2026-04-22T20:34:34Z,8.05,Fitbit App
2026-04-22T20:35:34Z,79.67,Fitbit App
2026-04-22T20:36:34Z,106.52,Fitbit App
2026-04-22T20:37:34Z,105.65,Fitbit App
2026-04-22T20:38:34Z,33.55,Fitbit App
2026-04-22T20:40:34Z,8.72,Fitbit App
2026-04-22T20:41:34Z,20.80,Fitbit App
2026-04-22T20:42:34Z,26.17,Fitbit App
2026-04-22T20:43:34Z,16.78,Fitbit App
2026-04-22T20:45:34Z,7.38,Fitbit App
2026-04-22T20:46:34Z,12.75,Fitbit App
2026-04-22T20:47:34Z,8.05,Fitbit App
2026-04-22T20:48:34Z,21.47,Fitbit App
2026-04-22T20:49:34Z,14.09,Fitbit App
2026-04-22T20:50:34Z,22.81,Fitbit App
2026-04-22T20:51:34Z,30.20,Fitbit App
2026-04-22T20:52:34Z,8.72,Fitbit App
2026-04-22T20:53:34Z,8.05,Fitbit App
2026-04-22T20:54:34Z,2.68,Fitbit App
2026-04-22T20:55:34Z,4.03,Fitbit App
2026-04-22T20:56:34Z,1.34,Fitbit App
2026-04-22T20:57:34Z,4.70,Fitbit App
2026-04-22T20:58:34Z,30.20,Fitbit App
2026-04-22T21:03:34Z,2.68,Fitbit App
2026-04-22T21:04:34Z,13.42,Fitbit App
2026-04-22T21:05:34Z,3.36,Fitbit App
2026-04-22T21:06:34Z,20.80,Fitbit App
2026-04-22T21:07:34Z,12.08,Fitbit App
2026-04-22T21:08:34Z,26.84,Fitbit App
2026-04-22T21:09:34Z,37.58,Fitbit App
2026-04-22T21:10:34Z,11.41,Fitbit App
2026-04-22T21:11:34Z,28.18,Fitbit App
2026-04-22T21:12:34Z,4.03,Fitbit App
2026-04-22T21:13:34Z,4.03,Fitbit App
2026-04-22T21:14:34Z,4.70,Fitbit App
2026-04-22T21:15:34Z,7.38,Fitbit App
2026-04-22T21:16:34Z,7.38,Fitbit App
2026-04-22T21:17:34Z,3.36,Fitbit App
2026-04-22T21:18:34Z,22.14,Fitbit App
2026-04-22T21:19:34Z,24.16,Fitbit App
2026-04-22T21:20:34Z,27.51,Fitbit App
2026-04-22T21:21:34Z,2.01,Fitbit App
2026-04-22T21:22:34Z,14.76,Fitbit App
2026-04-22T21:23:34Z,4.03,Fitbit App
2026-04-22T21:24:34Z,12.75,Fitbit App
2026-04-22T21:27:34Z,8.72,Fitbit App
2026-04-22T21:28:34Z,14.09,Fitbit App
2026-04-22T21:29:34Z,36.91,Fitbit App
2026-04-22T21:30:34Z,24.16,Fitbit App
2026-04-22T21:31:34Z,7.38,Fitbit App
2026-04-22T21:32:34Z,12.08,Fitbit App
2026-04-22T21:33:34Z,92.66,Fitbit App
2026-04-22T21:34:34Z,19.46,Fitbit App
2026-04-22T21:35:34Z,33.55,Fitbit App
2026-04-22T21:36:34Z,45.63,Fitbit App
2026-04-22T21:37:34Z,27.51,Fitbit App
2026-04-22T21:38:34Z,20.13,Fitbit App
2026-04-22T21:39:34Z,2.68,Fitbit App
2026-04-22T21:40:34Z,34.89,Fitbit App
2026-04-22T21:41:34Z,24.16,Fitbit App
2026-04-22T21:42:34Z,18.79,Fitbit App
2026-04-22T21:43:34Z,25.50,Fitbit App
2026-04-22T21:44:34Z,8.05,Fitbit App
2026-04-22T21:45:34Z,20.13,Fitbit App
2026-04-22T21:46:34Z,11.41,Fitbit App
2026-04-22T21:47:34Z,39.59,Fitbit App
2026-04-22T21:48:34Z,25.50,Fitbit App
2026-04-22T21:49:34Z,17.45,Fitbit App
2026-04-22T21:50:34Z,4.03,Fitbit App
2026-04-22T21:51:34Z,12.08,Fitbit App
2026-04-22T21:52:34Z,4.70,Fitbit App
2026-04-22T21:53:34Z,11.41,Fitbit App
2026-04-22T21:54:34Z,12.75,Fitbit App
2026-04-22T21:55:34Z,18.12,Fitbit App
2026-04-22T21:56:34Z,11.41,Fitbit App
2026-04-22T21:57:34Z,28.85,Fitbit App
2026-04-22T21:58:34Z,11.41,Fitbit App
2026-04-22T21:59:34Z,30.20,Fitbit App
2026-04-22T22:00:34Z,7.38,Fitbit App
2026-04-22T22:01:34Z,24.83,Fitbit App
2026-04-22T22:02:34Z,64.95,Fitbit App
2026-04-22T22:03:34Z,12.75,Fitbit App
2026-04-22T22:04:34Z,14.09,Fitbit App
2026-04-22T22:05:34Z,69.28,Fitbit App
2026-04-22T22:06:34Z,25.50,Fitbit App
2026-04-22T22:07:34Z,16.10,Fitbit App
2026-04-22T22:08:34Z,28.85,Fitbit App
2026-04-22T22:09:34Z,8.72,Fitbit App
2026-04-22T22:11:34Z,4.70,Fitbit App
2026-04-22T22:12:34Z,6.71,Fitbit App
2026-04-22T22:13:34Z,1.34,Fitbit App
2026-04-22T22:15:34Z,4.70,Fitbit App
2026-04-22T22:16:34Z,9.39,Fitbit App
2026-04-22T22:17:34Z,3.36,Fitbit App
2026-04-22T22:18:34Z,18.79,Fitbit App
2026-04-22T22:19:34Z,20.80,Fitbit App
2026-04-22T22:20:34Z,1.34,Fitbit App
2026-04-22T22:21:34Z,0.67,Fitbit App
2026-04-22T22:22:34Z,12.08,Fitbit App
2026-04-22T22:23:34Z,9.39,Fitbit App
2026-04-22T22:24:34Z,5.37,Fitbit App
2026-04-22T22:25:34Z,22.14,Fitbit App
2026-04-22T22:28:34Z,6.71,Fitbit App
2026-04-22T22:29:34Z,18.12,Fitbit App
2026-04-22T22:30:34Z,12.08,Fitbit App
2026-04-22T22:31:34Z,16.10,Fitbit App
2026-04-22T22:32:34Z,1.34,Fitbit App
2026-04-22T22:33:34Z,16.78,Fitbit App
2026-04-22T22:34:34Z,25.50,Fitbit App
2026-04-22T22:35:34Z,84.87,Fitbit App
2026-04-22T22:36:34Z,66.68,Fitbit App
2026-04-22T22:37:34Z,32.21,Fitbit App
2026-04-22T22:38:34Z,67.55,Fitbit App
2026-04-22T22:39:34Z,20.80,Fitbit App
2026-04-22T22:40:34Z,9.39,Fitbit App
2026-04-22T22:41:34Z,19.46,Fitbit App
2026-04-22T22:42:34Z,30.20,Fitbit App
2026-04-22T22:43:34Z,6.04,Fitbit App
2026-04-22T22:57:34Z,4.03,Fitbit App
2026-04-22T22:58:34Z,21.47,Fitbit App
2026-04-22T22:59:34Z,34.89,Fitbit App
2026-04-22T23:00:34Z,83.14,Fitbit App
2026-04-22T23:01:34Z,84.87,Fitbit App
2026-04-22T23:02:34Z,65.82,Fitbit App
2026-04-22T23:03:34Z,12.75,Fitbit App
2026-04-22T23:09:34Z,4.70,Fitbit App
2026-04-22T23:10:34Z,5.37,Fitbit App
2026-04-22T23:14:34Z,3.36,Fitbit App
2026-04-22T23:15:34Z,8.05,Fitbit App
2026-04-22T23:16:34Z,31.54,Fitbit App
2026-04-22T23:19:34Z,1.34,Fitbit App
2026-04-22T23:20:34Z,5.37,Fitbit App
2026-04-22T23:23:34Z,4.70,Fitbit App
2026-04-22T23:24:34Z,11.41,Fitbit App
2026-04-22T23:25:34Z,18.79,Fitbit App
2026-04-22T23:26:34Z,19.46,Fitbit App
2026-04-22T23:27:34Z,7.38,Fitbit App
2026-04-22T23:30:34Z,2.68,Fitbit App
2026-04-22T23:31:34Z,6.04,Fitbit App
2026-04-22T23:37:34Z,3.36,Fitbit App
2026-04-22T23:38:34Z,1.34,Fitbit App
2026-04-22T23:39:34Z,1.34,Fitbit App
2026-04-22T23:40:34Z,3.36,Fitbit App
2026-04-22T23:43:34Z,1.34,Fitbit App
2026-04-22T23:44:34Z,14.76,Fitbit App
2026-04-22T23:46:34Z,9.39,Fitbit App
2026-04-22T23:47:34Z,9.39,Fitbit App
2026-04-23T00:04:34Z,4.03,Fitbit App
2026-04-23T00:05:34Z,8.05,Fitbit App
2026-04-23T00:06:34Z,12.75,Fitbit App
2026-04-23T00:07:34Z,10.07,Fitbit App
2026-04-23T00:08:34Z,27.51,Fitbit App
2026-04-23T00:18:34Z,0.67,Fitbit App
2026-04-23T00:19:34Z,10.07,Fitbit App
2026-04-23T00:20:34Z,20.80,Fitbit App
2026-04-23T00:23:34Z,5.37,Fitbit App
2026-04-23T00:24:34Z,4.70,Fitbit App
2026-04-23T00:26:34Z,3.36,Fitbit App
2026-04-23T00:27:34Z,11.41,Fitbit App
2026-04-23T00:28:34Z,14.09,Fitbit App
2026-04-23T00:29:34Z,10.07,Fitbit App
2026-04-23T00:34:34Z,12.08,Fitbit App
2026-04-23T00:35:34Z,12.08,Fitbit App
2026-04-23T00:40:34Z,9.39,Fitbit App
2026-04-23T00:41:34Z,14.09,Fitbit App
2026-04-23T00:44:34Z,3.36,Fitbit App
2026-04-23T00:45:34Z,15.43,Fitbit App
2026-04-23T00:48:34Z,6.04,Fitbit App
2026-04-23T00:49:34Z,22.81,Fitbit App
2026-04-23T00:52:34Z,4.03,Fitbit App
2026-04-23T00:53:34Z,10.74,Fitbit App
2026-04-23T00:54:34Z,6.04,Fitbit App
2026-04-23T00:56:34Z,2.68,Fitbit App
2026-04-23T00:57:34Z,7.38,Fitbit App
2026-04-23T00:58:34Z,2.01,Fitbit App
2026-04-23T00:59:34Z,24.16,Fitbit App
2026-04-23T01:00:34Z,18.12,Fitbit App
2026-04-23T01:01:34Z,11.41,Fitbit App
2026-04-23T01:02:34Z,12.08,Fitbit App
2026-04-23T01:03:34Z,26.84,Fitbit App
2026-04-23T01:04:34Z,20.13,Fitbit App
2026-04-23T01:05:34Z,3.36,Fitbit App
2026-04-23T01:08:34Z,8.05,Fitbit App
2026-04-23T01:09:34Z,38.92,Fitbit App
2026-04-23T01:10:34Z,35.56,Fitbit App
2026-04-23T01:12:34Z,10.74,Fitbit App
2026-04-23T01:13:34Z,15.43,Fitbit App
2026-04-23T01:16:34Z,2.01,Fitbit App
2026-04-23T01:17:34Z,14.76,Fitbit App
2026-04-23T01:18:34Z,9.39,Fitbit App
2026-04-23T01:19:34Z,4.03,Fitbit App
2026-04-23T01:20:34Z,23.49,Fitbit App
2026-04-23T01:21:34Z,15.43,Fitbit App
2026-04-23T01:22:34Z,1.34,Fitbit App
2026-04-23T01:23:34Z,15.43,Fitbit App
2026-04-23T01:24:34Z,19.46,Fitbit App
2026-04-23T01:25:34Z,8.72,Fitbit App
2026-04-23T01:30:34Z,4.70,Fitbit App
2026-04-23T01:31:34Z,16.10,Fitbit App
2026-04-23T01:32:34Z,9.39,Fitbit App
2026-04-23T01:33:34Z,1.34,Fitbit App
2026-04-23T01:34:34Z,13.42,Fitbit App
2026-04-23T01:35:34Z,28.85,Fitbit App
2026-04-23T01:36:34Z,0.67,Fitbit App
2026-04-23T01:37:34Z,10.74,Fitbit App
2026-04-23T01:38:34Z,16.10,Fitbit App
2026-04-23T01:39:34Z,5.37,Fitbit App
2026-04-23T01:40:34Z,1.34,Fitbit App
2026-04-23T01:41:34Z,6.04,Fitbit App
2026-04-23T01:42:34Z,2.68,Fitbit App
2026-04-23T01:43:34Z,4.70,Fitbit App
2026-04-23T01:44:34Z,28.18,Fitbit App
2026-04-23T01:45:34Z,18.79,Fitbit App
2026-04-23T01:46:34Z,5.37,Fitbit App
2026-04-23T01:47:34Z,18.12,Fitbit App
2026-04-23T01:48:34Z,14.76,Fitbit App
2026-04-23T01:49:34Z,18.79,Fitbit App
2026-04-23T01:50:34Z,22.14,Fitbit App
2026-04-23T01:51:34Z,22.14,Fitbit App
2026-04-23T01:52:34Z,22.14,Fitbit App
2026-04-23T01:53:34Z,21.47,Fitbit App
2026-04-23T01:54:34Z,15.43,Fitbit App
2026-04-23T01:55:34Z,20.13,Fitbit App
2026-04-23T01:56:29Z,3.36,Fitbit App
2026-04-23T01:57:29Z,18.12,Fitbit App
2026-04-23T01:58:29Z,22.81,Fitbit App
2026-04-23T01:59:29Z,10.74,Fitbit App
2026-04-23T02:00:29Z,16.10,Fitbit App
2026-04-23T02:01:29Z,34.22,Fitbit App
2026-04-23T02:02:29Z,43.62,Fitbit App
2026-04-23T02:03:29Z,40.93,Fitbit App
2026-04-23T02:04:29Z,10.07,Fitbit App
2026-04-23T02:05:29Z,28.85,Fitbit App
2026-04-23T02:06:29Z,9.39,Fitbit App
2026-04-23T02:07:29Z,24.16,Fitbit App
2026-04-23T02:08:29Z,18.12,Fitbit App
2026-04-23T02:09:29Z,42.27,Fitbit App
2026-04-23T02:10:29Z,28.85,Fitbit App
2026-04-23T02:11:29Z,12.08,Fitbit App
2026-04-23T02:12:29Z,5.37,Fitbit App
2026-04-23T02:19:29Z,6.71,Fitbit App
2026-04-23T02:20:29Z,24.83,Fitbit App
2026-04-23T02:21:29Z,18.12,Fitbit App
2026-04-23T02:22:29Z,34.22,Fitbit App
2026-04-23T02:24:29Z,4.03,Fitbit App
2026-04-23T02:25:29Z,11.41,Fitbit App
2026-04-23T02:26:29Z,15.43,Fitbit App
2026-04-23T02:28:29Z,8.05,Fitbit App
2026-04-23T02:29:29Z,12.08,Fitbit App
2026-04-23T02:33:29Z,9.39,Fitbit App
2026-04-23T02:34:29Z,25.50,Fitbit App
2026-04-23T02:35:29Z,30.87,Fitbit App
2026-04-23T02:36:29Z,12.75,Fitbit App
2026-04-23T02:37:29Z,8.72,Fitbit App
2026-04-23T02:38:29Z,13.42,Fitbit App
2026-04-23T02:39:29Z,15.43,Fitbit App
2026-04-23T02:54:29Z,2.01,Fitbit App
2026-04-23T02:55:29Z,19.46,Fitbit App
2026-04-23T02:56:34Z,32.88,Fitbit App
2026-04-23T02:57:34Z,18.12,Fitbit App
2026-04-23T03:00:34Z,8.72,Fitbit App
2026-04-23T03:01:34Z,8.05,Fitbit App
2026-04-23T03:02:34Z,4.03,Fitbit App
2026-04-23T03:03:34Z,6.71,Fitbit App
2026-04-23T03:04:34Z,0.67,Fitbit App
2026-04-23T03:05:34Z,10.74,Fitbit App
2026-04-23T03:06:34Z,17.45,Fitbit App
2026-04-23T03:07:34Z,8.05,Fitbit App
2026-04-23T03:08:34Z,34.22,Fitbit App
2026-04-23T03:09:34Z,28.85,Fitbit App
2026-04-23T03:10:34Z,25.50,Fitbit App
2026-04-23T03:11:34Z,28.85,Fitbit App
2026-04-23T03:12:34Z,44.29,Fitbit App
2026-04-23T03:13:34Z,36.23,Fitbit App
2026-04-23T03:14:34Z,16.78,Fitbit App
2026-04-23T03:15:34Z,14.76,Fitbit App
2026-04-23T03:16:34Z,2.68,Fitbit App
2026-04-23T03:17:34Z,14.76,Fitbit App
2026-04-23T03:18:34Z,18.79,Fitbit App
2026-04-23T03:19:34Z,36.91,Fitbit App
2026-04-23T03:20:34Z,12.75,Fitbit App
2026-04-23T03:21:34Z,14.09,Fitbit App
2026-04-23T03:22:34Z,16.10,Fitbit App
2026-04-23T03:23:34Z,22.14,Fitbit App
2026-04-23T03:34:34Z,6.04,Fitbit App
2026-04-23T03:35:34Z,33.55,Fitbit App
2026-04-23T03:36:34Z,10.74,Fitbit App
2026-04-23T03:37:34Z,14.76,Fitbit App
2026-04-23T03:38:34Z,1.34,Fitbit App
2026-04-23T03:43:34Z,2.01,Fitbit App
2026-04-23T03:44:34Z,17.45,Fitbit App
2026-04-23T03:45:34Z,35.56,Fitbit App
2026-04-23T03:46:34Z,10.07,Fitbit App
2026-04-23T03:47:34Z,1.34,Fitbit App
2026-04-23T03:48:34Z,3.36,Fitbit App
2026-04-23T03:49:34Z,4.03,Fitbit App
2026-04-23T03:50:34Z,6.04,Fitbit App
2026-04-23T03:59:34Z,8.72,Fitbit App
2026-04-23T04:00:34Z,8.05,Fitbit App
2026-04-23T04:01:34Z,6.04,Fitbit App
2026-04-23T04:02:34Z,32.21,Fitbit App
2026-04-23T04:03:34Z,0.67,Fitbit App
2026-04-23T04:04:34Z,13.42,Fitbit App
2026-04-23T04:05:34Z,15.43,Fitbit App
2026-04-23T04:06:34Z,3.36,Fitbit App
2026-04-23T04:07:34Z,12.08,Fitbit App
2026-04-23T04:12:34Z,10.07,Fitbit App
2026-04-23T04:13:34Z,70.15,Fitbit App
2026-04-23T04:14:34Z,66.68,Fitbit App
2026-04-23T04:15:34Z,25.50,Fitbit App
2026-04-23T04:18:34Z,4.03,Fitbit App
2026-04-23T04:19:34Z,11.41,Fitbit App
2026-04-23T04:23:34Z,1.34,Fitbit App
2026-04-23T04:24:34Z,20.13,Fitbit App
2026-04-23T04:25:34Z,5.37,Fitbit App
2026-04-23T04:26:34Z,22.14,Fitbit App
2026-04-23T04:27:34Z,17.45,Fitbit App
2026-04-23T04:28:34Z,14.76,Fitbit App
2026-04-23T04:29:34Z,2.68,Fitbit App
2026-04-23T04:30:34Z,7.38,Fitbit App
2026-04-23T04:31:34Z,31.54,Fitbit App
2026-04-23T04:32:34Z,34.22,Fitbit App
2026-04-23T04:33:34Z,13.42,Fitbit App
2026-04-23T04:34:34Z,2.01,Fitbit App
2026-04-23T04:35:34Z,21.47,Fitbit App
2026-04-23T04:36:34Z,22.14,Fitbit App
2026-04-23T04:37:34Z,6.71,Fitbit App
2026-04-23T04:38:34Z,6.71,Fitbit App
2026-04-23T04:39:34Z,25.50,Fitbit App
2026-04-23T04:40:34Z,32.21,Fitbit App
2026-04-23T04:41:34Z,15.43,Fitbit App
2026-04-23T04:42:34Z,17.45,Fitbit App
2026-04-23T04:43:34Z,7.38,Fitbit App
2026-04-23T04:44:34Z,1.34,Fitbit App
2026-04-23T04:46:34Z,5.37,Fitbit App
2026-04-23T04:47:34Z,64.95,Fitbit App
2026-04-23T04:48:34Z,92.66,Fitbit App
2026-04-23T04:49:34Z,107.38,Fitbit App
2026-04-23T04:50:34Z,110.85,Fitbit App
2026-04-23T04:51:34Z,107.38,Fitbit App
2026-04-23T04:52:34Z,30.20,Fitbit App
2026-04-23T04:58:34Z,2.68,Fitbit App
2026-04-23T04:59:34Z,14.76,Fitbit App
2026-04-23T05:00:34Z,5.37,Fitbit App
2026-04-23T05:04:34Z,3.36,Fitbit App
2026-04-23T05:05:34Z,15.43,Fitbit App
2026-04-23T05:23:34Z,9.39,Fitbit App
2026-04-23T05:24:34Z,109.98,Fitbit App
2026-04-23T05:25:34Z,90.06,Fitbit App
2026-04-23T05:26:34Z,6.04,Fitbit App
2026-04-23T05:27:34Z,41.60,Fitbit App
2026-04-23T05:28:34Z,91.80,Fitbit App
2026-04-23T05:29:34Z,91.80,Fitbit App
2026-04-23T05:30:34Z,71.01,Fitbit App
2026-04-23T05:31:34Z,2.68,Fitbit App
2026-04-23T05:40:34Z,2.68,Fitbit App
2026-04-23T05:41:34Z,28.85,Fitbit App
2026-04-23T05:42:34Z,96.99,Fitbit App
2026-04-23T05:43:34Z,86.60,Fitbit App
2026-04-23T05:44:34Z,22.81,Fitbit App
2026-04-23T06:51:34Z,8.05,Fitbit App
2026-04-23T06:52:34Z,2.01,Fitbit App
2026-04-23T07:19:34Z,2.01,Fitbit App
2026-04-23T07:20:34Z,10.74,Fitbit App
2026-04-23T07:21:34Z,19.46,Fitbit App
2026-04-23T07:22:34Z,16.78,Fitbit App
2026-04-23T07:23:34Z,4.03,Fitbit App
2026-04-23T07:24:34Z,13.42,Fitbit App
2026-04-23T07:25:34Z,38.25,Fitbit App
2026-04-23T07:26:34Z,96.13,Fitbit App
2026-04-23T07:27:34Z,96.13,Fitbit App
2026-04-23T07:28:34Z,24.16,Fitbit App
2026-04-23T07:45:34Z,5.37,Fitbit App
2026-04-23T07:46:34Z,35.56,Fitbit App
2026-04-23T07:47:34Z,8.05,Fitbit App
2026-04-23T07:49:34Z,4.70,Fitbit App
2026-04-23T08:37:34Z,4.70,Fitbit App
2026-04-23T08:38:34Z,14.09,Fitbit App
2026-04-23T08:39:34Z,86.60,Fitbit App
2026-04-23T08:40:34Z,27.51,Fitbit App
2026-04-23T08:41:34Z,29.52,Fitbit App
2026-04-23T08:42:34Z,6.71,Fitbit App
2026-04-23T08:44:34Z,1.34,Fitbit App
2026-04-23T08:45:34Z,14.09,Fitbit App
2026-04-23T08:46:34Z,4.03,Fitbit App
2026-04-23T08:53:34Z,10.07,Fitbit App
2026-04-23T08:54:34Z,14.09,Fitbit App
2026-04-23T08:56:34Z,0.67,Fitbit App
2026-04-23T08:57:34Z,6.71,Fitbit App
2026-04-23T08:58:34Z,15.43,Fitbit App
2026-04-23T09:04:34Z,8.72,Fitbit App
2026-04-23T09:05:34Z,78.81,Fitbit App
2026-04-23T09:06:34Z,94.39,Fitbit App
2026-04-23T09:07:34Z,59.75,Fitbit App
2026-04-23T09:08:34Z,24.83,Fitbit App
2026-04-23T09:09:34Z,10.07,Fitbit App
2026-04-23T11:25:34Z,0.67,Fitbit App
2026-04-23T11:26:34Z,10.74,Fitbit App
2026-04-23T11:27:34Z,5.37,Fitbit App
2026-04-23T11:28:34Z,6.71,Fitbit App
2026-04-23T11:39:34Z,2.01,Fitbit App
2026-04-23T11:40:34Z,4.70,Fitbit App
2026-04-23T12:01:34Z,4.03,Fitbit App
2026-04-23T12:02:34Z,10.07,Fitbit App
2026-04-23T12:39:34Z,4.70,Fitbit App
2026-04-23T12:40:34Z,22.14,Fitbit App
2026-04-23T12:41:34Z,1.34,Fitbit App
2026-04-24T00:22:34Z,4.03,Fitbit App
2026-04-24T00:34:34Z,3.36,Fitbit App
2026-04-24T00:35:34Z,29.52,Fitbit App
2026-04-24T00:36:34Z,9.39,Fitbit App
2026-04-24T00:57:34Z,6.71,Fitbit App
2026-04-24T00:58:34Z,18.12,Fitbit App
2026-04-24T01:00:34Z,4.70,Fitbit App
2026-04-24T01:01:34Z,24.83,Fitbit App
2026-04-24T01:02:34Z,7.38,Fitbit App
2026-04-24T01:03:34Z,12.08,Fitbit App
2026-04-24T01:04:34Z,11.41,Fitbit App
2026-04-24T01:05:52Z,89.20,Fitbit App
2026-04-24T01:06:52Z,101.32,Fitbit App
2026-04-24T01:07:52Z,42.27,Fitbit App
2026-04-24T01:08:52Z,2.68,Fitbit App
2026-04-24T01:09:52Z,4.70,Fitbit App
2026-04-24T01:13:52Z,4.03,Fitbit App
2026-04-24T01:14:52Z,34.89,Fitbit App
2026-04-24T01:15:52Z,103.05,Fitbit App
2026-04-24T01:16:52Z,91.80,Fitbit App
2026-04-24T01:17:52Z,78.81,Fitbit App
2026-04-24T01:18:52Z,65.82,Fitbit App
2026-04-24T01:19:52Z,17.45,Fitbit App
2026-04-24T01:20:52Z,61.49,Fitbit App
2026-04-24T01:21:52Z,109.98,Fitbit App
2026-04-24T01:22:52Z,103.05,Fitbit App
2026-04-24T01:23:52Z,77.94,Fitbit App
2026-04-24T01:24:52Z,109.12,Fitbit App
2026-04-24T01:25:52Z,109.98,Fitbit App
2026-04-24T01:26:52Z,109.98,Fitbit App
2026-04-24T01:27:52Z,43.62,Fitbit App
2026-04-24T01:28:52Z,109.12,Fitbit App
2026-04-24T01:29:52Z,33.55,Fitbit App
2026-04-24T01:31:52Z,0.67,Fitbit App
2026-04-24T01:32:52Z,11.41,Fitbit App
2026-04-24T01:33:52Z,109.12,Fitbit App
2026-04-24T01:34:52Z,114.31,Fitbit App
2026-04-24T01:35:52Z,111.71,Fitbit App
2026-04-24T01:36:52Z,106.52,Fitbit App
2026-04-24T01:37:52Z,102.19,Fitbit App
2026-04-24T01:38:52Z,107.38,Fitbit App
2026-04-24T01:39:52Z,106.52,Fitbit App
2026-04-24T01:40:52Z,34.89,Fitbit App
2026-04-24T01:51:52Z,2.01,Fitbit App
2026-04-24T01:52:52Z,25.50,Fitbit App
2026-04-24T01:53:52Z,107.38,Fitbit App
2026-04-24T01:54:52Z,116.04,Fitbit App
2026-04-24T01:55:52Z,74.48,Fitbit App
2026-04-24T01:56:52Z,8.05,Fitbit App
2026-04-24T01:57:52Z,0.67,Fitbit App
2026-04-24T01:58:52Z,14.76,Fitbit App
2026-04-24T01:59:52Z,113.45,Fitbit App
2026-04-24T02:00:52Z,75.34,Fitbit App
2026-04-24T02:01:52Z,93.53,Fitbit App
2026-04-24T02:02:52Z,112.58,Fitbit App
2026-04-24T02:03:52Z,109.98,Fitbit App
2026-04-24T02:04:52Z,109.12,Fitbit App
2026-04-24T02:05:52Z,109.98,Fitbit App
2026-04-24T02:06:52Z,112.58,Fitbit App
2026-04-24T02:07:52Z,87.47,Fitbit App
2026-04-24T02:08:52Z,39.59,Fitbit App
2026-04-24T02:09:52Z,16.10,Fitbit App
2026-04-24T02:10:52Z,10.07,Fitbit App
2026-04-24T02:13:52Z,9.39,Fitbit App
2026-04-24T02:14:52Z,10.07,Fitbit App
2026-04-24T02:15:52Z,17.45,Fitbit App
2026-04-24T02:16:52Z,11.41,Fitbit App
2026-04-24T02:17:52Z,9.39,Fitbit App
2026-04-24T02:22:52Z,6.71,Fitbit App
2026-04-24T02:23:52Z,83.14,Fitbit App
2026-04-24T02:24:52Z,108.25,Fitbit App
2026-04-24T02:25:52Z,21.47,Fitbit App
2026-04-24T02:26:52Z,74.48,Fitbit App
2026-04-24T02:27:52Z,109.12,Fitbit App
2026-04-24T02:28:52Z,110.85,Fitbit App
2026-04-24T02:29:52Z,110.85,Fitbit App
2026-04-24T02:30:52Z,110.85,Fitbit App
2026-04-24T02:31:52Z,109.12,Fitbit App
2026-04-24T02:32:52Z,109.12,Fitbit App
2026-04-24T02:33:52Z,109.12,Fitbit App
2026-04-24T02:34:52Z,108.25,Fitbit App
2026-04-24T02:35:52Z,106.52,Fitbit App
2026-04-24T02:36:52Z,62.35,Fitbit App
2026-04-24T02:37:52Z,13.42,Fitbit App
2026-04-24T02:38:52Z,10.07,Fitbit App
2026-04-24T02:41:52Z,6.04,Fitbit App
2026-04-24T02:42:52Z,41.60,Fitbit App
2026-04-24T02:43:52Z,34.22,Fitbit App
2026-04-24T02:44:52Z,12.08,Fitbit App
2026-04-24T03:10:52Z,0.67,Fitbit App
2026-04-24T03:11:52Z,8.72,Fitbit App
2026-04-24T03:12:52Z,4.03,Fitbit App
2026-04-24T03:17:52Z,0.67,Fitbit App
2026-04-24T03:18:52Z,8.72,Fitbit App
2026-04-24T03:19:52Z,4.03,Fitbit App
2026-04-24T03:20:20Z,2.68,Fitbit App
2026-04-24T03:21:20Z,2.01,Fitbit App
2026-04-24T03:22:20Z,2.01,Fitbit App
2026-04-24T03:23:20Z,2.68,Fitbit App
2026-04-24T03:48:20Z,4.03,Fitbit App
2026-04-24T03:49:20Z,0.67,Fitbit App
2026-04-24T06:36:20Z,2.01,Fitbit App
2026-04-24T06:37:20Z,2.01,Fitbit App
2026-04-24T07:23:20Z,6.71,Fitbit App
2026-04-24T07:24:20Z,8.72,Fitbit App
2026-04-24T07:40:20Z,6.04,Fitbit App
2026-04-24T07:41:20Z,15.43,Fitbit App
2026-04-24T07:54:20Z,3.36,Fitbit App
2026-04-24T07:55:20Z,4.03,Fitbit App
2026-04-24T08:09:20Z,2.68,Fitbit App
2026-04-24T08:10:20Z,14.76,Fitbit App
2026-04-24T08:14:20Z,2.01,Fitbit App
2026-04-24T08:15:20Z,20.13,Fitbit App
2026-04-24T08:16:20Z,30.87,Fitbit App
2026-04-24T08:17:20Z,34.22,Fitbit App
2026-04-24T08:18:20Z,104.79,Fitbit App
2026-04-24T08:19:20Z,97.86,Fitbit App
2026-04-24T08:20:20Z,31.54,Fitbit App
2026-04-24T09:21:20Z,6.71,Fitbit App
2026-04-24T09:22:20Z,64.08,Fitbit App
2026-04-24T09:23:20Z,92.66,Fitbit App
2026-04-24T09:24:20Z,94.39,Fitbit App
2026-04-24T09:25:20Z,93.53,Fitbit App
2026-04-24T09:26:20Z,63.22,Fitbit App
2026-04-24T09:27:20Z,16.78,Fitbit App
2026-04-24T09:28:20Z,2.01,Fitbit App
2026-04-24T09:29:20Z,8.72,Fitbit App
2026-04-24T10:34:20Z,2.68,Fitbit App
2026-04-24T10:35:20Z,21.47,Fitbit App
2026-04-24T10:36:20Z,16.78,Fitbit App
2026-04-24T10:37:20Z,17.45,Fitbit App
2026-04-24T10:38:20Z,15.43,Fitbit App
2026-04-24T11:40:20Z,5.37,Fitbit App
2026-04-24T11:41:20Z,34.89,Fitbit App
2026-04-24T11:42:20Z,95.26,Fitbit App
2026-04-24T11:43:20Z,83.14,Fitbit App
2026-04-24T11:44:20Z,82.27,Fitbit App
2026-04-24T11:45:20Z,100.46,Fitbit App
2026-04-24T11:46:20Z,88.33,Fitbit App
2026-04-24T11:47:20Z,10.74,Fitbit App
2026-04-24T11:48:20Z,18.12,Fitbit App
2026-04-24T14:40:20Z,9.39,Fitbit App
2026-04-24T14:41:20Z,5.37,Fitbit App
2026-04-25T02:24:20Z,1.34,Fitbit App
2026-04-25T02:25:20Z,8.72,Fitbit App
2026-04-25T02:50:20Z,0.67,Fitbit App
2026-04-25T02:51:20Z,4.03,Fitbit App
2026-04-25T02:52:20Z,5.37,Fitbit App
2026-04-25T02:53:20Z,30.87,Fitbit App
2026-04-25T02:59:20Z,6.04,Fitbit App
2026-04-25T03:00:20Z,6.04,Fitbit App
2026-04-25T03:26:20Z,6.04,Fitbit App
2026-04-25T03:27:20Z,24.16,Fitbit App
2026-04-25T03:28:20Z,15.43,Fitbit App
2026-04-25T03:29:20Z,11.41,Fitbit App
2026-04-25T03:30:20Z,4.03,Fitbit App
2026-04-25T03:31:20Z,12.08,Fitbit App
2026-04-25T03:32:20Z,44.96,Fitbit App
2026-04-25T03:33:20Z,99.59,Fitbit App
2026-04-25T03:34:20Z,90.06,Fitbit App
2026-04-25T03:45:20Z,4.03,Fitbit App
2026-04-25T03:46:53Z,65.82,Fitbit App
2026-04-25T03:47:53Z,100.46,Fitbit App
2026-04-25T03:48:53Z,98.72,Fitbit App
2026-04-25T03:49:53Z,94.39,Fitbit App
2026-04-25T03:50:53Z,93.53,Fitbit App
2026-04-25T03:51:53Z,88.33,Fitbit App
2026-04-25T03:52:53Z,96.13,Fitbit App
2026-04-25T03:53:53Z,75.34,Fitbit App
2026-04-25T03:54:53Z,36.23,Fitbit App
2026-04-25T03:55:53Z,4.03,Fitbit App
2026-04-25T04:06:53Z,0.67,Fitbit App
2026-04-25T04:07:53Z,6.71,Fitbit App
2026-04-25T04:48:53Z,3.36,Fitbit App
2026-04-25T04:49:53Z,1.34,Fitbit App
2026-04-25T05:07:53Z,1.34,Fitbit App
2026-04-25T05:08:53Z,4.03,Fitbit App
2026-04-25T05:09:53Z,3.36,Fitbit App
2026-04-25T05:10:53Z,30.20,Fitbit App
2026-04-25T05:11:53Z,71.88,Fitbit App
2026-04-25T05:12:53Z,41.60,Fitbit App
2026-04-25T05:13:53Z,95.26,Fitbit App
2026-04-25T05:14:53Z,90.93,Fitbit App
2026-04-25T05:15:53Z,89.20,Fitbit App
2026-04-25T05:16:53Z,91.80,Fitbit App
2026-04-25T05:17:53Z,69.28,Fitbit App
2026-04-25T05:18:53Z,92.66,Fitbit App
2026-04-25T05:19:53Z,93.53,Fitbit App
2026-04-25T05:20:53Z,34.22,Fitbit App
2026-04-25T05:21:53Z,60.62,Fitbit App
2026-04-25T05:22:53Z,85.73,Fitbit App
2026-04-25T05:23:53Z,39.59,Fitbit App
2026-04-25T05:24:53Z,6.71,Fitbit App
2026-04-25T05:26:53Z,3.36,Fitbit App
2026-04-25T05:27:53Z,0.67,Fitbit App
2026-04-25T05:29:53Z,15.43,Fitbit App
2026-04-25T05:30:53Z,64.08,Fitbit App
2026-04-25T05:31:53Z,41.60,Fitbit App
2026-04-25T05:32:53Z,67.55,Fitbit App
2026-04-25T05:33:53Z,84.00,Fitbit App
2026-04-25T05:34:53Z,31.54,Fitbit App
2026-04-25T05:35:53Z,18.12,Fitbit App
2026-04-25T05:36:53Z,8.05,Fitbit App
2026-04-25T05:37:53Z,9.39,Fitbit App
2026-04-25T05:38:53Z,10.74,Fitbit App
2026-04-25T05:39:53Z,13.42,Fitbit App
2026-04-25T05:40:53Z,88.33,Fitbit App
2026-04-25T05:41:53Z,75.34,Fitbit App
2026-04-25T05:42:53Z,83.14,Fitbit App
2026-04-25T05:43:53Z,33.55,Fitbit App
2026-04-25T05:44:53Z,21.47,Fitbit App
2026-04-25T05:45:53Z,12.08,Fitbit App
2026-04-25T05:46:53Z,86.60,Fitbit App
2026-04-25T05:47:53Z,93.53,Fitbit App
2026-04-25T05:48:53Z,89.20,Fitbit App
2026-04-25T05:49:53Z,67.55,Fitbit App
2026-04-25T05:50:53Z,2.68,Fitbit App
2026-04-25T05:51:53Z,10.74,Fitbit App
2026-04-25T05:52:53Z,76.21,Fitbit App
2026-04-25T05:53:53Z,90.93,Fitbit App
2026-04-25T05:54:53Z,14.09,Fitbit App
2026-04-25T05:57:53Z,10.74,Fitbit App
2026-04-25T05:58:53Z,68.41,Fitbit App
2026-04-25T05:59:53Z,78.81,Fitbit App
2026-04-25T06:00:53Z,90.06,Fitbit App
2026-04-25T06:01:53Z,9.39,Fitbit App
2026-04-25T06:05:53Z,0.67,Fitbit App
2026-04-25T06:06:53Z,11.41,Fitbit App
2026-04-25T06:07:53Z,90.93,Fitbit App
2026-04-25T06:08:53Z,72.74,Fitbit App
2026-04-25T06:09:53Z,81.40,Fitbit App
2026-04-25T06:10:53Z,6.04,Fitbit App
2026-04-25T06:16:53Z,0.67,Fitbit App
2026-04-25T06:17:53Z,13.42,Fitbit App
2026-04-25T07:04:53Z,5.37,Fitbit App
2026-04-25T07:05:53Z,42.27,Fitbit App
2026-04-25T07:06:53Z,91.80,Fitbit App
2026-04-25T07:07:53Z,97.86,Fitbit App
2026-04-25T07:08:53Z,103.92,Fitbit App
2026-04-25T07:09:53Z,102.19,Fitbit App
2026-04-25T07:10:53Z,74.48,Fitbit App
2026-04-25T07:11:53Z,12.08,Fitbit App
2026-04-25T07:16:53Z,5.37,Fitbit App
2026-04-25T07:17:53Z,2.01,Fitbit App
2026-04-25T07:20:53Z,10.07,Fitbit App
2026-04-25T07:21:53Z,95.26,Fitbit App
2026-04-25T07:22:53Z,90.93,Fitbit App
2026-04-25T07:23:53Z,98.72,Fitbit App
2026-04-25T07:24:53Z,98.72,Fitbit App
2026-04-25T07:25:53Z,78.81,Fitbit App
2026-04-25T07:26:53Z,83.14,Fitbit App
2026-04-25T07:27:53Z,32.21,Fitbit App
2026-04-25T07:28:53Z,4.03,Fitbit App
2026-04-25T07:29:53Z,45.63,Fitbit App
2026-04-25T07:30:53Z,62.35,Fitbit App
2026-04-25T07:31:53Z,42.94,Fitbit App
2026-04-25T07:32:53Z,16.78,Fitbit App
2026-04-25T07:43:53Z,9.39,Fitbit App
2026-04-25T07:44:53Z,1.34,Fitbit App
2026-04-25T07:45:53Z,3.36,Fitbit App
2026-04-25T07:46:53Z,8.72,Fitbit App
2026-04-25T07:55:53Z,7.38,Fitbit App
2026-04-25T07:56:53Z,83.14,Fitbit App
2026-04-25T07:57:53Z,78.81,Fitbit App
2026-04-25T07:58:53Z,91.80,Fitbit App
2026-04-25T07:59:53Z,21.47,Fitbit App
2026-04-25T08:00:53Z,4.70,Fitbit App
2026-04-25T08:01:53Z,77.94,Fitbit App
2026-04-25T08:02:53Z,97.86,Fitbit App
2026-04-25T08:03:53Z,97.86,Fitbit App
2026-04-25T08:04:53Z,80.54,Fitbit App
2026-04-25T08:05:53Z,98.72,Fitbit App
2026-04-25T08:06:53Z,38.92,Fitbit App
2026-04-25T08:13:53Z,4.70,Fitbit App
2026-04-25T08:14:53Z,1.34,Fitbit App
2026-04-25T08:17:53Z,8.72,Fitbit App
2026-04-25T08:18:53Z,77.94,Fitbit App
2026-04-25T08:19:53Z,13.42,Fitbit App
2026-04-25T08:20:53Z,0.67,Fitbit App
2026-04-25T08:21:53Z,11.41,Fitbit App
2026-04-25T08:47:53Z,4.70,Fitbit App
2026-04-25T08:48:53Z,40.26,Fitbit App
2026-04-25T08:49:53Z,70.15,Fitbit App
2026-04-25T08:50:53Z,96.99,Fitbit App
2026-04-25T08:51:53Z,87.47,Fitbit App
2026-04-25T08:52:53Z,65.82,Fitbit App
2026-04-25T08:53:53Z,73.61,Fitbit App
2026-04-25T08:54:53Z,2.01,Fitbit App
2026-04-25T08:55:53Z,6.04,Fitbit App
2026-04-25T08:56:53Z,8.72,Fitbit App
2026-04-25T09:07:53Z,4.70,Fitbit App
2026-04-25T09:08:53Z,37.58,Fitbit App
2026-04-25T09:09:53Z,90.06,Fitbit App
2026-04-25T09:10:53Z,8.72,Fitbit App
2026-04-25T09:11:53Z,19.46,Fitbit App
2026-04-25T09:12:53Z,4.03,Fitbit App
2026-04-25T09:14:53Z,4.03,Fitbit App
2026-04-25T09:15:53Z,1.34,Fitbit App
2026-04-25T09:17:53Z,6.04,Fitbit App
2026-04-25T09:18:53Z,97.86,Fitbit App
2026-04-25T09:19:53Z,96.99,Fitbit App
2026-04-25T09:20:53Z,77.94,Fitbit App
2026-04-25T09:21:53Z,97.86,Fitbit App
2026-04-25T09:22:53Z,106.52,Fitbit App
2026-04-25T09:23:53Z,102.19,Fitbit App
2026-04-25T09:24:53Z,11.41,Fitbit App
2026-04-25T09:25:53Z,4.70,Fitbit App
2026-04-25T09:26:53Z,2.01,Fitbit App
2026-04-25T09:30:53Z,8.05,Fitbit App
2026-04-25T09:31:53Z,79.67,Fitbit App
2026-04-25T09:32:53Z,90.93,Fitbit App
2026-04-25T09:33:53Z,30.87,Fitbit App
2026-04-25T09:34:53Z,16.10,Fitbit App
2026-04-25T09:35:53Z,21.47,Fitbit App
2026-04-25T09:36:53Z,18.79,Fitbit App
2026-04-25T10:12:53Z,7.38,Fitbit App
2026-04-25T10:13:53Z,0.67,Fitbit App
2026-04-25T12:01:53Z,3.36,Fitbit App
2026-04-25T12:02:53Z,0.67,Fitbit App
2026-04-25T12:04:53Z,4.70,Fitbit App
2026-04-25T12:44:53Z,4.70,Fitbit App
2026-04-25T12:45:53Z,30.87,Fitbit App
2026-04-25T22:59:53Z,2.01,Fitbit App
2026-04-25T23:00:53Z,5.37,Fitbit App
2026-04-25T23:01:53Z,4.03,Fitbit App
2026-04-25T23:02:53Z,10.74,Fitbit App
2026-04-25T23:03:53Z,36.23,Fitbit App
2026-04-25T23:04:53Z,110.85,Fitbit App
2026-04-25T23:05:53Z,110.85,Fitbit App
2026-04-25T23:06:53Z,109.12,Fitbit App
2026-04-25T23:07:53Z,109.98,Fitbit App
2026-04-25T23:08:53Z,110.85,Fitbit App
2026-04-25T23:09:53Z,95.26,Fitbit App
2026-04-25T23:23:53Z,1.34,Fitbit App
2026-04-25T23:24:53Z,20.80,Fitbit App
2026-04-25T23:25:53Z,31.54,Fitbit App
2026-04-25T23:26:53Z,96.99,Fitbit App
2026-04-25T23:27:53Z,72.74,Fitbit App
2026-04-25T23:28:53Z,61.49,Fitbit App
2026-04-26T00:06:53Z,0.67,Fitbit App
2026-04-26T00:07:53Z,9.39,Fitbit App
2026-04-26T00:08:53Z,2.68,Fitbit App
2026-04-26T00:45:53Z,2.68,Fitbit App
2026-04-26T00:46:53Z,2.01,Fitbit App
2026-04-26T00:51:53Z,0.67,Fitbit App
2026-04-26T00:52:53Z,4.70,Fitbit App
2026-04-26T00:53:53Z,5.37,Fitbit App
2026-04-26T00:59:53Z,1.34,Fitbit App
2026-04-26T01:00:53Z,21.47,Fitbit App
2026-04-26T01:01:53Z,31.54,Fitbit App
2026-04-26T01:02:53Z,25.50,Fitbit App
2026-04-26T01:03:53Z,21.47,Fitbit App
2026-04-26T01:04:53Z,10.74,Fitbit App
2026-04-26T01:05:53Z,90.06,Fitbit App
2026-04-26T01:06:53Z,100.46,Fitbit App
2026-04-26T01:07:53Z,40.93,Fitbit App
2026-04-26T01:08:53Z,39.59,Fitbit App
2026-04-26T01:09:53Z,41.60,Fitbit App
2026-04-26T01:25:53Z,6.04,Fitbit App
2026-04-26T01:26:53Z,29.52,Fitbit App
2026-04-26T01:27:53Z,32.21,Fitbit App
2026-04-26T01:35:53Z,6.04,Fitbit App
2026-04-26T01:36:53Z,4.03,Fitbit App
2026-04-26T02:32:53Z,3.36,Fitbit App
2026-04-26T02:33:53Z,30.20,Fitbit App
2026-04-26T02:34:53Z,82.27,Fitbit App
2026-04-26T02:35:53Z,89.20,Fitbit App
2026-04-26T02:36:53Z,96.99,Fitbit App
2026-04-26T02:37:53Z,85.73,Fitbit App
2026-04-26T02:38:53Z,78.81,Fitbit App
2026-04-26T02:39:53Z,98.72,Fitbit App
2026-04-26T02:40:53Z,96.13,Fitbit App
2026-04-26T02:41:53Z,21.47,Fitbit App
2026-04-26T02:52:53Z,9.39,Fitbit App
2026-04-26T02:53:53Z,72.74,Fitbit App
2026-04-26T02:54:53Z,75.34,Fitbit App
2026-04-26T02:55:53Z,72.74,Fitbit App
2026-04-26T02:56:53Z,65.82,Fitbit App
2026-04-26T02:57:53Z,26.17,Fitbit App
2026-04-26T02:59:53Z,0.67,Fitbit App
2026-04-26T03:00:53Z,4.03,Fitbit App
2026-04-26T03:03:53Z,1.34,Fitbit App
2026-04-26T03:04:53Z,5.37,Fitbit App
2026-04-26T03:09:53Z,5.37,Fitbit App
2026-04-26T03:10:53Z,4.70,Fitbit App
2026-04-26T03:11:53Z,15.43,Fitbit App
2026-04-26T03:24:53Z,8.72,Fitbit App
2026-04-26T03:25:53Z,63.22,Fitbit App
2026-04-26T03:26:53Z,98.72,Fitbit App
2026-04-26T03:27:53Z,100.46,Fitbit App
2026-04-26T03:28:53Z,97.86,Fitbit App
2026-04-26T03:29:53Z,74.48,Fitbit App
2026-04-26T03:30:53Z,31.54,Fitbit App
2026-04-26T03:31:53Z,95.26,Fitbit App
2026-04-26T03:32:53Z,95.26,Fitbit App
2026-04-26T03:33:53Z,96.13,Fitbit App
2026-04-26T03:34:53Z,97.86,Fitbit App
2026-04-26T03:35:53Z,88.33,Fitbit App
2026-04-26T03:36:53Z,92.66,Fitbit App
2026-04-26T03:37:53Z,27.51,Fitbit App
2026-04-26T03:39:53Z,2.68,Fitbit App
2026-04-26T03:40:53Z,2.68,Fitbit App
2026-04-26T03:44:53Z,7.38,Fitbit App
2026-04-26T03:45:53Z,97.86,Fitbit App
2026-04-26T03:46:53Z,100.46,Fitbit App
2026-04-26T03:47:53Z,96.99,Fitbit App
2026-04-26T03:48:53Z,94.39,Fitbit App
2026-04-26T03:49:53Z,26.84,Fitbit App
2026-04-26T03:50:53Z,4.03,Fitbit App
2026-04-26T03:51:53Z,0.67,Fitbit App
2026-04-26T04:06:53Z,4.70,Fitbit App
2026-04-26T04:07:53Z,38.92,Fitbit App
2026-04-26T04:08:53Z,70.15,Fitbit App
2026-04-26T04:09:53Z,93.53,Fitbit App
2026-04-26T04:10:53Z,90.93,Fitbit App
2026-04-26T04:11:53Z,77.94,Fitbit App
2026-04-26T04:12:53Z,9.39,Fitbit App
2026-04-26T04:13:53Z,3.36,Fitbit App
2026-04-26T04:14:53Z,30.20,Fitbit App
2026-04-26T04:15:53Z,88.33,Fitbit App
2026-04-26T04:16:53Z,12.75,Fitbit App
2026-04-26T04:17:53Z,4.03,Fitbit App
2026-04-26T04:18:53Z,4.03,Fitbit App
2026-04-26T04:19:53Z,18.79,Fitbit App
2026-04-26T04:21:53Z,3.36,Fitbit App
2026-04-26T04:22:53Z,4.03,Fitbit App
2026-04-26T04:23:53Z,7.38,Fitbit App
2026-04-26T04:24:53Z,16.10,Fitbit App
2026-04-26T04:25:53Z,25.50,Fitbit App
2026-04-26T04:30:53Z,8.72,Fitbit App
2026-04-26T04:31:53Z,71.88,Fitbit App
2026-04-26T04:32:53Z,90.93,Fitbit App
2026-04-26T04:33:53Z,88.33,Fitbit App
2026-04-26T04:34:53Z,72.74,Fitbit App
2026-04-26T04:35:53Z,11.41,Fitbit App
2026-04-26T04:36:53Z,12.75,Fitbit App
2026-04-26T04:40:53Z,6.71,Fitbit App
2026-04-26T04:47:53Z,3.36,Fitbit App
2026-04-26T04:48:53Z,41.60,Fitbit App
2026-04-26T04:49:53Z,90.06,Fitbit App
2026-04-26T04:50:53Z,7.38,Fitbit App
2026-04-26T04:51:53Z,9.39,Fitbit App
2026-04-26T04:52:53Z,82.27,Fitbit App
2026-04-26T04:53:53Z,8.72,Fitbit App
2026-04-26T05:00:53Z,3.36,Fitbit App
2026-04-26T05:01:53Z,10.74,Fitbit App
2026-04-26T05:13:53Z,3.36,Fitbit App
2026-04-26T05:14:53Z,30.20,Fitbit App
2026-04-26T05:15:53Z,90.06,Fitbit App
2026-04-26T05:16:53Z,16.78,Fitbit App
2026-04-26T05:17:53Z,60.62,Fitbit App
2026-04-26T05:21:53Z,4.03,Fitbit App
2026-04-26T05:22:53Z,1.34,Fitbit App
2026-04-26T05:30:53Z,4.03,Fitbit App
2026-04-26T05:31:53Z,66.68,Fitbit App
2026-04-26T05:32:53Z,73.61,Fitbit App
2026-04-26T05:33:53Z,89.20,Fitbit App
2026-04-26T05:34:53Z,94.39,Fitbit App
2026-04-26T05:35:53Z,91.80,Fitbit App
2026-04-26T05:36:53Z,95.26,Fitbit App
2026-04-26T05:37:53Z,94.39,Fitbit App
2026-04-26T05:38:53Z,95.26,Fitbit App
2026-04-26T05:39:53Z,30.20,Fitbit App
2026-04-26T05:40:53Z,6.71,Fitbit App
2026-04-26T05:44:53Z,6.71,Fitbit App
2026-04-26T05:45:53Z,4.03,Fitbit App
2026-04-26T07:41:53Z,8.72,Fitbit App
2026-04-26T07:42:53Z,30.20,Fitbit App
2026-04-26T07:43:53Z,20.80,Fitbit App
2026-04-26T07:44:53Z,21.47,Fitbit App
2026-04-26T07:45:53Z,80.54,Fitbit App
2026-04-26T07:46:53Z,92.66,Fitbit App
2026-04-26T07:47:53Z,67.55,Fitbit App
2026-04-26T07:48:53Z,32.21,Fitbit App
2026-04-26T07:49:53Z,11.41,Fitbit App
2026-04-26T07:50:53Z,15.43,Fitbit App
2026-04-26T07:51:53Z,44.96,Fitbit App
2026-04-26T07:52:53Z,14.09,Fitbit App
2026-04-26T07:53:53Z,70.15,Fitbit App
2026-04-26T07:54:53Z,18.12,Fitbit App
2026-04-26T07:55:53Z,4.70,Fitbit App
2026-04-26T07:56:53Z,80.54,Fitbit App
2026-04-26T07:57:53Z,94.39,Fitbit App
2026-04-26T07:58:53Z,40.26,Fitbit App
2026-04-26T07:59:53Z,16.10,Fitbit App
2026-04-26T08:00:53Z,19.46,Fitbit App
2026-04-26T08:01:53Z,14.76,Fitbit App
2026-04-26T08:02:53Z,10.07,Fitbit App
2026-04-26T08:03:53Z,4.03,Fitbit App
2026-04-26T08:04:53Z,8.05,Fitbit App
2026-04-26T08:09:53Z,6.04,Fitbit App
2026-04-26T08:10:53Z,27.51,Fitbit App
2026-04-26T08:11:53Z,62.35,Fitbit App
2026-04-26T08:12:53Z,3.36,Fitbit App
2026-04-26T10:57:07Z,10.07,Fitbit App
2026-04-26T10:58:07Z,10.74,Fitbit App
2026-04-26T11:00:07Z,6.04,Fitbit App
2026-04-26T11:01:07Z,10.74,Fitbit App
2026-04-26T11:05:07Z,3.36,Fitbit App
2026-04-26T11:06:07Z,5.37,Fitbit App
2026-04-26T12:00:07Z,2.68,Fitbit App
2026-04-26T12:01:07Z,5.37,Fitbit App
2026-04-26T12:25:07Z,2.01,Fitbit App
2026-04-26T12:26:07Z,2.01,Fitbit App
2026-04-26T14:32:07Z,4.03,Fitbit App
2026-04-26T14:33:07Z,0.67,Fitbit App
2026-04-26T19:59:07Z,4.70,Fitbit App
2026-04-26T20:00:07Z,7.38,Fitbit App
2026-04-26T20:01:07Z,1.34,Fitbit App
2026-04-26T20:02:07Z,22.81,Fitbit App
2026-04-26T20:03:07Z,112.58,Fitbit App
2026-04-26T20:04:07Z,80.54,Fitbit App
2026-04-26T20:29:07Z,3.36,Fitbit App
2026-04-26T20:30:07Z,34.22,Fitbit App
2026-04-26T20:31:07Z,105.65,Fitbit App
2026-04-26T20:32:07Z,103.92,Fitbit App
2026-04-26T20:33:07Z,104.79,Fitbit App
2026-04-26T20:34:07Z,19.46,Fitbit App
2026-04-26T20:35:07Z,16.78,Fitbit App
2026-04-26T20:36:07Z,30.87,Fitbit App
2026-04-26T20:37:07Z,64.08,Fitbit App
2026-04-26T20:38:07Z,14.76,Fitbit App
2026-04-26T20:39:07Z,4.70,Fitbit App
2026-04-26T20:40:07Z,71.01,Fitbit App
2026-04-26T20:42:07Z,4.03,Fitbit App
2026-04-26T20:43:07Z,23.49,Fitbit App
2026-04-26T20:44:07Z,64.08,Fitbit App
2026-04-26T20:45:07Z,60.62,Fitbit App
2026-04-26T20:46:07Z,12.75,Fitbit App
2026-04-26T20:49:07Z,1.34,Fitbit App
2026-04-26T20:50:07Z,17.45,Fitbit App
2026-04-26T20:52:07Z,8.05,Fitbit App
2026-04-26T20:53:07Z,12.75,Fitbit App
2026-04-26T20:55:07Z,2.01,Fitbit App
2026-04-26T20:56:07Z,18.12,Fitbit App
2026-04-26T20:57:07Z,16.10,Fitbit App
2026-04-26T20:58:07Z,2.68,Fitbit App
2026-04-26T20:59:07Z,20.80,Fitbit App
2026-04-26T21:00:07Z,16.10,Fitbit App
2026-04-26T21:01:07Z,8.05,Fitbit App
2026-04-26T21:02:07Z,23.49,Fitbit App
2026-04-26T21:03:07Z,2.01,Fitbit App
2026-04-26T21:04:07Z,8.05,Fitbit App
2026-04-26T21:07:07Z,2.01,Fitbit App
2026-04-26T21:08:07Z,11.41,Fitbit App
2026-04-26T21:09:07Z,21.47,Fitbit App
2026-04-26T21:10:07Z,9.39,Fitbit App
2026-04-26T21:11:07Z,28.85,Fitbit App
2026-04-26T21:12:07Z,5.37,Fitbit App
2026-04-26T21:13:07Z,16.10,Fitbit App
2026-04-26T21:14:07Z,5.37,Fitbit App
2026-04-26T21:15:07Z,22.81,Fitbit App
2026-04-26T21:16:07Z,4.70,Fitbit App
2026-04-26T21:17:07Z,7.38,Fitbit App
2026-04-26T21:18:07Z,21.47,Fitbit App
2026-04-26T21:19:07Z,16.10,Fitbit App
2026-04-26T21:20:07Z,38.92,Fitbit App
2026-04-26T21:21:07Z,35.56,Fitbit App
2026-04-26T21:22:07Z,11.41,Fitbit App
2026-04-26T21:23:07Z,30.87,Fitbit App
2026-04-26T21:24:07Z,6.04,Fitbit App
2026-04-26T21:25:07Z,18.79,Fitbit App
2026-04-26T21:26:07Z,18.12,Fitbit App
2026-04-26T21:27:07Z,21.47,Fitbit App
2026-04-26T21:28:07Z,25.50,Fitbit App
2026-04-26T21:30:07Z,7.38,Fitbit App
2026-04-26T21:31:07Z,27.51,Fitbit App
2026-04-26T21:32:07Z,42.27,Fitbit App
2026-04-26T21:33:07Z,81.40,Fitbit App
2026-04-26T21:34:07Z,35.56,Fitbit App
2026-04-26T21:35:07Z,22.81,Fitbit App
2026-04-26T21:39:07Z,12.75,Fitbit App
2026-04-26T21:40:07Z,25.50,Fitbit App
2026-04-26T21:41:35Z,4.70,Fitbit App
2026-04-26T21:43:35Z,8.72,Fitbit App
2026-04-26T21:44:35Z,16.78,Fitbit App
2026-04-26T21:45:35Z,1.34,Fitbit App
2026-04-26T21:46:35Z,20.13,Fitbit App
2026-04-26T21:47:35Z,95.26,Fitbit App
2026-04-26T21:48:35Z,15.43,Fitbit App
2026-04-26T21:56:35Z,4.70,Fitbit App
2026-04-26T21:57:35Z,37.58,Fitbit App
2026-04-26T21:58:35Z,81.40,Fitbit App
2026-04-26T21:59:35Z,38.25,Fitbit App
2026-04-26T22:00:35Z,4.03,Fitbit App
2026-04-26T22:01:35Z,28.85,Fitbit App
2026-04-26T22:02:35Z,16.10,Fitbit App
2026-04-26T22:03:35Z,24.16,Fitbit App
2026-04-26T22:04:35Z,10.74,Fitbit App
2026-04-26T22:05:35Z,35.56,Fitbit App
2026-04-26T22:08:35Z,7.38,Fitbit App
2026-04-26T22:09:35Z,22.14,Fitbit App
2026-04-26T22:13:35Z,8.72,Fitbit App
2026-04-26T22:14:35Z,29.52,Fitbit App
2026-04-26T22:15:35Z,0.67,Fitbit App
2026-04-26T22:16:35Z,7.38,Fitbit App
2026-04-26T22:17:35Z,26.84,Fitbit App
2026-04-26T22:30:35Z,7.38,Fitbit App
2026-04-26T22:31:35Z,36.23,Fitbit App
2026-04-26T22:32:35Z,25.50,Fitbit App
2026-04-26T22:33:35Z,8.72,Fitbit App
2026-04-26T22:42:35Z,29.52,Fitbit App
2026-04-26T22:43:35Z,20.13,Fitbit App
2026-04-26T22:46:35Z,4.70,Fitbit App
2026-04-26T22:47:35Z,1.34,Fitbit App
2026-04-26T22:49:35Z,2.01,Fitbit App
2026-04-26T22:50:35Z,7.38,Fitbit App
2026-04-26T22:51:35Z,8.05,Fitbit App
2026-04-26T22:52:35Z,21.47,Fitbit App
2026-04-26T22:54:35Z,4.03,Fitbit App
2026-04-26T22:55:35Z,6.04,Fitbit App
2026-04-26T22:56:35Z,11.41,Fitbit App
2026-04-26T22:57:35Z,7.38,Fitbit App
2026-04-26T22:58:35Z,14.09,Fitbit App
2026-04-26T22:59:35Z,7.38,Fitbit App
2026-04-26T23:00:35Z,26.17,Fitbit App
2026-04-26T23:01:35Z,38.25,Fitbit App
2026-04-26T23:02:35Z,64.95,Fitbit App
2026-04-26T23:03:35Z,63.22,Fitbit App
2026-04-26T23:04:35Z,3.36,Fitbit App
2026-04-26T23:06:35Z,8.05,Fitbit App
2026-04-26T23:07:35Z,18.79,Fitbit App
2026-04-26T23:08:35Z,13.42,Fitbit App
2026-04-26T23:09:35Z,10.74,Fitbit App
2026-04-26T23:10:35Z,5.37,Fitbit App
2026-04-26T23:12:35Z,2.68,Fitbit App
2026-04-26T23:13:35Z,24.83,Fitbit App
2026-04-26T23:14:35Z,84.00,Fitbit App
2026-04-26T23:15:35Z,6.71,Fitbit App
2026-04-26T23:16:35Z,64.95,Fitbit App
2026-04-26T23:17:35Z,7.38,Fitbit App
2026-04-26T23:18:35Z,14.09,Fitbit App
2026-04-26T23:19:35Z,19.46,Fitbit App
2026-04-26T23:20:35Z,10.07,Fitbit App
2026-04-26T23:21:35Z,19.46,Fitbit App
2026-04-26T23:22:35Z,22.14,Fitbit App
2026-04-26T23:23:35Z,14.09,Fitbit App
2026-04-26T23:24:35Z,4.03,Fitbit App
2026-04-26T23:25:35Z,17.45,Fitbit App
2026-04-26T23:26:35Z,66.68,Fitbit App
2026-04-26T23:27:35Z,10.07,Fitbit App
2026-04-26T23:28:35Z,5.37,Fitbit App
2026-04-26T23:29:35Z,35.56,Fitbit App
2026-04-26T23:30:35Z,87.47,Fitbit App
2026-04-26T23:31:35Z,27.51,Fitbit App
2026-04-26T23:32:35Z,35.56,Fitbit App
2026-04-26T23:33:35Z,10.07,Fitbit App
2026-04-26T23:34:35Z,1.34,Fitbit App
2026-04-26T23:35:35Z,11.41,Fitbit App
2026-04-26T23:39:35Z,1.34,Fitbit App
2026-04-26T23:40:35Z,3.36,Fitbit App
2026-04-26T23:42:35Z,6.71,Fitbit App
2026-04-26T23:43:35Z,13.42,Fitbit App
2026-04-26T23:49:35Z,5.37,Fitbit App
2026-04-26T23:50:35Z,14.76,Fitbit App
2026-04-26T23:51:35Z,1.34,Fitbit App
2026-04-26T23:52:35Z,2.01,Fitbit App
2026-04-26T23:53:35Z,16.10,Fitbit App
2026-04-26T23:54:35Z,11.41,Fitbit App
2026-04-26T23:55:35Z,3.36,Fitbit App
2026-04-26T23:59:35Z,2.68,Fitbit App
2026-04-27T00:00:35Z,10.74,Fitbit App
2026-04-27T00:01:35Z,10.07,Fitbit App
2026-04-27T00:02:35Z,9.39,Fitbit App
2026-04-27T00:04:35Z,4.70,Fitbit App
2026-04-27T00:05:35Z,1.34,Fitbit App
2026-04-27T00:06:35Z,3.36,Fitbit App
2026-04-27T00:07:35Z,10.07,Fitbit App
2026-04-27T00:09:35Z,4.03,Fitbit App
2026-04-27T00:10:35Z,2.01,Fitbit App
2026-04-27T00:13:35Z,2.68,Fitbit App
2026-04-27T00:14:35Z,7.38,Fitbit App
2026-04-27T00:15:35Z,5.37,Fitbit App
2026-04-27T00:16:35Z,5.37,Fitbit App
2026-04-27T00:17:35Z,8.05,Fitbit App
2026-04-27T00:18:35Z,2.68,Fitbit App
2026-04-27T00:19:35Z,12.08,Fitbit App
2026-04-27T00:20:35Z,25.50,Fitbit App
2026-04-27T00:23:35Z,3.36,Fitbit App
2026-04-27T00:24:35Z,12.08,Fitbit App
2026-04-27T00:27:35Z,1.34,Fitbit App
2026-04-27T00:28:35Z,3.36,Fitbit App
2026-04-27T00:31:35Z,3.36,Fitbit App
2026-04-27T00:32:35Z,12.08,Fitbit App
2026-04-27T00:33:35Z,28.18,Fitbit App
2026-04-27T00:34:35Z,24.16,Fitbit App
2026-04-27T00:35:35Z,4.70,Fitbit App
2026-04-27T00:36:35Z,4.70,Fitbit App
2026-04-27T00:37:35Z,22.14,Fitbit App
2026-04-27T00:38:35Z,39.59,Fitbit App
2026-04-27T00:39:35Z,2.01,Fitbit App
2026-04-27T00:43:35Z,0.67,Fitbit App
2026-04-27T00:44:35Z,12.75,Fitbit App
2026-04-27T00:45:35Z,6.04,Fitbit App
2026-04-27T00:46:35Z,20.13,Fitbit App
2026-04-27T00:47:35Z,18.12,Fitbit App
2026-04-27T00:48:35Z,35.56,Fitbit App
2026-04-27T00:49:35Z,22.14,Fitbit App
2026-04-27T00:50:35Z,12.75,Fitbit App
2026-04-27T00:51:35Z,4.03,Fitbit App
2026-04-27T00:52:35Z,4.70,Fitbit App
2026-04-27T00:53:35Z,12.75,Fitbit App
2026-04-27T00:54:35Z,5.37,Fitbit App
2026-04-27T01:01:35Z,6.71,Fitbit App
2026-04-27T01:02:35Z,39.59,Fitbit App
2026-04-27T01:03:35Z,30.20,Fitbit App
2026-04-27T01:04:35Z,38.25,Fitbit App
2026-04-27T01:05:35Z,20.80,Fitbit App
2026-04-27T01:06:35Z,36.23,Fitbit App
2026-04-27T01:07:35Z,18.79,Fitbit App
2026-04-27T01:13:35Z,0.67,Fitbit App
2026-04-27T01:14:35Z,10.74,Fitbit App
2026-04-27T01:16:35Z,12.08,Fitbit App
2026-04-27T01:17:35Z,10.07,Fitbit App
2026-04-27T01:18:35Z,12.75,Fitbit App
2026-04-27T01:19:35Z,22.81,Fitbit App
2026-04-27T01:21:35Z,4.03,Fitbit App
2026-04-27T01:22:35Z,13.42,Fitbit App
2026-04-27T01:23:35Z,14.09,Fitbit App
2026-04-27T01:24:35Z,10.07,Fitbit App
2026-04-27T01:25:35Z,4.03,Fitbit App
2026-04-27T01:29:35Z,2.68,Fitbit App
2026-04-27T01:30:35Z,3.36,Fitbit App
2026-04-27T01:31:35Z,8.72,Fitbit App
2026-04-27T01:36:35Z,6.04,Fitbit App
2026-04-27T01:37:35Z,21.47,Fitbit App
2026-04-27T01:38:35Z,30.87,Fitbit App
2026-04-27T01:39:35Z,27.51,Fitbit App
2026-04-27T01:41:35Z,11.41,Fitbit App
2026-04-27T01:42:35Z,42.94,Fitbit App
2026-04-27T01:46:35Z,9.39,Fitbit App
2026-04-27T01:47:35Z,15.43,Fitbit App
2026-04-27T01:48:35Z,2.68,Fitbit App
2026-04-27T01:49:35Z,5.37,Fitbit App
2026-04-27T01:50:35Z,2.01,Fitbit App
2026-04-27T01:51:35Z,7.38,Fitbit App
2026-04-27T01:52:35Z,20.80,Fitbit App
2026-04-27T01:54:35Z,5.37,Fitbit App
2026-04-27T01:55:35Z,27.51,Fitbit App
2026-04-27T01:56:35Z,18.79,Fitbit App
2026-04-27T01:57:35Z,40.26,Fitbit App
2026-04-27T01:58:35Z,3.36,Fitbit App
2026-04-27T02:00:35Z,8.72,Fitbit App
2026-04-27T02:01:35Z,21.47,Fitbit App
2026-04-27T02:02:35Z,29.52,Fitbit App
2026-04-27T02:03:35Z,5.37,Fitbit App
2026-04-27T02:04:35Z,28.85,Fitbit App
2026-04-27T02:05:35Z,2.68,Fitbit App
2026-04-27T02:06:35Z,8.72,Fitbit App
2026-04-27T02:07:35Z,16.78,Fitbit App
2026-04-27T02:08:35Z,26.17,Fitbit App
2026-04-27T02:09:35Z,43.62,Fitbit App
2026-04-27T02:10:35Z,24.16,Fitbit App
2026-04-27T02:11:35Z,59.75,Fitbit App
2026-04-27T02:12:35Z,42.94,Fitbit App
2026-04-27T02:13:35Z,2.68,Fitbit App
2026-04-27T02:15:35Z,1.34,Fitbit App
2026-04-27T02:16:35Z,12.08,Fitbit App
2026-04-27T02:17:35Z,14.76,Fitbit App
2026-04-27T02:18:35Z,12.75,Fitbit App
2026-04-27T02:19:35Z,24.16,Fitbit App
2026-04-27T02:20:35Z,40.93,Fitbit App
2026-04-27T02:21:35Z,91.80,Fitbit App
2026-04-27T02:22:35Z,34.89,Fitbit App
2026-04-27T02:23:35Z,24.16,Fitbit App
2026-04-27T02:24:35Z,8.05,Fitbit App
2026-04-27T02:25:35Z,9.39,Fitbit App
2026-04-27T02:26:35Z,6.71,Fitbit App
2026-04-27T02:27:35Z,18.12,Fitbit App
2026-04-27T02:28:35Z,21.47,Fitbit App
2026-04-27T02:54:28Z,4.03,Fitbit App
2026-04-27T02:55:28Z,18.12,Fitbit App
2026-04-27T03:24:28Z,2.68,Fitbit App
2026-04-27T03:25:28Z,10.74,Fitbit App
2026-04-27T03:26:28Z,8.05,Fitbit App
2026-04-27T03:27:28Z,12.75,Fitbit App
2026-04-27T03:33:28Z,5.37,Fitbit App
2026-04-27T03:34:28Z,20.13,Fitbit App
2026-04-27T03:35:28Z,2.01,Fitbit App
2026-04-27T03:36:28Z,16.10,Fitbit App
2026-04-27T03:37:28Z,16.10,Fitbit App
2026-04-27T03:38:28Z,39.59,Fitbit App
2026-04-27T03:39:28Z,12.75,Fitbit App
2026-04-27T03:56:28Z,0.67,Fitbit App
2026-04-27T03:57:28Z,14.09,Fitbit App
2026-04-27T03:58:28Z,8.72,Fitbit App
2026-04-27T03:59:28Z,6.04,Fitbit App
2026-04-27T04:00:28Z,24.83,Fitbit App
2026-04-27T04:04:28Z,8.72,Fitbit App
2026-04-27T04:05:28Z,22.81,Fitbit App
2026-04-27T04:06:28Z,9.39,Fitbit App
2026-04-27T04:07:28Z,68.41,Fitbit App
2026-04-27T04:08:28Z,106.52,Fitbit App
2026-04-27T04:09:28Z,107.38,Fitbit App
2026-04-27T04:10:28Z,106.52,Fitbit App
2026-04-27T04:11:28Z,102.19,Fitbit App
2026-04-27T04:15:28Z,2.68,Fitbit App
2026-04-27T04:16:28Z,8.72,Fitbit App
2026-04-27T04:17:28Z,8.05,Fitbit App
2026-04-27T04:38:28Z,7.38,Fitbit App
2026-04-27T04:39:28Z,79.67,Fitbit App
2026-04-27T04:40:28Z,109.98,Fitbit App
2026-04-27T04:41:28Z,28.18,Fitbit App
2026-04-27T04:46:28Z,0.67,Fitbit App
2026-04-27T04:47:28Z,10.07,Fitbit App
2026-04-27T04:48:28Z,32.88,Fitbit App
2026-04-27T04:49:28Z,111.71,Fitbit App
2026-04-27T04:50:28Z,85.73,Fitbit App
2026-04-27T04:51:28Z,10.74,Fitbit App
2026-04-27T04:57:28Z,4.70,Fitbit App
2026-04-27T04:58:28Z,39.59,Fitbit App
2026-04-27T04:59:28Z,108.25,Fitbit App
2026-04-27T05:00:28Z,66.68,Fitbit App
2026-04-27T05:01:28Z,71.88,Fitbit App
2026-04-27T05:02:28Z,33.55,Fitbit App
2026-04-27T05:03:28Z,104.79,Fitbit App
2026-04-27T05:04:28Z,44.29,Fitbit App
2026-04-27T05:05:28Z,11.41,Fitbit App
2026-04-27T05:19:28Z,0.67,Fitbit App
2026-04-27T05:20:28Z,5.37,Fitbit App
2026-04-27T09:12:28Z,3.36,Fitbit App
2026-04-27T09:13:28Z,4.70,Fitbit App
2026-04-27T09:16:28Z,2.68,Fitbit App
2026-04-27T09:17:28Z,15.43,Fitbit App
2026-04-27T10:23:28Z,3.36,Fitbit App
2026-04-27T10:26:28Z,1.34,Fitbit App
2026-04-27T10:27:28Z,2.68,Fitbit App
2026-04-27T10:42:28Z,0.67,Fitbit App
2026-04-27T10:43:28Z,8.72,Fitbit App
2026-04-27T10:44:28Z,9.39,Fitbit App
2026-04-27T11:55:28Z,2.01,Fitbit App
2026-04-27T11:56:28Z,14.76,Fitbit App
2026-04-27T11:57:28Z,32.21,Fitbit App
2026-04-27T19:58:28Z,5.37,Fitbit App
2026-04-27T19:59:28Z,9.39,Fitbit App
2026-04-27T20:00:28Z,9.39,Fitbit App
2026-04-27T20:01:28Z,95.26,Fitbit App
2026-04-27T20:02:28Z,111.71,Fitbit App
2026-04-27T20:03:28Z,9.39,Fitbit App
2026-04-27T20:04:28Z,3.36,Fitbit App
2026-04-27T20:05:28Z,0.67,Fitbit App
2026-04-27T20:11:28Z,0.67,Fitbit App
2026-04-27T20:12:28Z,11.41,Fitbit App
2026-04-27T20:25:28Z,2.68,Fitbit App
2026-04-27T20:26:28Z,29.52,Fitbit App
2026-04-27T20:27:28Z,106.52,Fitbit App
2026-04-27T20:28:28Z,105.65,Fitbit App
2026-04-27T20:29:28Z,103.92,Fitbit App
2026-04-27T20:30:28Z,34.22,Fitbit App
2026-04-27T20:36:28Z,9.39,Fitbit App
2026-04-27T20:37:28Z,64.08,Fitbit App
2026-04-27T20:38:28Z,83.14,Fitbit App
2026-04-27T20:39:28Z,61.49,Fitbit App
2026-04-27T20:40:28Z,72.74,Fitbit App
2026-04-27T20:41:28Z,34.89,Fitbit App
2026-04-27T21:55:28Z,0.67,Fitbit App
2026-04-27T21:56:28Z,14.76,Fitbit App
2026-04-27T21:57:28Z,12.75,Fitbit App
2026-04-27T22:00:28Z,4.03,Fitbit App
2026-04-27T22:01:28Z,42.94,Fitbit App
2026-04-27T22:02:28Z,70.15,Fitbit App
2026-04-27T22:03:28Z,11.41,Fitbit App
2026-04-27T22:04:28Z,80.54,Fitbit App
2026-04-27T22:05:28Z,45.63,Fitbit App
2026-04-27T22:06:28Z,2.68,Fitbit App
2026-04-27T22:07:28Z,13.42,Fitbit App
2026-04-27T22:08:28Z,20.80,Fitbit App
2026-04-27T22:09:28Z,2.01,Fitbit App
2026-04-27T22:10:28Z,9.39,Fitbit App
2026-04-27T22:11:28Z,45.63,Fitbit App
2026-04-27T22:12:28Z,89.20,Fitbit App
2026-04-27T22:13:28Z,25.50,Fitbit App
2026-04-27T22:14:28Z,1.34,Fitbit App
2026-04-27T22:15:28Z,9.39,Fitbit App
2026-04-27T22:16:28Z,17.45,Fitbit App
2026-04-27T22:17:28Z,5.37,Fitbit App
2026-04-27T22:18:28Z,6.04,Fitbit App
2026-04-27T22:19:28Z,11.41,Fitbit App
2026-04-27T22:20:28Z,24.16,Fitbit App
2026-04-27T22:21:28Z,5.37,Fitbit App
2026-04-27T22:22:28Z,4.70,Fitbit App
2026-04-27T22:23:28Z,2.01,Fitbit App
2026-04-27T22:24:28Z,4.03,Fitbit App
2026-04-27T22:31:28Z,4.03,Fitbit App
2026-04-27T22:32:28Z,13.42,Fitbit App
2026-04-27T22:33:28Z,20.80,Fitbit App
2026-04-27T22:34:28Z,16.78,Fitbit App
2026-04-27T22:35:28Z,2.68,Fitbit App
2026-04-27T22:37:28Z,6.04,Fitbit App
2026-04-27T22:38:28Z,8.72,Fitbit App
2026-04-27T22:39:28Z,4.03,Fitbit App
2026-04-27T22:40:28Z,25.50,Fitbit App
2026-04-27T22:42:28Z,4.03,Fitbit App
2026-04-27T22:43:28Z,12.08,Fitbit App
2026-04-27T22:44:28Z,8.72,Fitbit App
2026-04-27T22:45:28Z,7.38,Fitbit App
2026-04-27T22:46:28Z,10.74,Fitbit App
2026-04-27T22:52:28Z,1.34,Fitbit App
2026-04-27T22:53:28Z,8.72,Fitbit App
2026-04-27T22:54:28Z,6.04,Fitbit App
2026-04-27T22:57:28Z,4.03,Fitbit App
2026-04-27T22:58:28Z,0.67,Fitbit App
2026-04-27T23:00:28Z,2.68,Fitbit App
2026-04-27T23:01:28Z,14.76,Fitbit App
2026-04-27T23:03:28Z,5.37,Fitbit App
2026-04-27T23:04:28Z,2.01,Fitbit App
2026-04-27T23:05:28Z,2.68,Fitbit App
2026-04-27T23:11:28Z,4.03,Fitbit App
2026-04-27T23:12:28Z,3.36,Fitbit App
2026-04-27T23:15:28Z,2.68,Fitbit App
2026-04-27T23:16:28Z,16.10,Fitbit App
2026-04-27T23:29:28Z,6.04,Fitbit App
2026-04-27T23:30:28Z,18.12,Fitbit App
2026-04-27T23:34:28Z,1.34,Fitbit App
2026-04-27T23:35:28Z,3.36,Fitbit App
2026-04-27T23:43:28Z,2.01,Fitbit App
2026-04-27T23:44:28Z,9.39,Fitbit App
2026-04-27T23:45:28Z,39.59,Fitbit App
2026-04-27T23:52:28Z,0.67,Fitbit App
2026-04-27T23:53:28Z,13.42,Fitbit App
2026-04-27T23:54:28Z,16.10,Fitbit App
2026-04-27T23:55:28Z,1.34,Fitbit App
2026-04-27T23:56:28Z,19.46,Fitbit App
2026-04-27T23:57:28Z,16.78,Fitbit App
2026-04-27T23:59:28Z,8.72,Fitbit App
2026-04-28T00:00:28Z,16.10,Fitbit App
2026-04-28T00:01:28Z,5.37,Fitbit App
2026-04-28T00:02:28Z,11.41,Fitbit App
2026-04-28T00:03:28Z,24.16,Fitbit App
2026-04-28T00:07:28Z,5.37,Fitbit App
2026-04-28T00:08:28Z,34.89,Fitbit App
2026-04-28T00:09:28Z,12.08,Fitbit App
2026-04-28T00:10:28Z,15.43,Fitbit App
2026-04-28T00:18:28Z,9.39,Fitbit App
2026-04-28T00:19:28Z,41.60,Fitbit App
2026-04-28T00:20:28Z,10.07,Fitbit App
2026-04-28T00:22:28Z,8.05,Fitbit App
2026-04-28T00:23:28Z,10.74,Fitbit App
2026-04-28T00:27:28Z,4.70,Fitbit App
2026-04-28T00:28:28Z,9.39,Fitbit App
2026-04-28T00:29:28Z,16.78,Fitbit App
2026-04-28T00:30:28Z,4.03,Fitbit App
2026-04-28T00:31:28Z,1.34,Fitbit App
2026-04-28T00:32:28Z,2.68,Fitbit App
2026-04-28T00:33:28Z,14.76,Fitbit App
2026-04-28T00:34:28Z,25.50,Fitbit App
2026-04-28T00:35:28Z,25.50,Fitbit App
2026-04-28T00:39:28Z,4.03,Fitbit App
2026-04-28T00:40:28Z,22.81,Fitbit App
2026-04-28T00:41:28Z,8.72,Fitbit App
2026-04-28T00:42:28Z,21.47,Fitbit App
2026-04-28T00:43:28Z,0.67,Fitbit App
2026-04-28T00:46:28Z,4.03,Fitbit App
2026-04-28T00:47:28Z,20.80,Fitbit App
2026-04-28T00:50:28Z,7.38,Fitbit App
2026-04-28T00:51:28Z,12.08,Fitbit App
2026-04-28T00:52:28Z,10.74,Fitbit App
2026-04-28T00:53:28Z,36.91,Fitbit App
2026-04-28T00:54:28Z,10.74,Fitbit App
2026-04-28T00:55:28Z,20.80,Fitbit App
2026-04-28T00:57:28Z,4.03,Fitbit App
2026-04-28T00:58:28Z,16.78,Fitbit App
2026-04-28T00:59:28Z,24.16,Fitbit App
2026-04-28T01:06:28Z,4.70,Fitbit App
2026-04-28T01:07:28Z,24.16,Fitbit App
2026-04-28T01:08:28Z,20.80,Fitbit App
2026-04-28T01:09:28Z,0.67,Fitbit App
2026-04-28T01:10:28Z,9.39,Fitbit App
2026-04-28T01:11:28Z,0.67,Fitbit App
2026-04-28T01:12:28Z,11.41,Fitbit App
2026-04-28T01:13:28Z,36.23,Fitbit App
2026-04-28T01:14:28Z,16.78,Fitbit App
2026-04-28T01:18:28Z,8.05,Fitbit App
2026-04-28T01:19:28Z,2.01,Fitbit App
2026-04-28T01:20:28Z,6.04,Fitbit App
2026-04-28T01:21:28Z,36.91,Fitbit App
2026-04-28T01:27:28Z,8.72,Fitbit App
2026-04-28T01:28:28Z,4.03,Fitbit App
2026-04-28T01:29:28Z,21.47,Fitbit App
2026-04-28T01:31:28Z,2.68,Fitbit App
2026-04-28T01:32:28Z,19.46,Fitbit App
2026-04-28T01:33:28Z,27.51,Fitbit App
2026-04-28T01:34:28Z,2.68,Fitbit App
2026-04-28T01:37:28Z,4.70,Fitbit App
2026-04-28T01:38:28Z,24.16,Fitbit App
2026-04-28T01:41:28Z,3.36,Fitbit App
2026-04-28T01:42:28Z,2.01,Fitbit App
2026-04-28T01:43:28Z,11.41,Fitbit App
2026-04-28T01:44:28Z,16.10,Fitbit App
2026-04-28T01:45:28Z,5.37,Fitbit App
2026-04-28T01:46:28Z,20.13,Fitbit App
2026-04-28T01:52:28Z,2.01,Fitbit App
2026-04-28T01:53:28Z,18.79,Fitbit App
2026-04-28T01:54:28Z,15.43,Fitbit App
2026-04-28T01:55:28Z,14.09,Fitbit App
2026-04-28T01:56:28Z,22.14,Fitbit App
2026-04-28T01:57:28Z,8.72,Fitbit App
2026-04-28T01:58:28Z,18.79,Fitbit App
2026-04-28T01:59:28Z,32.21,Fitbit App
2026-04-28T02:00:28Z,22.14,Fitbit App
2026-04-28T02:01:28Z,28.18,Fitbit App
2026-04-28T02:03:28Z,7.38,Fitbit App
2026-04-28T02:04:28Z,4.70,Fitbit App
2026-04-28T02:06:28Z,4.70,Fitbit App
2026-04-28T02:07:28Z,28.18,Fitbit App
2026-04-28T02:08:28Z,34.89,Fitbit App
2026-04-28T02:09:28Z,81.40,Fitbit App
2026-04-28T02:10:28Z,41.60,Fitbit App
2026-04-28T02:11:28Z,11.41,Fitbit App
2026-04-28T02:12:28Z,31.54,Fitbit App
2026-04-28T02:13:28Z,31.54,Fitbit App
2026-04-28T02:14:28Z,19.46,Fitbit App
2026-04-28T02:15:28Z,28.85,Fitbit App
2026-04-28T02:16:28Z,30.20,Fitbit App
2026-04-28T02:17:28Z,11.41,Fitbit App
2026-04-28T02:18:28Z,43.62,Fitbit App
2026-04-28T02:19:28Z,10.07,Fitbit App
2026-04-28T02:20:28Z,16.78,Fitbit App
2026-04-28T02:21:28Z,16.78,Fitbit App
2026-04-28T02:26:06Z,3.36,Fitbit App
2026-04-28T02:27:06Z,9.39,Fitbit App
2026-04-28T02:28:06Z,9.39,Fitbit App
2026-04-28T02:29:06Z,28.18,Fitbit App
2026-04-28T02:50:06Z,2.68,Fitbit App
2026-04-28T02:51:06Z,22.14,Fitbit App
2026-04-28T02:52:06Z,23.49,Fitbit App
2026-04-28T02:53:06Z,16.78,Fitbit App
2026-04-28T02:54:06Z,17.45,Fitbit App
2026-04-28T02:55:06Z,14.09,Fitbit App
2026-04-28T02:56:06Z,28.85,Fitbit App
2026-04-28T02:57:06Z,6.04,Fitbit App
2026-04-28T03:02:06Z,3.36,Fitbit App
2026-04-28T03:03:06Z,9.39,Fitbit App
2026-04-28T03:04:06Z,8.72,Fitbit App
2026-04-28T03:06:06Z,0.67,Fitbit App
2026-04-28T03:07:06Z,10.07,Fitbit App
2026-04-28T03:09:06Z,2.68,Fitbit App
2026-04-28T03:10:06Z,31.54,Fitbit App
2026-04-28T03:11:06Z,13.42,Fitbit App
2026-04-28T03:12:06Z,5.37,Fitbit App
2026-04-28T03:13:06Z,4.70,Fitbit App
2026-04-28T03:14:06Z,13.42,Fitbit App
2026-04-28T03:16:06Z,4.03,Fitbit App
2026-04-28T03:17:06Z,2.01,Fitbit App
2026-04-28T03:18:06Z,4.03,Fitbit App
2026-04-28T03:19:06Z,1.34,Fitbit App
2026-04-28T03:20:06Z,3.36,Fitbit App
2026-04-28T03:21:06Z,35.56,Fitbit App
2026-04-28T03:22:06Z,11.41,Fitbit App
2026-04-28T03:23:06Z,59.75,Fitbit App
2026-04-28T03:24:06Z,19.46,Fitbit App
2026-04-28T03:32:38Z,1.34,Fitbit App
2026-04-28T03:33:38Z,15.43,Fitbit App
2026-04-28T03:34:38Z,21.47,Fitbit App
2026-04-28T03:35:38Z,21.47,Fitbit App
2026-04-28T03:36:38Z,20.13,Fitbit App
2026-04-28T03:37:38Z,25.50,Fitbit App
2026-04-28T03:38:38Z,12.08,Fitbit App
2026-04-28T03:39:38Z,103.05,Fitbit App
2026-04-28T03:40:38Z,41.60,Fitbit App
2026-04-28T03:41:38Z,67.55,Fitbit App
2026-04-28T03:42:38Z,28.85,Fitbit App
2026-04-28T03:43:38Z,12.08,Fitbit App
2026-04-28T03:48:38Z,5.37,Fitbit App
2026-04-28T03:49:38Z,11.41,Fitbit App
2026-04-28T03:50:38Z,37.58,Fitbit App
2026-04-28T03:51:38Z,4.70,Fitbit App
2026-04-28T03:59:38Z,3.36,Fitbit App
2026-04-28T04:00:38Z,37.58,Fitbit App
2026-04-28T04:01:38Z,26.17,Fitbit App
2026-04-28T04:02:38Z,6.71,Fitbit App
2026-04-28T04:03:38Z,36.91,Fitbit App
2026-04-28T04:04:38Z,35.56,Fitbit App
2026-04-28T04:05:38Z,28.85,Fitbit App
2026-04-28T04:06:38Z,22.14,Fitbit App
2026-04-28T04:07:38Z,22.14,Fitbit App
2026-04-28T04:08:38Z,13.42,Fitbit App
2026-04-28T04:12:38Z,2.01,Fitbit App
2026-04-28T04:13:38Z,14.09,Fitbit App
2026-04-28T04:14:38Z,13.42,Fitbit App
2026-04-28T04:15:38Z,62.35,Fitbit App
2026-04-28T04:16:38Z,36.23,Fitbit App
2026-04-28T04:17:38Z,79.67,Fitbit App
2026-04-28T04:18:38Z,109.12,Fitbit App
2026-04-28T04:19:38Z,105.65,Fitbit App
2026-04-28T04:20:38Z,107.38,Fitbit App
2026-04-28T04:21:38Z,39.59,Fitbit App
2026-04-28T04:22:38Z,2.68,Fitbit App
2026-04-28T04:23:38Z,12.75,Fitbit App
2026-04-28T04:31:38Z,2.68,Fitbit App
2026-04-28T04:32:38Z,6.04,Fitbit App
2026-04-28T04:47:38Z,5.37,Fitbit App
2026-04-28T04:48:38Z,44.29,Fitbit App
2026-04-28T04:49:38Z,96.99,Fitbit App
2026-04-28T04:50:38Z,64.08,Fitbit App
2026-04-28T04:51:38Z,24.16,Fitbit App
2026-04-28T04:52:38Z,2.68,Fitbit App
2026-04-28T04:56:38Z,4.03,Fitbit App
2026-04-28T04:57:38Z,1.34,Fitbit App
2026-04-28T05:04:38Z,3.36,Fitbit App
2026-04-28T05:05:38Z,3.36,Fitbit App
2026-04-28T05:09:38Z,4.03,Fitbit App
2026-04-28T05:10:38Z,32.88,Fitbit App
2026-04-28T05:11:38Z,28.85,Fitbit App
2026-04-28T05:12:38Z,7.38,Fitbit App
2026-04-28T05:13:38Z,34.22,Fitbit App
2026-04-28T05:14:38Z,17.45,Fitbit App
2026-04-28T05:15:38Z,96.13,Fitbit App
2026-04-28T05:16:38Z,96.13,Fitbit App
2026-04-28T05:17:38Z,44.29,Fitbit App
2026-04-28T05:19:38Z,4.70,Fitbit App
2026-04-28T05:20:38Z,69.28,Fitbit App
2026-04-28T05:21:38Z,109.12,Fitbit App
2026-04-28T05:22:38Z,105.65,Fitbit App
2026-04-28T05:23:38Z,64.08,Fitbit App
2026-04-28T05:24:38Z,103.05,Fitbit App
2026-04-28T05:25:38Z,33.55,Fitbit App
2026-04-28T05:26:38Z,9.39,Fitbit App
2026-04-28T05:33:38Z,0.67,Fitbit App
2026-04-28T05:34:38Z,5.37,Fitbit App
2026-04-28T05:35:38Z,3.36,Fitbit App
2026-04-28T05:36:38Z,0.67,Fitbit App
2026-04-28T05:37:38Z,4.03,Fitbit App
2026-04-28T05:38:38Z,5.37,Fitbit App
2026-04-28T07:13:38Z,1.34,Fitbit App
2026-04-28T07:14:38Z,2.68,Fitbit App
2026-04-28T08:01:38Z,3.36,Fitbit App
2026-04-28T08:02:38Z,6.71,Fitbit App
2026-04-28T10:47:38Z,3.36,Fitbit App
2026-04-28T10:48:38Z,3.36,Fitbit App
2026-04-28T11:09:38Z,1.34,Fitbit App
2026-04-28T11:10:38Z,2.68,Fitbit App
2026-04-28T13:16:38Z,2.68,Fitbit App
2026-04-28T13:17:38Z,16.78,Fitbit App
2026-04-28T13:18:38Z,6.71,Fitbit App
2026-04-28T13:19:38Z,28.18,Fitbit App
2026-04-28T13:20:38Z,26.17,Fitbit App
2026-04-28T13:21:38Z,8.05,Fitbit App
2026-04-28T13:31:38Z,2.01,Fitbit App
2026-04-28T13:32:38Z,7.38,Fitbit App
2026-04-28T13:33:38Z,10.74,Fitbit App
2026-04-28T13:34:38Z,8.72,Fitbit App
2026-04-28T19:58:38Z,6.71,Fitbit App
2026-04-28T19:59:38Z,24.83,Fitbit App
2026-04-28T20:00:38Z,30.87,Fitbit App
2026-04-28T20:01:38Z,106.52,Fitbit App
2026-04-28T20:02:38Z,85.73,Fitbit App
2026-04-28T20:03:38Z,12.08,Fitbit App
2026-04-28T20:13:38Z,4.70,Fitbit App
2026-04-28T20:14:38Z,5.37,Fitbit App
2026-04-28T20:28:38Z,5.37,Fitbit App
2026-04-28T20:29:38Z,62.35,Fitbit App
2026-04-28T20:30:38Z,103.92,Fitbit App
2026-04-28T20:31:38Z,102.19,Fitbit App
2026-04-28T20:32:38Z,98.72,Fitbit App
2026-04-28T20:33:38Z,27.51,Fitbit App
2026-04-28T20:34:38Z,4.70,Fitbit App
2026-04-28T20:35:38Z,19.46,Fitbit App
2026-04-28T20:38:38Z,0.67,Fitbit App
2026-04-28T20:39:38Z,15.43,Fitbit App
2026-04-28T20:40:38Z,42.27,Fitbit App
2026-04-28T20:41:38Z,29.52,Fitbit App
2026-04-28T20:42:38Z,3.36,Fitbit App
2026-04-28T20:44:38Z,1.34,Fitbit App
2026-04-28T20:45:38Z,12.75,Fitbit App
2026-04-28T20:46:38Z,20.13,Fitbit App
2026-04-28T20:47:38Z,44.96,Fitbit App
2026-04-28T20:48:38Z,10.07,Fitbit App
2026-04-28T20:49:38Z,7.38,Fitbit App
2026-04-28T20:51:38Z,7.38,Fitbit App
2026-04-28T20:52:38Z,10.07,Fitbit App
2026-04-28T20:54:38Z,3.36,Fitbit App
2026-04-28T20:55:38Z,9.39,Fitbit App
2026-04-28T20:56:38Z,9.39,Fitbit App
2026-04-28T20:59:38Z,6.04,Fitbit App
2026-04-28T21:00:38Z,26.17,Fitbit App
2026-04-28T21:02:38Z,1.34,Fitbit App
2026-04-28T21:03:38Z,13.42,Fitbit App
2026-04-28T21:04:38Z,23.49,Fitbit App
2026-04-28T21:05:38Z,27.51,Fitbit App
2026-04-28T21:06:38Z,30.87,Fitbit App
2026-04-28T21:07:38Z,42.94,Fitbit App
2026-04-28T21:08:38Z,24.83,Fitbit App
2026-04-28T21:09:38Z,10.74,Fitbit App
2026-04-28T21:10:38Z,20.13,Fitbit App
2026-04-28T21:11:38Z,12.08,Fitbit App
2026-04-28T21:12:38Z,9.39,Fitbit App
2026-04-28T21:13:38Z,7.38,Fitbit App
2026-04-28T21:14:38Z,30.87,Fitbit App
2026-04-28T21:15:38Z,12.75,Fitbit App
2026-04-28T21:16:38Z,24.16,Fitbit App
2026-04-28T21:17:38Z,9.39,Fitbit App
2026-04-28T21:18:38Z,22.81,Fitbit App
2026-04-28T21:19:38Z,35.56,Fitbit App
2026-04-28T21:20:38Z,90.06,Fitbit App
2026-04-28T21:21:38Z,60.62,Fitbit App
2026-04-28T21:26:38Z,6.71,Fitbit App
2026-04-28T21:27:38Z,20.80,Fitbit App
2026-04-28T21:28:38Z,34.89,Fitbit App
2026-04-28T21:29:38Z,26.84,Fitbit App
2026-04-28T21:30:38Z,16.78,Fitbit App
2026-04-28T21:31:38Z,13.42,Fitbit App
2026-04-28T21:32:38Z,38.92,Fitbit App
2026-04-28T21:33:38Z,13.42,Fitbit App
2026-04-28T21:34:38Z,6.04,Fitbit App
2026-04-28T21:35:38Z,11.41,Fitbit App
2026-04-28T21:36:38Z,10.74,Fitbit App
2026-04-28T21:37:38Z,8.05,Fitbit App
2026-04-28T21:38:38Z,20.13,Fitbit App
2026-04-28T21:39:38Z,6.71,Fitbit App
2026-04-28T21:40:38Z,22.14,Fitbit App
2026-04-28T21:41:38Z,4.03,Fitbit App
2026-04-28T21:42:38Z,14.09,Fitbit App
2026-04-28T21:43:38Z,1.34,Fitbit App
2026-04-28T21:44:38Z,9.39,Fitbit App
2026-04-28T21:45:38Z,31.54,Fitbit App
2026-04-28T21:46:38Z,12.08,Fitbit App
2026-04-28T21:47:38Z,12.75,Fitbit App
2026-04-28T21:48:38Z,12.08,Fitbit App
2026-04-28T21:49:38Z,10.74,Fitbit App
2026-04-28T21:50:38Z,39.59,Fitbit App
2026-04-28T21:51:38Z,92.66,Fitbit App
2026-04-28T21:52:38Z,69.28,Fitbit App
2026-04-28T21:53:38Z,30.87,Fitbit App
2026-04-28T21:54:38Z,22.14,Fitbit App
2026-04-28T21:55:38Z,22.14,Fitbit App
2026-04-28T21:56:38Z,26.84,Fitbit App
2026-04-28T21:57:38Z,40.93,Fitbit App
2026-04-28T21:58:38Z,26.84,Fitbit App
2026-04-28T21:59:38Z,9.39,Fitbit App
2026-04-28T22:00:38Z,14.09,Fitbit App
2026-04-28T22:01:38Z,9.39,Fitbit App
2026-04-28T22:02:38Z,2.01,Fitbit App
2026-04-28T22:05:38Z,2.68,Fitbit App
2026-04-28T22:06:38Z,2.01,Fitbit App
2026-04-28T22:13:38Z,4.03,Fitbit App
2026-04-28T22:14:38Z,30.87,Fitbit App
2026-04-28T22:23:38Z,6.04,Fitbit App
2026-04-28T22:24:38Z,11.41,Fitbit App
2026-04-28T22:33:38Z,4.70,Fitbit App
2026-04-28T22:34:38Z,6.71,Fitbit App
2026-04-28T22:36:38Z,1.34,Fitbit App
2026-04-28T22:37:38Z,16.78,Fitbit App
2026-04-28T22:38:38Z,15.43,Fitbit App
2026-04-28T22:39:38Z,8.72,Fitbit App
2026-04-28T22:40:38Z,1.34,Fitbit App
2026-04-28T22:41:38Z,3.36,Fitbit App
2026-04-28T22:42:38Z,16.10,Fitbit App
2026-04-28T22:43:38Z,2.01,Fitbit App
2026-04-28T22:50:38Z,4.70,Fitbit App
2026-04-28T22:51:38Z,11.41,Fitbit App
2026-04-28T22:52:38Z,15.43,Fitbit App
2026-04-28T22:53:38Z,8.72,Fitbit App
2026-04-28T23:05:38Z,2.68,Fitbit App
2026-04-28T23:06:38Z,12.75,Fitbit App
2026-04-28T23:07:38Z,24.83,Fitbit App
2026-04-28T23:08:38Z,14.76,Fitbit App
2026-04-28T23:09:38Z,2.68,Fitbit App
2026-04-28T23:10:38Z,6.04,Fitbit App
2026-04-28T23:11:38Z,78.81,Fitbit App
2026-04-28T23:12:38Z,21.47,Fitbit App
2026-04-28T23:13:38Z,0.67,Fitbit App
2026-04-28T23:29:38Z,9.39,Fitbit App
2026-04-28T23:30:38Z,4.03,Fitbit App
2026-04-28T23:34:38Z,2.01,Fitbit App
2026-04-28T23:35:38Z,2.68,Fitbit App
2026-04-28T23:36:38Z,4.03,Fitbit App
2026-04-28T23:37:38Z,5.37,Fitbit App
2026-04-28T23:38:38Z,1.34,Fitbit App
2026-04-28T23:39:38Z,8.72,Fitbit App
2026-04-28T23:40:38Z,4.70,Fitbit App
2026-04-28T23:41:38Z,12.08,Fitbit App
2026-04-28T23:42:38Z,7.38,Fitbit App
2026-04-28T23:52:38Z,4.70,Fitbit App
2026-04-28T23:53:38Z,20.80,Fitbit App
2026-04-28T23:54:38Z,6.71,Fitbit App
2026-04-28T23:55:38Z,16.78,Fitbit App
2026-04-28T23:56:38Z,0.67,Fitbit App
2026-04-28T23:59:38Z,8.72,Fitbit App
2026-04-29T00:00:38Z,2.68,Fitbit App
2026-04-29T00:01:38Z,8.72,Fitbit App
2026-04-29T00:02:38Z,28.18,Fitbit App
2026-04-29T00:03:38Z,9.39,Fitbit App
2026-04-29T00:12:38Z,8.05,Fitbit App
2026-04-29T00:13:38Z,4.03,Fitbit App
2026-04-29T00:14:38Z,0.67,Fitbit App
2026-04-29T00:15:38Z,6.71,Fitbit App
2026-04-29T00:25:38Z,4.70,Fitbit App
2026-04-29T00:26:38Z,11.41,Fitbit App
2026-04-29T00:27:38Z,43.62,Fitbit App
2026-04-29T00:28:38Z,9.39,Fitbit App
2026-04-29T00:29:38Z,26.17,Fitbit App
2026-04-29T00:30:17Z,6.71,Fitbit App
2026-04-29T00:33:17Z,8.05,Fitbit App
2026-04-29T00:34:17Z,12.08,Fitbit App
2026-04-29T00:49:17Z,4.70,Fitbit App
2026-04-29T00:50:17Z,21.47,Fitbit App
2026-04-29T00:51:17Z,12.08,Fitbit App
2026-04-29T00:54:17Z,1.34,Fitbit App
2026-04-29T00:55:17Z,3.36,Fitbit App
2026-04-29T00:58:17Z,5.37,Fitbit App
2026-04-29T00:59:17Z,6.04,Fitbit App
2026-04-29T01:01:17Z,1.34,Fitbit App
2026-04-29T01:02:17Z,10.74,Fitbit App
2026-04-29T01:03:17Z,10.07,Fitbit App
2026-04-29T01:04:17Z,18.79,Fitbit App
2026-04-29T01:05:17Z,13.42,Fitbit App
2026-04-29T01:06:17Z,19.46,Fitbit App
2026-04-29T01:07:17Z,6.04,Fitbit App
2026-04-29T01:09:17Z,5.37,Fitbit App
2026-04-29T01:10:17Z,34.89,Fitbit App
2026-04-29T01:11:17Z,27.51,Fitbit App
2026-04-29T01:14:17Z,8.72,Fitbit App
2026-04-29T01:15:17Z,11.41,Fitbit App
2026-04-29T01:16:17Z,10.74,Fitbit App
2026-04-29T01:17:17Z,36.91,Fitbit App
2026-04-29T01:18:17Z,16.10,Fitbit App
2026-04-29T01:19:17Z,14.76,Fitbit App
2026-04-29T01:20:17Z,0.67,Fitbit App
2026-04-29T01:21:17Z,1.34,Fitbit App
2026-04-29T01:22:17Z,4.03,Fitbit App
2026-04-29T01:28:17Z,0.67,Fitbit App
2026-04-29T01:29:17Z,6.71,Fitbit App
2026-04-29T01:30:17Z,35.56,Fitbit App
2026-04-29T01:32:17Z,8.72,Fitbit App
2026-04-29T01:33:17Z,16.10,Fitbit App
2026-04-29T01:34:24Z,21.47,Fitbit App
2026-04-29T01:35:24Z,4.70,Fitbit App
2026-04-29T01:36:24Z,4.70,Fitbit App
2026-04-29T01:38:24Z,0.67,Fitbit App
2026-04-29T01:39:24Z,5.37,Fitbit App
2026-04-29T01:40:24Z,13.42,Fitbit App
2026-04-29T01:44:24Z,9.39,Fitbit App
2026-04-29T01:45:24Z,22.14,Fitbit App
2026-04-29T01:49:24Z,7.38,Fitbit App
2026-04-29T01:50:24Z,11.41,Fitbit App
2026-04-29T01:51:24Z,8.72,Fitbit App
2026-04-29T01:53:24Z,0.67,Fitbit App
2026-04-29T01:54:24Z,8.05,Fitbit App
2026-04-29T01:55:24Z,23.49,Fitbit App
2026-04-29T01:56:24Z,23.49,Fitbit App
2026-04-29T01:57:24Z,16.78,Fitbit App
2026-04-29T01:58:24Z,8.72,Fitbit App
2026-04-29T01:59:24Z,28.18,Fitbit App
2026-04-29T02:02:24Z,11.41,Fitbit App
2026-04-29T02:03:24Z,30.87,Fitbit App
2026-04-29T02:04:24Z,40.93,Fitbit App
2026-04-29T02:05:24Z,9.39,Fitbit App
2026-04-29T02:06:24Z,30.20,Fitbit App
2026-04-29T02:07:24Z,45.63,Fitbit App
2026-04-29T02:08:24Z,30.87,Fitbit App
2026-04-29T02:09:24Z,9.39,Fitbit App
2026-04-29T02:11:24Z,9.39,Fitbit App
2026-04-29T02:12:24Z,33.55,Fitbit App
2026-04-29T02:13:24Z,34.89,Fitbit App
2026-04-29T02:14:24Z,8.72,Fitbit App
2026-04-29T02:17:24Z,2.68,Fitbit App
2026-04-29T02:18:24Z,11.41,Fitbit App
2026-04-29T02:19:24Z,5.37,Fitbit App
2026-04-29T02:20:24Z,22.14,Fitbit App
2026-04-29T02:21:24Z,12.08,Fitbit App
2026-04-29T02:52:24Z,8.72,Fitbit App
2026-04-29T02:53:24Z,62.35,Fitbit App
2026-04-29T02:54:24Z,22.81,Fitbit App
2026-04-29T02:55:24Z,8.72,Fitbit App
2026-04-29T02:56:24Z,2.01,Fitbit App
2026-04-29T02:57:24Z,18.12,Fitbit App
2026-04-29T02:59:24Z,12.75,Fitbit App
2026-04-29T03:00:24Z,14.76,Fitbit App
2026-04-29T03:01:24Z,2.01,Fitbit App
2026-04-29T03:02:24Z,10.07,Fitbit App
2026-04-29T03:03:24Z,1.34,Fitbit App
2026-04-29T03:04:24Z,14.76,Fitbit App
2026-04-29T03:05:24Z,2.68,Fitbit App
2026-04-29T03:06:24Z,18.79,Fitbit App
2026-04-29T03:07:24Z,24.83,Fitbit App
2026-04-29T03:08:24Z,38.25,Fitbit App
2026-04-29T03:12:24Z,6.04,Fitbit App
2026-04-29T03:13:24Z,5.37,Fitbit App
2026-04-29T03:14:24Z,6.04,Fitbit App
2026-04-29T03:16:24Z,5.37,Fitbit App
2026-04-29T03:17:24Z,6.04,Fitbit App
2026-04-29T03:18:24Z,14.76,Fitbit App
2026-04-29T03:19:24Z,25.50,Fitbit App
2026-04-29T03:20:24Z,20.13,Fitbit App
2026-04-29T03:21:24Z,40.26,Fitbit App
2026-04-29T03:27:24Z,3.36,Fitbit App
2026-04-29T03:28:24Z,12.75,Fitbit App
2026-04-29T03:29:24Z,19.46,Fitbit App
2026-04-29T03:30:24Z,34.22,Fitbit App
2026-04-29T03:35:24Z,4.70,Fitbit App
2026-04-29T03:36:24Z,8.72,Fitbit App
2026-04-29T03:37:24Z,14.09,Fitbit App
2026-04-29T03:38:24Z,25.50,Fitbit App
2026-04-29T03:39:24Z,31.54,Fitbit App
2026-04-29T03:40:24Z,37.58,Fitbit App
2026-04-29T03:41:24Z,10.07,Fitbit App
2026-04-29T03:42:24Z,10.74,Fitbit App
2026-04-29T03:43:24Z,42.27,Fitbit App
2026-04-29T03:44:24Z,80.54,Fitbit App
2026-04-29T03:45:24Z,5.37,Fitbit App
2026-04-29T03:46:24Z,38.92,Fitbit App
2026-04-29T03:51:24Z,2.01,Fitbit App
2026-04-29T03:52:24Z,24.83,Fitbit App
2026-04-29T03:53:24Z,42.94,Fitbit App
2026-04-29T03:54:24Z,34.22,Fitbit App
2026-04-29T03:55:24Z,10.74,Fitbit App
2026-04-29T03:57:24Z,2.68,Fitbit App
2026-04-29T03:58:24Z,2.01,Fitbit App
2026-04-29T03:59:24Z,4.70,Fitbit App
2026-04-29T04:00:24Z,7.38,Fitbit App
2026-04-29T04:05:24Z,5.37,Fitbit App
2026-04-29T04:06:24Z,4.70,Fitbit App
2026-04-29T04:08:24Z,3.36,Fitbit App
2026-04-29T04:09:24Z,10.74,Fitbit App
2026-04-29T04:10:24Z,10.74,Fitbit App
2026-04-29T04:12:24Z,9.39,Fitbit App
2026-04-29T04:13:24Z,0.67,Fitbit App
2026-04-29T04:15:24Z,8.72,Fitbit App
2026-04-29T04:16:24Z,38.25,Fitbit App
2026-04-29T04:17:24Z,21.47,Fitbit App
2026-04-29T04:18:24Z,1.34,Fitbit App
2026-04-29T04:23:24Z,8.72,Fitbit App
2026-04-29T04:24:24Z,24.16,Fitbit App
2026-04-29T04:25:24Z,28.18,Fitbit App
2026-04-29T04:26:24Z,17.45,Fitbit App
2026-04-29T04:27:24Z,17.45,Fitbit App
2026-04-29T04:28:24Z,16.78,Fitbit App
2026-04-29T04:29:24Z,9.39,Fitbit App
2026-04-29T04:30:24Z,64.08,Fitbit App
2026-04-29T04:31:24Z,16.10,Fitbit App
2026-04-29T04:32:24Z,9.39,Fitbit App
2026-04-29T04:33:24Z,26.84,Fitbit App
2026-04-29T04:34:24Z,17.45,Fitbit App
2026-04-29T04:35:24Z,16.10,Fitbit App
2026-04-29T04:36:24Z,108.25,Fitbit App
2026-04-29T04:37:24Z,110.85,Fitbit App
2026-04-29T04:38:24Z,107.38,Fitbit App
2026-04-29T04:39:24Z,103.92,Fitbit App
2026-04-29T04:40:24Z,36.91,Fitbit App
2026-04-29T04:41:24Z,6.71,Fitbit App
2026-04-29T04:42:24Z,6.04,Fitbit App
2026-04-29T04:55:24Z,10.74,Fitbit App
2026-04-29T04:56:24Z,0.67,Fitbit App
2026-04-29T05:28:24Z,6.71,Fitbit App
2026-04-29T05:29:24Z,65.82,Fitbit App
2026-04-29T05:30:24Z,96.13,Fitbit App
2026-04-29T05:31:24Z,18.12,Fitbit App
2026-04-29T06:26:24Z,2.68,Fitbit App
2026-04-29T06:27:24Z,12.75,Fitbit App
2026-04-29T06:33:24Z,0.67,Fitbit App
2026-04-29T06:34:24Z,11.41,Fitbit App
2026-04-29T06:35:24Z,8.05,Fitbit App
2026-04-29T07:39:24Z,0.67,Fitbit App
2026-04-29T07:40:24Z,4.03,Fitbit App
2026-04-29T07:54:24Z,4.70,Fitbit App
2026-04-29T07:55:24Z,1.34,Fitbit App
2026-04-29T08:40:24Z,5.37,Fitbit App
2026-04-29T08:41:24Z,2.68,Fitbit App
2026-04-29T12:27:24Z,2.68,Fitbit App
2026-04-29T12:28:24Z,2.68,Fitbit App
2026-04-29T19:49:24Z,1.34,Fitbit App
2026-04-29T19:50:24Z,3.36,Fitbit App
2026-04-29T19:56:24Z,1.34,Fitbit App
2026-04-29T19:57:24Z,12.75,Fitbit App
2026-04-29T19:58:24Z,28.18,Fitbit App
2026-04-29T19:59:24Z,13.42,Fitbit App
2026-04-29T20:00:24Z,103.92,Fitbit App
2026-04-29T20:01:24Z,105.65,Fitbit App
2026-04-29T20:02:24Z,6.04,Fitbit App
2026-04-29T20:03:24Z,0.67,Fitbit App
2026-04-29T20:04:24Z,12.08,Fitbit App
2026-04-29T20:05:24Z,0.67,Fitbit App
2026-04-29T20:12:24Z,4.70,Fitbit App
2026-04-29T20:13:24Z,6.04,Fitbit App
2026-04-29T20:29:24Z,10.07,Fitbit App
2026-04-29T20:30:24Z,95.26,Fitbit App
2026-04-29T20:31:24Z,105.65,Fitbit App
2026-04-29T20:32:24Z,103.92,Fitbit App
2026-04-29T20:33:24Z,43.62,Fitbit App
2026-04-29T20:34:24Z,4.03,Fitbit App
2026-04-29T20:35:24Z,10.07,Fitbit App
2026-04-29T20:36:24Z,17.45,Fitbit App
2026-04-29T20:37:24Z,17.45,Fitbit App
2026-04-29T20:38:24Z,44.29,Fitbit App
2026-04-29T20:39:24Z,36.91,Fitbit App
2026-04-29T20:40:24Z,10.74,Fitbit App
2026-04-29T20:41:24Z,6.71,Fitbit App
2026-04-29T20:42:24Z,27.51,Fitbit App
2026-04-29T20:43:24Z,6.71,Fitbit App
2026-04-29T20:44:24Z,8.05,Fitbit App
2026-04-29T20:47:24Z,4.03,Fitbit App
2026-04-29T20:48:24Z,16.78,Fitbit App
2026-04-29T20:49:24Z,8.72,Fitbit App
2026-04-29T20:50:24Z,5.37,Fitbit App
2026-04-29T20:51:24Z,1.34,Fitbit App
2026-04-29T20:53:24Z,4.03,Fitbit App
2026-04-29T20:54:24Z,9.39,Fitbit App
2026-04-29T20:56:24Z,7.38,Fitbit App
2026-04-29T20:57:24Z,14.76,Fitbit App
2026-04-29T20:58:24Z,30.20,Fitbit App
2026-04-29T20:59:24Z,1.34,Fitbit App
2026-04-29T21:00:24Z,15.43,Fitbit App
2026-04-29T21:01:24Z,3.36,Fitbit App
2026-04-29T21:02:24Z,26.17,Fitbit App
2026-04-29T21:03:24Z,15.43,Fitbit App
2026-04-29T21:04:24Z,32.21,Fitbit App
2026-04-29T21:05:24Z,35.56,Fitbit App
2026-04-29T21:06:24Z,3.36,Fitbit App
2026-04-29T21:08:24Z,6.04,Fitbit App
2026-04-29T21:09:24Z,20.13,Fitbit App
2026-04-29T21:10:24Z,2.68,Fitbit App
2026-04-29T21:11:24Z,20.13,Fitbit App
2026-04-29T21:12:24Z,27.51,Fitbit App
2026-04-29T21:13:24Z,6.04,Fitbit App
2026-04-29T21:14:24Z,24.83,Fitbit App
2026-04-29T21:15:24Z,90.93,Fitbit App
2026-04-29T21:16:24Z,18.79,Fitbit App
2026-04-29T21:19:24Z,0.67,Fitbit App
2026-04-29T21:20:24Z,14.76,Fitbit App
2026-04-29T21:21:24Z,42.27,Fitbit App
2026-04-29T21:22:24Z,22.81,Fitbit App
2026-04-29T21:23:24Z,18.12,Fitbit App
2026-04-29T21:24:24Z,12.08,Fitbit App
2026-04-29T21:25:24Z,2.68,Fitbit App
2026-04-29T21:26:24Z,8.72,Fitbit App
2026-04-29T21:27:24Z,0.67,Fitbit App
2026-04-29T21:28:24Z,4.70,Fitbit App
2026-04-29T21:29:24Z,19.46,Fitbit App
2026-04-29T21:30:24Z,10.74,Fitbit App
2026-04-29T21:34:24Z,8.05,Fitbit App
2026-04-29T21:35:24Z,14.09,Fitbit App
2026-04-29T21:36:24Z,0.67,Fitbit App
2026-04-29T21:37:24Z,8.72,Fitbit App
2026-04-29T21:38:24Z,22.14,Fitbit App
2026-04-29T21:39:24Z,6.04,Fitbit App
2026-04-29T21:40:24Z,8.05,Fitbit App
2026-04-29T21:57:24Z,5.37,Fitbit App
2026-04-29T21:58:24Z,8.05,Fitbit App
2026-04-29T22:00:24Z,10.07,Fitbit App
2026-04-29T22:01:24Z,28.18,Fitbit App
2026-04-29T22:02:24Z,12.08,Fitbit App
2026-04-29T22:03:24Z,13.42,Fitbit App
2026-04-29T22:04:24Z,37.58,Fitbit App
2026-04-29T22:05:24Z,9.39,Fitbit App
2026-04-29T22:08:24Z,1.34,Fitbit App
2026-04-29T22:09:24Z,14.76,Fitbit App
2026-04-29T22:10:24Z,75.34,Fitbit App
2026-04-29T22:11:24Z,72.74,Fitbit App
2026-04-29T22:12:24Z,38.92,Fitbit App
2026-04-29T22:16:24Z,5.37,Fitbit App
2026-04-29T22:17:24Z,18.79,Fitbit App
2026-04-29T22:18:24Z,10.74,Fitbit App
2026-04-29T22:22:24Z,4.03,Fitbit App
2026-04-29T22:23:24Z,10.07,Fitbit App
2026-04-29T22:24:24Z,20.13,Fitbit App
2026-04-29T22:28:24Z,1.34,Fitbit App
2026-04-29T22:29:24Z,18.12,Fitbit App
2026-04-29T22:30:24Z,100.46,Fitbit App
2026-04-29T22:31:24Z,44.29,Fitbit App
2026-04-29T22:33:24Z,2.01,Fitbit App
2026-04-29T22:34:24Z,7.38,Fitbit App
2026-04-29T22:35:24Z,6.71,Fitbit App
2026-04-29T22:36:24Z,22.14,Fitbit App
2026-04-29T22:37:24Z,34.22,Fitbit App
2026-04-29T22:38:24Z,10.07,Fitbit App
2026-04-29T22:40:24Z,8.72,Fitbit App
2026-04-29T22:41:24Z,6.04,Fitbit App
2026-04-29T22:49:24Z,1.34,Fitbit App
2026-04-29T22:50:24Z,16.78,Fitbit App
2026-04-29T22:51:24Z,17.45,Fitbit App
2026-04-29T23:01:24Z,9.39,Fitbit App
2026-04-29T23:02:24Z,2.01,Fitbit App
2026-04-29T23:03:24Z,3.36,Fitbit App
2026-04-29T23:04:24Z,12.75,Fitbit App
2026-04-29T23:05:24Z,8.72,Fitbit App
2026-04-29T23:06:24Z,3.36,Fitbit App
2026-04-29T23:07:24Z,3.36,Fitbit App
2026-04-29T23:09:24Z,1.34,Fitbit App
2026-04-29T23:10:24Z,8.05,Fitbit App
2026-04-29T23:19:24Z,2.68,Fitbit App
2026-04-29T23:20:24Z,12.75,Fitbit App
2026-04-29T23:21:24Z,10.07,Fitbit App
2026-04-29T23:22:24Z,8.05,Fitbit App
2026-04-29T23:30:24Z,3.36,Fitbit App
2026-04-29T23:31:24Z,10.07,Fitbit App
2026-04-29T23:33:24Z,6.04,Fitbit App
2026-04-29T23:34:24Z,5.37,Fitbit App
2026-04-29T23:35:24Z,1.34,Fitbit App
2026-04-29T23:36:24Z,13.42,Fitbit App
2026-04-29T23:37:24Z,13.42,Fitbit App
2026-04-29T23:39:24Z,8.72,Fitbit App
2026-04-29T23:40:24Z,6.04,Fitbit App
2026-04-29T23:41:24Z,3.36,Fitbit App
2026-04-29T23:44:24Z,2.01,Fitbit App
2026-04-29T23:45:24Z,5.37,Fitbit App
2026-04-29T23:46:24Z,18.79,Fitbit App
2026-04-29T23:48:24Z,4.70,Fitbit App
2026-04-29T23:54:24Z,3.36,Fitbit App
2026-04-29T23:55:24Z,7.38,Fitbit App
2026-04-30T00:05:24Z,2.01,Fitbit App
2026-04-30T00:06:24Z,4.70,Fitbit App
2026-04-30T00:07:24Z,0.67,Fitbit App
2026-04-30T00:08:24Z,8.72,Fitbit App
2026-04-30T00:09:24Z,43.62,Fitbit App
2026-04-30T00:10:24Z,68.41,Fitbit App
2026-04-30T00:11:24Z,3.36,Fitbit App
2026-04-30T00:12:24Z,41.60,Fitbit App
2026-04-30T00:13:24Z,28.18,Fitbit App
2026-04-30T00:14:24Z,74.48,Fitbit App
2026-04-30T00:15:24Z,98.72,Fitbit App
2026-04-30T00:16:24Z,15.43,Fitbit App
2026-04-30T00:17:24Z,8.72,Fitbit App
2026-04-30T00:18:24Z,8.72,Fitbit App
2026-04-30T00:19:24Z,13.42,Fitbit App
2026-04-30T00:20:24Z,9.39,Fitbit App
2026-04-30T00:22:24Z,6.04,Fitbit App
2026-04-30T00:23:24Z,17.45,Fitbit App
2026-04-30T00:24:24Z,9.39,Fitbit App
2026-04-30T00:25:24Z,9.39,Fitbit App
2026-04-30T00:26:24Z,23.49,Fitbit App
2026-04-30T00:27:24Z,4.03,Fitbit App
2026-04-30T00:37:24Z,5.37,Fitbit App
2026-04-30T00:38:24Z,22.14,Fitbit App
2026-04-30T00:39:24Z,23.49,Fitbit App
2026-04-30T00:41:24Z,4.70,Fitbit App
2026-04-30T00:42:24Z,18.79,Fitbit App
2026-04-30T00:43:24Z,13.42,Fitbit App
2026-04-30T00:44:24Z,13.42,Fitbit App
2026-04-30T00:45:24Z,8.05,Fitbit App
2026-04-30T00:46:24Z,21.47,Fitbit App
2026-04-30T00:47:24Z,7.38,Fitbit App
2026-04-30T00:48:12Z,18.79,Fitbit App
2026-04-30T00:49:12Z,12.08,Fitbit App
2026-04-30T01:01:12Z,2.01,Fitbit App
2026-04-30T01:02:12Z,18.79,Fitbit App
2026-04-30T01:03:12Z,23.49,Fitbit App
2026-04-30T01:05:12Z,4.70,Fitbit App
2026-04-30T01:06:12Z,10.07,Fitbit App
2026-04-30T01:15:12Z,5.37,Fitbit App
2026-04-30T01:16:12Z,12.75,Fitbit App
2026-04-30T01:17:12Z,5.37,Fitbit App
2026-04-30T01:20:12Z,10.74,Fitbit App
2026-04-30T01:21:12Z,8.72,Fitbit App
2026-04-30T01:22:12Z,34.89,Fitbit App
2026-04-30T01:23:12Z,2.68,Fitbit App
2026-04-30T01:25:12Z,10.74,Fitbit App
2026-04-30T01:26:12Z,10.74,Fitbit App
2026-04-30T01:33:12Z,6.71,Fitbit App
2026-04-30T01:34:12Z,16.10,Fitbit App
2026-04-30T01:37:12Z,2.68,Fitbit App
2026-04-30T01:38:12Z,8.72,Fitbit App
2026-04-30T01:39:12Z,5.37,Fitbit App
2026-04-30T01:40:12Z,3.36,Fitbit App
2026-04-30T01:41:12Z,16.78,Fitbit App
2026-04-30T01:42:12Z,12.08,Fitbit App
2026-04-30T01:44:12Z,1.34,Fitbit App
2026-04-30T01:45:12Z,3.36,Fitbit App
2026-04-30T01:50:12Z,4.03,Fitbit App
2026-04-30T01:51:12Z,3.36,Fitbit App
2026-04-30T01:52:12Z,24.16,Fitbit App
2026-04-30T01:53:12Z,0.67,Fitbit App
2026-04-30T01:54:12Z,6.71,Fitbit App
2026-04-30T01:55:12Z,2.68,Fitbit App
2026-04-30T01:56:12Z,19.46,Fitbit App
2026-04-30T01:57:12Z,4.03,Fitbit App
2026-04-30T01:59:12Z,5.37,Fitbit App
2026-04-30T02:00:12Z,30.87,Fitbit App
2026-04-30T02:01:12Z,23.49,Fitbit App
2026-04-30T02:02:12Z,10.07,Fitbit App
2026-04-30T02:03:12Z,35.56,Fitbit App
2026-04-30T02:04:12Z,2.68,Fitbit App
2026-04-30T02:05:12Z,24.16,Fitbit App
2026-04-30T02:06:12Z,26.17,Fitbit App
2026-04-30T02:07:12Z,30.87,Fitbit App
2026-04-30T02:08:12Z,6.04,Fitbit App
2026-04-30T02:09:12Z,8.72,Fitbit App
2026-04-30T02:10:12Z,35.56,Fitbit App
2026-04-30T02:11:12Z,34.22,Fitbit App
2026-04-30T02:12:12Z,42.27,Fitbit App
2026-04-30T02:13:12Z,64.95,Fitbit App
2026-04-30T02:14:12Z,30.87,Fitbit App
2026-04-30T02:15:12Z,23.49,Fitbit App
2026-04-30T02:16:12Z,4.03,Fitbit App
2026-04-30T02:17:12Z,15.43,Fitbit App
2026-04-30T02:18:12Z,12.08,Fitbit App
2026-04-30T02:19:12Z,19.46,Fitbit App
2026-04-30T02:20:12Z,20.80,Fitbit App
2026-04-30T02:22:12Z,9.39,Fitbit App
2026-04-30T02:23:12Z,20.80,Fitbit App
2026-04-30T02:24:12Z,28.85,Fitbit App
2026-04-30T02:25:12Z,34.89,Fitbit App
2026-04-30T02:26:12Z,9.39,Fitbit App
2026-04-30T02:27:12Z,24.16,Fitbit App
2026-04-30T02:28:12Z,16.10,Fitbit App
2026-04-30T02:29:12Z,11.41,Fitbit App
2026-04-30T02:49:12Z,3.36,Fitbit App
2026-04-30T02:50:12Z,8.72,Fitbit App
2026-04-30T02:51:12Z,16.10,Fitbit App
2026-04-30T02:53:12Z,4.70,Fitbit App
2026-04-30T02:54:12Z,25.50,Fitbit App
2026-04-30T02:55:12Z,12.08,Fitbit App
2026-04-30T02:56:12Z,10.07,Fitbit App
2026-04-30T02:57:12Z,24.83,Fitbit App
2026-04-30T03:02:12Z,5.37,Fitbit App
2026-04-30T03:03:12Z,10.74,Fitbit App
2026-04-30T03:04:12Z,20.13,Fitbit App
2026-04-30T03:05:12Z,6.71,Fitbit App
2026-04-30T03:06:12Z,28.85,Fitbit App
2026-04-30T03:07:12Z,2.68,Fitbit App
2026-04-30T03:10:12Z,4.03,Fitbit App
2026-04-30T03:11:12Z,2.68,Fitbit App
2026-04-30T03:13:12Z,2.01,Fitbit App
2026-04-30T03:14:12Z,2.68,Fitbit App
2026-04-30T03:15:12Z,3.36,Fitbit App
2026-04-30T03:16:12Z,15.43,Fitbit App
2026-04-30T03:18:12Z,0.67,Fitbit App
2026-04-30T03:19:12Z,5.37,Fitbit App
2026-04-30T03:20:12Z,0.67,Fitbit App
2026-04-30T03:21:12Z,4.70,Fitbit App
2026-04-30T03:23:12Z,7.38,Fitbit App
2026-04-30T03:24:12Z,2.01,Fitbit App
2026-04-30T03:25:12Z,4.70,Fitbit App
2026-04-30T03:26:12Z,6.71,Fitbit App
2026-04-30T03:30:12Z,4.70,Fitbit App
2026-04-30T03:31:12Z,8.05,Fitbit App
2026-04-30T03:32:12Z,36.23,Fitbit App
2026-04-30T03:33:12Z,77.07,Fitbit App
2026-04-30T03:35:12Z,2.68,Fitbit App
2026-04-30T03:36:12Z,16.10,Fitbit App
2026-04-30T03:37:12Z,10.07,Fitbit App
2026-04-30T03:38:12Z,42.94,Fitbit App
2026-04-30T03:39:12Z,34.89,Fitbit App
2026-04-30T03:40:12Z,5.37,Fitbit App
2026-04-30T03:42:12Z,12.75,Fitbit App
2026-04-30T03:43:12Z,102.19,Fitbit App
2026-04-30T03:44:12Z,30.20,Fitbit App
2026-04-30T03:48:12Z,3.36,Fitbit App
2026-04-30T03:49:12Z,10.07,Fitbit App
2026-04-30T03:50:12Z,32.88,Fitbit App
2026-04-30T03:51:12Z,10.74,Fitbit App
2026-04-30T03:58:12Z,4.70,Fitbit App
2026-04-30T03:59:12Z,7.38,Fitbit App
2026-04-30T04:01:12Z,5.37,Fitbit App
2026-04-30T04:02:12Z,24.83,Fitbit App
2026-04-30T04:04:12Z,6.04,Fitbit App
2026-04-30T04:05:12Z,25.50,Fitbit App
2026-04-30T04:06:12Z,12.75,Fitbit App
2026-04-30T04:09:12Z,2.01,Fitbit App
2026-04-30T04:10:12Z,16.10,Fitbit App
2026-04-30T04:11:12Z,34.89,Fitbit App
2026-04-30T04:12:12Z,94.39,Fitbit App
2026-04-30T04:13:12Z,97.86,Fitbit App
2026-04-30T04:14:12Z,108.25,Fitbit App
2026-04-30T04:15:12Z,107.38,Fitbit App
2026-04-30T04:16:12Z,23.49,Fitbit App
2026-04-30T04:17:12Z,11.41,Fitbit App
2026-04-30T04:48:12Z,4.70,Fitbit App
2026-04-30T04:49:12Z,42.94,Fitbit App
2026-04-30T04:50:12Z,100.46,Fitbit App
2026-04-30T04:51:12Z,28.85,Fitbit App
2026-04-30T04:52:12Z,6.04,Fitbit App
2026-04-30T05:18:12Z,2.68,Fitbit App
2026-04-30T05:19:12Z,4.03,Fitbit App
2026-04-30T06:01:12Z,1.34,Fitbit App
2026-04-30T06:02:12Z,3.36,Fitbit App
2026-04-30T06:24:12Z,4.70,Fitbit App
2026-04-30T06:25:12Z,0.67,Fitbit App
2026-04-30T06:40:12Z,4.70,Fitbit App
2026-04-30T06:41:12Z,0.67,Fitbit App
2026-04-30T06:45:12Z,2.01,Fitbit App
2026-04-30T06:46:12Z,3.36,Fitbit App
2026-04-30T07:03:12Z,1.34,Fitbit App
2026-04-30T07:04:12Z,14.76,Fitbit App
2026-04-30T07:05:12Z,14.09,Fitbit App
2026-04-30T07:12:12Z,3.36,Fitbit App
2026-04-30T07:13:12Z,8.05,Fitbit App
2026-04-30T07:14:12Z,1.34,Fitbit App
2026-04-30T07:15:12Z,10.74,Fitbit App
2026-04-30T08:22:12Z,0.67,Fitbit App
2026-04-30T08:23:12Z,6.71,Fitbit App
2026-04-30T08:24:12Z,2.01,Fitbit App
2026-04-30T08:53:12Z,2.01,Fitbit App
2026-04-30T08:54:12Z,6.04,Fitbit App
2026-04-30T09:43:12Z,2.01,Fitbit App
2026-04-30T09:44:12Z,26.84,Fitbit App
2026-04-30T09:45:12Z,3.36,Fitbit App
2026-04-30T09:46:12Z,2.68,Fitbit App
2026-04-30T09:47:12Z,14.76,Fitbit App
2026-04-30T09:48:12Z,16.78,Fitbit App
2026-04-30T09:49:12Z,8.72,Fitbit App
2026-04-30T09:50:12Z,4.70,Fitbit App
2026-04-30T10:15:12Z,1.34,Fitbit App
2026-04-30T10:16:12Z,4.70,Fitbit App
2026-04-30T11:17:12Z,6.04,Fitbit App
2026-04-30T12:23:12Z,0.67,Fitbit App
2026-04-30T12:24:12Z,6.71,Fitbit App
2026-04-30T12:25:12Z,3.36,Fitbit App
2026-04-30T20:12:12Z,10.74,Fitbit App
2026-04-30T20:13:12Z,20.13,Fitbit App
2026-04-30T20:14:12Z,20.13,Fitbit App
2026-04-30T20:15:12Z,20.13,Fitbit App
2026-04-30T20:16:12Z,20.13,Fitbit App
2026-04-30T20:17:12Z,20.13,Fitbit App
2026-04-30T20:18:12Z,20.13,Fitbit App
2026-04-30T20:19:12Z,20.13,Fitbit App
2026-04-30T20:20:12Z,20.13,Fitbit App
2026-04-30T20:21:12Z,20.13,Fitbit App
2026-04-30T20:22:12Z,20.13,Fitbit App
2026-04-30T20:23:12Z,20.13,Fitbit App
2026-04-30T20:24:12Z,20.13,Fitbit App
2026-04-30T20:25:12Z,20.13,Fitbit App
2026-04-30T20:26:12Z,20.13,Fitbit App
2026-04-30T20:27:12Z,20.13,Fitbit App
2026-04-30T20:28:12Z,20.13,Fitbit App
2026-04-30T20:29:12Z,20.13,Fitbit App
2026-04-30T20:30:12Z,20.13,Fitbit App
2026-04-30T20:31:12Z,20.13,Fitbit App
2026-04-30T20:32:12Z,20.13,Fitbit App
2026-04-30T20:33:12Z,20.13,Fitbit App
2026-04-30T20:34:12Z,20.13,Fitbit App
2026-04-30T20:35:12Z,20.13,Fitbit App
2026-04-30T20:36:12Z,20.13,Fitbit App
2026-04-30T20:37:12Z,20.13,Fitbit App
2026-04-30T20:38:12Z,12.08,Fitbit App
2026-04-30T20:39:12Z,8.05,Fitbit App
2026-04-30T20:40:12Z,22.81,Fitbit App
2026-04-30T20:41:12Z,2.68,Fitbit App
2026-04-30T20:43:12Z,3.36,Fitbit App
2026-04-30T20:44:12Z,39.59,Fitbit App
2026-04-30T20:45:12Z,19.46,Fitbit App
2026-04-30T20:46:12Z,0.67,Fitbit App
2026-04-30T20:47:12Z,11.41,Fitbit App
2026-04-30T20:48:12Z,30.87,Fitbit App
2026-04-30T20:49:12Z,12.75,Fitbit App
2026-04-30T20:50:12Z,33.55,Fitbit App
2026-04-30T20:51:12Z,10.07,Fitbit App
2026-04-30T20:52:12Z,4.70,Fitbit App
2026-04-30T20:53:12Z,8.05,Fitbit App
2026-04-30T20:54:12Z,3.36,Fitbit App
2026-04-30T20:55:12Z,3.36,Fitbit App
2026-04-30T20:56:12Z,6.71,Fitbit App
2026-04-30T20:57:12Z,21.47,Fitbit App
2026-04-30T21:02:12Z,10.74,Fitbit App
2026-04-30T21:03:12Z,14.76,Fitbit App
2026-04-30T21:04:12Z,0.67,Fitbit App
2026-04-30T21:05:12Z,9.39,Fitbit App
2026-04-30T21:06:12Z,27.51,Fitbit App
2026-04-30T21:07:12Z,14.76,Fitbit App
2026-04-30T21:08:12Z,8.72,Fitbit App
2026-04-30T21:09:12Z,24.83,Fitbit App
2026-04-30T21:10:12Z,6.71,Fitbit App
2026-04-30T21:12:12Z,4.70,Fitbit App
2026-04-30T21:13:12Z,10.07,Fitbit App
2026-04-30T21:14:12Z,4.03,Fitbit App
2026-04-30T21:15:12Z,38.25,Fitbit App
2026-04-30T21:18:12Z,4.03,Fitbit App
2026-04-30T21:19:12Z,18.79,Fitbit App
2026-04-30T21:20:12Z,28.18,Fitbit App
2026-04-30T21:23:12Z,9.39,Fitbit App
2026-04-30T21:24:12Z,8.05,Fitbit App
2026-04-30T21:25:12Z,10.07,Fitbit App
2026-04-30T21:26:12Z,23.49,Fitbit App
2026-04-30T21:27:12Z,20.13,Fitbit App
2026-04-30T21:30:12Z,6.04,Fitbit App
2026-04-30T21:31:12Z,10.74,Fitbit App
2026-04-30T21:32:12Z,27.51,Fitbit App
2026-04-30T21:33:12Z,10.07,Fitbit App
2026-04-30T21:34:12Z,9.39,Fitbit App
2026-04-30T21:35:12Z,14.76,Fitbit App
2026-04-30T21:36:12Z,11.41,Fitbit App
2026-04-30T21:37:12Z,16.10,Fitbit App
2026-04-30T21:38:12Z,36.91,Fitbit App
2026-04-30T21:39:12Z,12.08,Fitbit App
2026-04-30T21:40:12Z,3.36,Fitbit App
2026-04-30T21:41:12Z,6.04,Fitbit App
2026-04-30T21:42:12Z,20.80,Fitbit App
2026-04-30T21:43:12Z,18.79,Fitbit App
2026-04-30T21:44:12Z,30.20,Fitbit App
2026-04-30T21:45:12Z,5.37,Fitbit App
2026-04-30T21:46:12Z,22.14,Fitbit App
2026-04-30T21:47:12Z,35.56,Fitbit App
2026-04-30T21:48:12Z,74.48,Fitbit App
2026-04-30T21:49:12Z,81.40,Fitbit App
2026-04-30T21:50:12Z,31.54,Fitbit App
2026-04-30T21:51:12Z,6.04,Fitbit App
2026-04-30T21:52:12Z,42.27,Fitbit App
2026-04-30T21:53:12Z,16.78,Fitbit App
2026-04-30T21:54:12Z,10.74,Fitbit App
2026-04-30T21:56:12Z,4.70,Fitbit App
2026-04-30T21:57:12Z,17.45,Fitbit App
2026-04-30T21:58:12Z,22.14,Fitbit App
2026-04-30T22:00:12Z,7.38,Fitbit App
2026-04-30T22:01:12Z,11.41,Fitbit App
2026-04-30T22:02:12Z,28.18,Fitbit App
2026-04-30T22:03:12Z,4.70,Fitbit App
2026-04-30T22:04:12Z,16.10,Fitbit App
2026-04-30T22:06:12Z,5.37,Fitbit App
2026-04-30T22:07:12Z,41.60,Fitbit App
2026-04-30T22:08:12Z,28.18,Fitbit App
2026-04-30T22:09:12Z,42.94,Fitbit App
2026-04-30T22:10:12Z,77.94,Fitbit App
2026-04-30T22:11:12Z,36.91,Fitbit App
2026-04-30T22:12:12Z,70.15,Fitbit App
2026-04-30T22:13:12Z,89.20,Fitbit App
2026-04-30T22:14:12Z,64.95,Fitbit App
2026-04-30T22:15:12Z,1.34,Fitbit App
2026-04-30T22:16:12Z,17.45,Fitbit App
2026-04-30T22:17:12Z,4.70,Fitbit App
2026-04-30T22:20:12Z,4.70,Fitbit App
2026-04-30T22:21:12Z,10.74,Fitbit App
2026-04-30T22:22:12Z,24.83,Fitbit App
2026-04-30T22:23:12Z,5.37,Fitbit App
2026-04-30T22:24:12Z,12.75,Fitbit App
2026-04-30T22:25:12Z,9.39,Fitbit App
2026-04-30T22:26:12Z,6.71,Fitbit App
2026-04-30T22:29:12Z,6.71,Fitbit App
2026-04-30T22:30:12Z,4.03,Fitbit App
2026-04-30T22:37:12Z,3.36,Fitbit App
2026-04-30T22:38:12Z,10.07,Fitbit App
2026-04-30T22:39:12Z,2.01,Fitbit App
2026-04-30T22:40:12Z,4.70,Fitbit App
2026-04-30T22:41:12Z,25.50,Fitbit App
2026-04-30T22:42:12Z,25.50,Fitbit App
2026-04-30T22:43:12Z,13.42,Fitbit App
2026-04-30T23:11:12Z,1.34,Fitbit App
2026-04-30T23:12:12Z,20.13,Fitbit App
2026-04-30T23:13:12Z,14.76,Fitbit App
2026-04-30T23:14:12Z,34.89,Fitbit App
2026-04-30T23:15:12Z,8.05,Fitbit App
2026-04-30T23:21:12Z,10.07,Fitbit App
2026-04-30T23:22:12Z,5.37,Fitbit App
2026-04-30T23:37:12Z,4.03,Fitbit App
2026-04-30T23:38:12Z,21.47,Fitbit App
2026-04-30T23:39:12Z,11.41,Fitbit App
2026-04-30T23:40:12Z,6.04,Fitbit App
2026-04-30T23:41:12Z,11.41,Fitbit App
2026-04-30T23:42:12Z,3.36,Fitbit App
2026-04-30T23:43:12Z,19.46,Fitbit App
2026-04-30T23:44:12Z,22.81,Fitbit App
2026-04-30T23:45:48Z,20.80,Fitbit App
2026-04-30T23:46:48Z,12.75,Fitbit App
